# photband: HST_WFC3_F606W
# source: SVO Filter Profile Service
# svo_id: HST/WFC3_UVIS1.F606W
# detector_type: 1
# response_type: photon
# components: Filter + CCD + Instrument
# profile_reference: https://www.stsci.edu/hst/instrumentation/wfc3/performance/throughputs
# wavelength_unit: Angstrom
# columns: wavelength transmission
4.5780000000e+03 5.8932200000e-05
4.5790000000e+03 6.2086000000e-05
4.5800000000e+03 6.5240100000e-05
4.5810000000e+03 6.8394600000e-05
4.5812836910e+03 6.9289600000e-05
4.5820000000e+03 7.2357200000e-05
4.5830000000e+03 7.6640200000e-05
4.5840000000e+03 8.0923800000e-05
4.5850000000e+03 8.5207900000e-05
4.5860000000e+03 8.9500100000e-05
4.5870000000e+03 9.3785600000e-05
4.5880000000e+03 9.8071700000e-05
4.5890000000e+03 1.0235800000e-04
4.5900000000e+03 1.0664500000e-04
4.5910000000e+03 1.1093300000e-04
4.5912861330e+03 1.1216000000e-04
4.5920000000e+03 1.1272900000e-04
4.5930000000e+03 1.1353600000e-04
4.5940000000e+03 1.1433400000e-04
4.5950000000e+03 1.1513200000e-04
4.5960000000e+03 1.1592900000e-04
4.5970000000e+03 1.1672700000e-04
4.5980000000e+03 1.1752500000e-04
4.5990000000e+03 1.1832300000e-04
4.6000000000e+03 1.1913200000e-04
4.6010000000e+03 1.1993000000e-04
4.6012885740e+03 1.2016100000e-04
4.6020000000e+03 1.2032400000e-04
4.6030000000e+03 1.2055400000e-04
4.6040000000e+03 1.2078400000e-04
4.6050000000e+03 1.2101400000e-04
4.6060000000e+03 1.2124400000e-04
4.6070000000e+03 1.2147400000e-04
4.6080000000e+03 1.2171500000e-04
4.6090000000e+03 1.2194500000e-04
4.6100000000e+03 1.2217500000e-04
4.6110000000e+03 1.2240500000e-04
4.6112915040e+03 1.2247200000e-04
4.6120000000e+03 1.2332500000e-04
4.6130000000e+03 1.2453000000e-04
4.6140000000e+03 1.2573400000e-04
4.6150000000e+03 1.2694900000e-04
4.6160000000e+03 1.2815400000e-04
4.6170000000e+03 1.2935800000e-04
4.6180000000e+03 1.3056300000e-04
4.6190000000e+03 1.3176800000e-04
4.6200000000e+03 1.3297300000e-04
4.6210000000e+03 1.3417900000e-04
4.6212939450e+03 1.3453300000e-04
4.6220000000e+03 1.3779500000e-04
4.6230000000e+03 1.4242800000e-04
4.6240000000e+03 1.4705000000e-04
4.6250000000e+03 1.5167200000e-04
4.6260000000e+03 1.5629500000e-04
4.6270000000e+03 1.6091900000e-04
4.6280000000e+03 1.6554300000e-04
4.6290000000e+03 1.7016700000e-04
4.6300000000e+03 1.7479300000e-04
4.6310000000e+03 1.7943000000e-04
4.6312968750e+03 1.8080200000e-04
4.6320000000e+03 1.9122100000e-04
4.6330000000e+03 2.0604100000e-04
4.6340000000e+03 2.2086200000e-04
4.6350000000e+03 2.3568400000e-04
4.6360000000e+03 2.5050700000e-04
4.6370000000e+03 2.6533200000e-04
4.6380000000e+03 2.8015700000e-04
4.6390000000e+03 2.9500900000e-04
4.6400000000e+03 3.0983800000e-04
4.6410000000e+03 3.2466900000e-04
4.6412993160e+03 3.2910800000e-04
4.6420000000e+03 3.4903000000e-04
4.6430000000e+03 3.7746400000e-04
4.6440000000e+03 4.0590100000e-04
4.6450000000e+03 4.3434000000e-04
4.6460000000e+03 4.6278100000e-04
4.6470000000e+03 4.9126600000e-04
4.6480000000e+03 5.1971400000e-04
4.6490000000e+03 5.4816500000e-04
4.6500000000e+03 5.7661700000e-04
4.6510000000e+03 6.0507200000e-04
4.6513017580e+03 6.1365900000e-04
4.6520000000e+03 6.3055500000e-04
4.6530000000e+03 6.5475500000e-04
4.6540000000e+03 6.7901500000e-04
4.6550000000e+03 7.0322100000e-04
4.6560000000e+03 7.2742900000e-04
4.6570000000e+03 7.5163900000e-04
4.6580000000e+03 7.7585100000e-04
4.6590000000e+03 8.0006400000e-04
4.6600000000e+03 8.2428000000e-04
4.6610000000e+03 8.4849700000e-04
4.6613046880e+03 8.5587600000e-04
4.6620000000e+03 8.6929600000e-04
4.6630000000e+03 8.8867400000e-04
4.6640000000e+03 9.0797800000e-04
4.6650000000e+03 9.2728500000e-04
4.6660000000e+03 9.4659200000e-04
4.6670000000e+03 9.6590200000e-04
4.6680000000e+03 9.8521300000e-04
4.6690000000e+03 1.0045200000e-03
4.6700000000e+03 1.0238400000e-03
4.6710000000e+03 1.0432400000e-03
4.6713071290e+03 1.0491800000e-03
4.6720000000e+03 1.0755400000e-03
4.6730000000e+03 1.1135800000e-03
4.6740000000e+03 1.1516300000e-03
4.6750000000e+03 1.1896900000e-03
4.6760000000e+03 1.2277400000e-03
4.6770000000e+03 1.2658000000e-03
4.6780000000e+03 1.3038600000e-03
4.6790000000e+03 1.3420400000e-03
4.6800000000e+03 1.3801100000e-03
4.6810000000e+03 1.4181900000e-03
4.6813100590e+03 1.4299900000e-03
4.6820000000e+03 1.4812800000e-03
4.6830000000e+03 1.5556200000e-03
4.6840000000e+03 1.6299700000e-03
4.6850000000e+03 1.7043300000e-03
4.6860000000e+03 1.7786900000e-03
4.6870000000e+03 1.8532100000e-03
4.6880000000e+03 1.9275900000e-03
4.6890000000e+03 2.0019700000e-03
4.6900000000e+03 2.0763600000e-03
4.6910000000e+03 2.1507500000e-03
4.6913125000e+03 2.1740000000e-03
4.6920000000e+03 2.2356700000e-03
4.6930000000e+03 2.3253700000e-03
4.6940000000e+03 2.4150900000e-03
4.6950000000e+03 2.5048000000e-03
4.6960000000e+03 2.5947500000e-03
4.6970000000e+03 2.6844900000e-03
4.6980000000e+03 2.7742300000e-03
4.6990000000e+03 2.8639900000e-03
4.7000000000e+03 2.9537500000e-03
4.7010000000e+03 3.0435100000e-03
4.7013154300e+03 3.0718300000e-03
4.7020000000e+03 3.1217000000e-03
4.7030000000e+03 3.1945400000e-03
4.7040000000e+03 3.2676700000e-03
4.7050000000e+03 3.3405300000e-03
4.7060000000e+03 3.4134000000e-03
4.7070000000e+03 3.4862800000e-03
4.7080000000e+03 3.5591600000e-03
4.7090000000e+03 3.6320400000e-03
4.7100000000e+03 3.7049300000e-03
4.7110000000e+03 3.7778300000e-03
4.7113178710e+03 3.8010000000e-03
4.7120000000e+03 3.8802500000e-03
4.7130000000e+03 3.9967800000e-03
4.7140000000e+03 4.1129800000e-03
4.7150000000e+03 4.2292000000e-03
4.7160000000e+03 4.3454200000e-03
4.7170000000e+03 4.4616600000e-03
4.7180000000e+03 4.5779000000e-03
4.7190000000e+03 4.6941500000e-03
4.7200000000e+03 4.8104100000e-03
4.7210000000e+03 4.9266800000e-03
4.7213203120e+03 4.9640600000e-03
4.7220000000e+03 5.1861500000e-03
4.7230000000e+03 5.5125200000e-03
4.7240000000e+03 5.8389100000e-03
4.7250000000e+03 6.1653200000e-03
4.7260000000e+03 6.4917600000e-03
4.7270000000e+03 6.8182300000e-03
4.7280000000e+03 7.1447200000e-03
4.7290000000e+03 7.4712400000e-03
4.7300000000e+03 7.7984400000e-03
4.7310000000e+03 8.1250400000e-03
4.7313232420e+03 8.2306100000e-03
4.7320000000e+03 8.8411700000e-03
4.7330000000e+03 9.7434100000e-03
4.7340000000e+03 1.0645700000e-02
4.7350000000e+03 1.1548100000e-02
4.7360000000e+03 1.2450600000e-02
4.7370000000e+03 1.3353100000e-02
4.7380000000e+03 1.4255700000e-02
4.7390000000e+03 1.5159600000e-02
4.7400000000e+03 1.6062400000e-02
4.7410000000e+03 1.6965300000e-02
4.7413256840e+03 1.7259400000e-02
4.7420000000e+03 1.8466400000e-02
4.7430000000e+03 2.0256600000e-02
4.7440000000e+03 2.2046900000e-02
4.7450000000e+03 2.3837300000e-02
4.7460000000e+03 2.5627900000e-02
4.7470000000e+03 2.7418700000e-02
4.7480000000e+03 2.9212000000e-02
4.7490000000e+03 3.1003200000e-02
4.7500000000e+03 3.2794500000e-02
4.7510000000e+03 3.4585900000e-02
4.7513286130e+03 3.5174600000e-02
4.7520000000e+03 3.6255500000e-02
4.7530000000e+03 3.7865500000e-02
4.7540000000e+03 3.9475700000e-02
4.7550000000e+03 4.1085900000e-02
4.7560000000e+03 4.2696300000e-02
4.7570000000e+03 4.4306800000e-02
4.7580000000e+03 4.5921400000e-02
4.7590000000e+03 4.7532300000e-02
4.7600000000e+03 4.9143300000e-02
4.7610000000e+03 5.0754500000e-02
4.7613310550e+03 5.1287900000e-02
4.7620000000e+03 5.1975200000e-02
4.7630000000e+03 5.3002600000e-02
4.7640000000e+03 5.4030100000e-02
4.7650000000e+03 5.5057700000e-02
4.7660000000e+03 5.6085300000e-02
4.7670000000e+03 5.7117900000e-02
4.7680000000e+03 5.8145800000e-02
4.7690000000e+03 5.9173800000e-02
4.7700000000e+03 6.0201900000e-02
4.7710000000e+03 6.1230100000e-02
4.7713339840e+03 6.1573500000e-02
4.7720000000e+03 6.3155900000e-02
4.7730000000e+03 6.5531900000e-02
4.7740000000e+03 6.7908200000e-02
4.7750000000e+03 7.0284600000e-02
4.7760000000e+03 7.2661300000e-02
4.7770000000e+03 7.5044500000e-02
4.7780000000e+03 7.7421700000e-02
4.7790000000e+03 7.9799100000e-02
4.7800000000e+03 8.2176700000e-02
4.7810000000e+03 8.4554400000e-02
4.7813364260e+03 8.5354400000e-02
4.7820000000e+03 8.8916400000e-02
4.7830000000e+03 9.4284700000e-02
4.7840000000e+03 9.9653400000e-02
4.7850000000e+03 1.0502300000e-01
4.7860000000e+03 1.1040200000e-01
4.7870000000e+03 1.1577200000e-01
4.7880000000e+03 1.2114300000e-01
4.7890000000e+03 1.2651400000e-01
4.7900000000e+03 1.3188600000e-01
4.7910000000e+03 1.3725800000e-01
4.7913388670e+03 1.3907800000e-01
4.7920000000e+03 1.4402100000e-01
4.7930000000e+03 1.5149800000e-01
4.7940000000e+03 1.5897500000e-01
4.7950000000e+03 1.6645300000e-01
4.7960000000e+03 1.7394700000e-01
4.7970000000e+03 1.8142600000e-01
4.7980000000e+03 1.8890700000e-01
4.7990000000e+03 1.9638800000e-01
4.8000000000e+03 2.0386900000e-01
4.8010000000e+03 2.1135100000e-01
4.8013417970e+03 2.1390900000e-01
4.8020000000e+03 2.1723300000e-01
4.8030000000e+03 2.2228400000e-01
4.8040000000e+03 2.2733500000e-01
4.8050000000e+03 2.3238700000e-01
4.8060000000e+03 2.3745900000e-01
4.8070000000e+03 2.4251200000e-01
4.8080000000e+03 2.4756600000e-01
4.8090000000e+03 2.5261900000e-01
4.8100000000e+03 2.5767300000e-01
4.8110000000e+03 2.6272800000e-01
4.8113442380e+03 2.6446800000e-01
4.8120000000e+03 2.6563100000e-01
4.8130000000e+03 2.6740500000e-01
4.8140000000e+03 2.6917900000e-01
4.8150000000e+03 2.7095300000e-01
4.8160000000e+03 2.7275000000e-01
4.8170000000e+03 2.7452500000e-01
4.8180000000e+03 2.7630000000e-01
4.8190000000e+03 2.7807400000e-01
4.8200000000e+03 2.7984900000e-01
4.8210000000e+03 2.8162400000e-01
4.8213471680e+03 2.8224100000e-01
4.8220000000e+03 2.8253200000e-01
4.8230000000e+03 2.8297700000e-01
4.8240000000e+03 2.8342200000e-01
4.8250000000e+03 2.8386800000e-01
4.8260000000e+03 2.8431300000e-01
4.8270000000e+03 2.8478300000e-01
4.8280000000e+03 2.8522900000e-01
4.8290000000e+03 2.8567500000e-01
4.8300000000e+03 2.8612000000e-01
4.8310000000e+03 2.8656300000e-01
4.8313496090e+03 2.8671800000e-01
4.8320000000e+03 2.8646200000e-01
4.8330000000e+03 2.8606900000e-01
4.8340000000e+03 2.8567600000e-01
4.8350000000e+03 2.8528300000e-01
4.8360000000e+03 2.8489000000e-01
4.8370000000e+03 2.8452100000e-01
4.8380000000e+03 2.8412800000e-01
4.8390000000e+03 2.8373500000e-01
4.8400000000e+03 2.8334100000e-01
4.8410000000e+03 2.8294800000e-01
4.8413525390e+03 2.8281000000e-01
4.8420000000e+03 2.8254200000e-01
4.8430000000e+03 2.8213000000e-01
4.8440000000e+03 2.8171700000e-01
4.8450000000e+03 2.8130400000e-01
4.8460000000e+03 2.8089200000e-01
4.8470000000e+03 2.8047900000e-01
4.8480000000e+03 2.8009000000e-01
4.8490000000e+03 2.7967700000e-01
4.8500000000e+03 2.7926400000e-01
4.8510000000e+03 2.7885100000e-01
4.8513549800e+03 2.7870500000e-01
4.8520000000e+03 2.7893900000e-01
4.8530000000e+03 2.7930300000e-01
4.8540000000e+03 2.7966600000e-01
4.8550000000e+03 2.8003000000e-01
4.8560000000e+03 2.8039400000e-01
4.8570000000e+03 2.8075700000e-01
4.8580000000e+03 2.8112100000e-01
4.8590000000e+03 2.8150900000e-01
4.8600000000e+03 2.8187200000e-01
4.8610000000e+03 2.8223600000e-01
4.8613574220e+03 2.8236600000e-01
4.8620000000e+03 2.8278200000e-01
4.8630000000e+03 2.8342900000e-01
4.8640000000e+03 2.8407600000e-01
4.8650000000e+03 2.8472300000e-01
4.8660000000e+03 2.8537000000e-01
4.8670000000e+03 2.8601800000e-01
4.8680000000e+03 2.8666500000e-01
4.8690000000e+03 2.8731200000e-01
4.8700000000e+03 2.8798400000e-01
4.8710000000e+03 2.8863100000e-01
4.8713603520e+03 2.8886500000e-01
4.8720000000e+03 2.8874400000e-01
4.8730000000e+03 2.8855500000e-01
4.8740000000e+03 2.8836600000e-01
4.8750000000e+03 2.8817600000e-01
4.8760000000e+03 2.8798700000e-01
4.8770000000e+03 2.8779800000e-01
4.8780000000e+03 2.8760900000e-01
4.8790000000e+03 2.8742000000e-01
4.8800000000e+03 2.8723100000e-01
4.8810000000e+03 2.8706600000e-01
4.8813627930e+03 2.8699800000e-01
4.8820000000e+03 2.8638800000e-01
4.8830000000e+03 2.8543200000e-01
4.8840000000e+03 2.8447600000e-01
4.8850000000e+03 2.8352000000e-01
4.8860000000e+03 2.8256400000e-01
4.8870000000e+03 2.8160700000e-01
4.8880000000e+03 2.8065100000e-01
4.8890000000e+03 2.7969400000e-01
4.8900000000e+03 2.7873800000e-01
4.8910000000e+03 2.7778100000e-01
4.8913657230e+03 2.7743100000e-01
4.8920000000e+03 2.7693500000e-01
4.8930000000e+03 2.7617700000e-01
4.8940000000e+03 2.7539400000e-01
4.8950000000e+03 2.7461200000e-01
4.8960000000e+03 2.7383000000e-01
4.8970000000e+03 2.7304700000e-01
4.8980000000e+03 2.7226500000e-01
4.8990000000e+03 2.7148200000e-01
4.9000000000e+03 2.7070000000e-01
4.9010000000e+03 2.6991700000e-01
4.9013681640e+03 2.6962900000e-01
4.9020000000e+03 2.6957600000e-01
4.9030000000e+03 2.6949200000e-01
4.9040000000e+03 2.6940700000e-01
4.9050000000e+03 2.6934600000e-01
4.9060000000e+03 2.6926200000e-01
4.9070000000e+03 2.6917800000e-01
4.9080000000e+03 2.6909400000e-01
4.9090000000e+03 2.6901000000e-01
4.9100000000e+03 2.6892500000e-01
4.9110000000e+03 2.6884100000e-01
4.9113710940e+03 2.6881000000e-01
4.9120000000e+03 2.6908500000e-01
4.9130000000e+03 2.6952300000e-01
4.9140000000e+03 2.6996100000e-01
4.9150000000e+03 2.7039900000e-01
4.9160000000e+03 2.7083700000e-01
4.9170000000e+03 2.7129800000e-01
4.9180000000e+03 2.7173600000e-01
4.9190000000e+03 2.7217500000e-01
4.9200000000e+03 2.7261300000e-01
4.9210000000e+03 2.7305100000e-01
4.9213735350e+03 2.7321500000e-01
4.9220000000e+03 2.7358800000e-01
4.9230000000e+03 2.7418500000e-01
4.9240000000e+03 2.7478200000e-01
4.9250000000e+03 2.7537800000e-01
4.9260000000e+03 2.7597500000e-01
4.9270000000e+03 2.7657200000e-01
4.9280000000e+03 2.7716900000e-01
4.9290000000e+03 2.7776500000e-01
4.9300000000e+03 2.7838600000e-01
4.9310000000e+03 2.7898300000e-01
4.9313759770e+03 2.7920800000e-01
4.9320000000e+03 2.7959800000e-01
4.9330000000e+03 2.8022300000e-01
4.9340000000e+03 2.8084800000e-01
4.9350000000e+03 2.8147300000e-01
4.9360000000e+03 2.8209800000e-01
4.9370000000e+03 2.8272400000e-01
4.9380000000e+03 2.8334900000e-01
4.9390000000e+03 2.8397400000e-01
4.9400000000e+03 2.8460000000e-01
4.9410000000e+03 2.8522500000e-01
4.9413789060e+03 2.8546200000e-01
4.9420000000e+03 2.8574700000e-01
4.9430000000e+03 2.8623100000e-01
4.9440000000e+03 2.8669000000e-01
4.9450000000e+03 2.8714900000e-01
4.9460000000e+03 2.8760800000e-01
4.9470000000e+03 2.8806700000e-01
4.9480000000e+03 2.8852600000e-01
4.9490000000e+03 2.8898500000e-01
4.9500000000e+03 2.8944400000e-01
4.9510000000e+03 2.8990300000e-01
4.9513813480e+03 2.9007900000e-01
4.9520000000e+03 2.9012400000e-01
4.9530000000e+03 2.9019800000e-01
4.9540000000e+03 2.9027200000e-01
4.9550000000e+03 2.9034600000e-01
4.9560000000e+03 2.9044500000e-01
4.9570000000e+03 2.9051900000e-01
4.9580000000e+03 2.9059300000e-01
4.9590000000e+03 2.9066700000e-01
4.9600000000e+03 2.9074100000e-01
4.9610000000e+03 2.9081500000e-01
4.9613842770e+03 2.9084300000e-01
4.9620000000e+03 2.9060300000e-01
4.9630000000e+03 2.9021400000e-01
4.9640000000e+03 2.8982400000e-01
4.9650000000e+03 2.8943500000e-01
4.9660000000e+03 2.8904500000e-01
4.9670000000e+03 2.8865600000e-01
4.9680000000e+03 2.8826600000e-01
4.9690000000e+03 2.8790100000e-01
4.9700000000e+03 2.8751200000e-01
4.9710000000e+03 2.8712200000e-01
4.9713867190e+03 2.8697100000e-01
4.9720000000e+03 2.8667800000e-01
4.9730000000e+03 2.8620000000e-01
4.9740000000e+03 2.8572200000e-01
4.9750000000e+03 2.8524400000e-01
4.9760000000e+03 2.8476600000e-01
4.9770000000e+03 2.8428800000e-01
4.9780000000e+03 2.8381000000e-01
4.9790000000e+03 2.8333200000e-01
4.9800000000e+03 2.8285400000e-01
4.9810000000e+03 2.8237600000e-01
4.9813896480e+03 2.8219000000e-01
4.9820000000e+03 2.8213700000e-01
4.9830000000e+03 2.8205100000e-01
4.9840000000e+03 2.8198900000e-01
4.9850000000e+03 2.8190300000e-01
4.9860000000e+03 2.8181700000e-01
4.9870000000e+03 2.8173100000e-01
4.9880000000e+03 2.8164500000e-01
4.9890000000e+03 2.8155900000e-01
4.9900000000e+03 2.8147300000e-01
4.9910000000e+03 2.8138700000e-01
4.9913920900e+03 2.8135300000e-01
4.9920000000e+03 2.8161400000e-01
4.9930000000e+03 2.8204300000e-01
4.9940000000e+03 2.8247100000e-01
4.9950000000e+03 2.8290000000e-01
4.9960000000e+03 2.8332900000e-01
4.9970000000e+03 2.8375800000e-01
4.9980000000e+03 2.8421200000e-01
4.9990000000e+03 2.8464100000e-01
5.0000000000e+03 2.8507000000e-01
5.0010000000e+03 2.8549200000e-01
5.0013950200e+03 2.8565800000e-01
5.0020000000e+03 2.8596100000e-01
5.0030000000e+03 2.8646200000e-01
5.0040000000e+03 2.8696300000e-01
5.0050000000e+03 2.8746400000e-01
5.0060000000e+03 2.8796400000e-01
5.0070000000e+03 2.8846500000e-01
5.0080000000e+03 2.8896600000e-01
5.0090000000e+03 2.8946700000e-01
5.0100000000e+03 2.8996700000e-01
5.0110000000e+03 2.9046800000e-01
5.0113974610e+03 2.9066700000e-01
5.0120000000e+03 2.9068800000e-01
5.0130000000e+03 2.9074700000e-01
5.0140000000e+03 2.9078100000e-01
5.0150000000e+03 2.9081500000e-01
5.0160000000e+03 2.9084900000e-01
5.0170000000e+03 2.9088400000e-01
5.0180000000e+03 2.9091800000e-01
5.0190000000e+03 2.9095200000e-01
5.0200000000e+03 2.9098600000e-01
5.0210000000e+03 2.9102000000e-01
5.0213999020e+03 2.9103400000e-01
5.0220000000e+03 2.9064900000e-01
5.0230000000e+03 2.9000900000e-01
5.0240000000e+03 2.8936800000e-01
5.0250000000e+03 2.8872700000e-01
5.0260000000e+03 2.8808600000e-01
5.0270000000e+03 2.8744500000e-01
5.0280000000e+03 2.8680400000e-01
5.0290000000e+03 2.8618800000e-01
5.0300000000e+03 2.8554700000e-01
5.0310000000e+03 2.8489900000e-01
5.0314028320e+03 2.8463800000e-01
5.0320000000e+03 2.8408500000e-01
5.0330000000e+03 2.8315900000e-01
5.0340000000e+03 2.8223200000e-01
5.0350000000e+03 2.8130600000e-01
5.0360000000e+03 2.8037900000e-01
5.0370000000e+03 2.7945300000e-01
5.0380000000e+03 2.7852700000e-01
5.0390000000e+03 2.7760100000e-01
5.0400000000e+03 2.7667400000e-01
5.0410000000e+03 2.7574800000e-01
5.0414052730e+03 2.7537300000e-01
5.0420000000e+03 2.7495400000e-01
5.0430000000e+03 2.7424900000e-01
5.0440000000e+03 2.7354500000e-01
5.0450000000e+03 2.7284000000e-01
5.0460000000e+03 2.7215900000e-01
5.0470000000e+03 2.7145400000e-01
5.0480000000e+03 2.7075000000e-01
5.0490000000e+03 2.7004500000e-01
5.0500000000e+03 2.6934100000e-01
5.0510000000e+03 2.6863700000e-01
5.0514082030e+03 2.6834900000e-01
5.0520000000e+03 2.6821700000e-01
5.0530000000e+03 2.6799500000e-01
5.0540000000e+03 2.6777300000e-01
5.0550000000e+03 2.6755100000e-01
5.0560000000e+03 2.6732900000e-01
5.0570000000e+03 2.6710600000e-01
5.0580000000e+03 2.6688400000e-01
5.0590000000e+03 2.6666200000e-01
5.0600000000e+03 2.6644000000e-01
5.0610000000e+03 2.6621800000e-01
5.0614106450e+03 2.6612600000e-01
5.0620000000e+03 2.6626100000e-01
5.0630000000e+03 2.6651200000e-01
5.0640000000e+03 2.6674100000e-01
5.0650000000e+03 2.6696900000e-01
5.0660000000e+03 2.6719700000e-01
5.0670000000e+03 2.6742600000e-01
5.0680000000e+03 2.6765400000e-01
5.0690000000e+03 2.6788300000e-01
5.0700000000e+03 2.6811100000e-01
5.0710000000e+03 2.6833900000e-01
5.0714135740e+03 2.6843400000e-01
5.0720000000e+03 2.6869000000e-01
5.0730000000e+03 2.6912500000e-01
5.0740000000e+03 2.6956100000e-01
5.0750000000e+03 2.6999700000e-01
5.0760000000e+03 2.7043300000e-01
5.0770000000e+03 2.7086900000e-01
5.0780000000e+03 2.7130500000e-01
5.0790000000e+03 2.7174100000e-01
5.0800000000e+03 2.7217700000e-01
5.0810000000e+03 2.7261300000e-01
5.0814160160e+03 2.7280400000e-01
5.0820000000e+03 2.7305900000e-01
5.0830000000e+03 2.7347400000e-01
5.0840000000e+03 2.7388800000e-01
5.0850000000e+03 2.7430300000e-01
5.0860000000e+03 2.7471700000e-01
5.0870000000e+03 2.7513100000e-01
5.0880000000e+03 2.7554600000e-01
5.0890000000e+03 2.7596000000e-01
5.0900000000e+03 2.7637400000e-01
5.0910000000e+03 2.7678800000e-01
5.0914189450e+03 2.7696200000e-01
5.0920000000e+03 2.7708400000e-01
5.0930000000e+03 2.7729300000e-01
5.0940000000e+03 2.7750200000e-01
5.0950000000e+03 2.7771100000e-01
5.0960000000e+03 2.7792000000e-01
5.0970000000e+03 2.7812900000e-01
5.0980000000e+03 2.7833900000e-01
5.0990000000e+03 2.7854800000e-01
5.1000000000e+03 2.7875700000e-01
5.1010000000e+03 2.7899000000e-01
5.1014213870e+03 2.7907800000e-01
5.1020000000e+03 2.7913100000e-01
5.1030000000e+03 2.7922200000e-01
5.1040000000e+03 2.7931300000e-01
5.1050000000e+03 2.7940400000e-01
5.1060000000e+03 2.7949500000e-01
5.1070000000e+03 2.7958600000e-01
5.1080000000e+03 2.7967700000e-01
5.1090000000e+03 2.7976900000e-01
5.1100000000e+03 2.7986000000e-01
5.1110000000e+03 2.7995100000e-01
5.1114243160e+03 2.7998900000e-01
5.1120000000e+03 2.8005900000e-01
5.1130000000e+03 2.8018000000e-01
5.1140000000e+03 2.8030000000e-01
5.1150000000e+03 2.8042100000e-01
5.1160000000e+03 2.8054200000e-01
5.1170000000e+03 2.8066300000e-01
5.1180000000e+03 2.8078300000e-01
5.1190000000e+03 2.8090400000e-01
5.1200000000e+03 2.8102500000e-01
5.1210000000e+03 2.8114600000e-01
5.1214267580e+03 2.8120700000e-01
5.1220000000e+03 2.8138500000e-01
5.1230000000e+03 2.8167100000e-01
5.1240000000e+03 2.8195600000e-01
5.1250000000e+03 2.8224200000e-01
5.1260000000e+03 2.8252800000e-01
5.1270000000e+03 2.8281400000e-01
5.1280000000e+03 2.8310000000e-01
5.1290000000e+03 2.8338600000e-01
5.1300000000e+03 2.8367100000e-01
5.1310000000e+03 2.8395700000e-01
5.1314291990e+03 2.8408000000e-01
5.1320000000e+03 2.8426700000e-01
5.1330000000e+03 2.8459500000e-01
5.1340000000e+03 2.8492400000e-01
5.1350000000e+03 2.8525200000e-01
5.1360000000e+03 2.8558000000e-01
5.1370000000e+03 2.8590900000e-01
5.1380000000e+03 2.8623700000e-01
5.1390000000e+03 2.8656500000e-01
5.1400000000e+03 2.8689300000e-01
5.1410000000e+03 2.8722200000e-01
5.1414321290e+03 2.8736400000e-01
5.1420000000e+03 2.8742200000e-01
5.1430000000e+03 2.8752500000e-01
5.1440000000e+03 2.8765300000e-01
5.1450000000e+03 2.8775600000e-01
5.1460000000e+03 2.8785900000e-01
5.1470000000e+03 2.8796200000e-01
5.1480000000e+03 2.8806500000e-01
5.1490000000e+03 2.8816800000e-01
5.1500000000e+03 2.8827100000e-01
5.1510000000e+03 2.8837400000e-01
5.1514345700e+03 2.8841900000e-01
5.1520000000e+03 2.8822200000e-01
5.1530000000e+03 2.8787500000e-01
5.1540000000e+03 2.8752700000e-01
5.1550000000e+03 2.8718000000e-01
5.1560000000e+03 2.8683200000e-01
5.1570000000e+03 2.8648500000e-01
5.1580000000e+03 2.8613700000e-01
5.1590000000e+03 2.8579000000e-01
5.1600000000e+03 2.8544200000e-01
5.1610000000e+03 2.8509500000e-01
5.1614375000e+03 2.8494300000e-01
5.1620000000e+03 2.8455800000e-01
5.1630000000e+03 2.8387300000e-01
5.1640000000e+03 2.8318800000e-01
5.1650000000e+03 2.8250300000e-01
5.1660000000e+03 2.8181800000e-01
5.1670000000e+03 2.8113300000e-01
5.1680000000e+03 2.8044900000e-01
5.1690000000e+03 2.7978800000e-01
5.1700000000e+03 2.7910300000e-01
5.1710000000e+03 2.7841800000e-01
5.1714399410e+03 2.7811700000e-01
5.1720000000e+03 2.7776800000e-01
5.1730000000e+03 2.7714500000e-01
5.1740000000e+03 2.7652200000e-01
5.1750000000e+03 2.7589900000e-01
5.1760000000e+03 2.7527600000e-01
5.1770000000e+03 2.7465400000e-01
5.1780000000e+03 2.7403100000e-01
5.1790000000e+03 2.7340800000e-01
5.1800000000e+03 2.7278500000e-01
5.1810000000e+03 2.7216300000e-01
5.1814428710e+03 2.7188700000e-01
5.1820000000e+03 2.7176300000e-01
5.1830000000e+03 2.7154100000e-01
5.1840000000e+03 2.7132000000e-01
5.1850000000e+03 2.7109800000e-01
5.1860000000e+03 2.7087600000e-01
5.1870000000e+03 2.7065400000e-01
5.1880000000e+03 2.7043300000e-01
5.1890000000e+03 2.7021100000e-01
5.1900000000e+03 2.6998900000e-01
5.1910000000e+03 2.6976800000e-01
5.1914453120e+03 2.6966900000e-01
5.1920000000e+03 2.6986300000e-01
5.1930000000e+03 2.7021300000e-01
5.1940000000e+03 2.7056400000e-01
5.1950000000e+03 2.7091400000e-01
5.1960000000e+03 2.7126400000e-01
5.1970000000e+03 2.7163700000e-01
5.1980000000e+03 2.7198700000e-01
5.1990000000e+03 2.7233800000e-01
5.2000000000e+03 2.7268800000e-01
5.2010000000e+03 2.7303800000e-01
5.2014482420e+03 2.7319500000e-01
5.2020000000e+03 2.7360600000e-01
5.2030000000e+03 2.7435200000e-01
5.2040000000e+03 2.7509800000e-01
5.2050000000e+03 2.7584300000e-01
5.2060000000e+03 2.7658900000e-01
5.2070000000e+03 2.7733400000e-01
5.2080000000e+03 2.7808000000e-01
5.2090000000e+03 2.7882500000e-01
5.2100000000e+03 2.7957100000e-01
5.2110000000e+03 2.8031600000e-01
5.2114506840e+03 2.8065200000e-01
5.2120000000e+03 2.8107600000e-01
5.2130000000e+03 2.8184800000e-01
5.2140000000e+03 2.8261900000e-01
5.2150000000e+03 2.8339100000e-01
5.2160000000e+03 2.8416300000e-01
5.2170000000e+03 2.8493400000e-01
5.2180000000e+03 2.8570600000e-01
5.2190000000e+03 2.8647800000e-01
5.2200000000e+03 2.8724900000e-01
5.2210000000e+03 2.8802100000e-01
5.2214536130e+03 2.8837100000e-01
5.2220000000e+03 2.8861200000e-01
5.2230000000e+03 2.8905300000e-01
5.2240000000e+03 2.8949500000e-01
5.2250000000e+03 2.8993700000e-01
5.2260000000e+03 2.9037800000e-01
5.2270000000e+03 2.9082000000e-01
5.2280000000e+03 2.9126100000e-01
5.2290000000e+03 2.9170300000e-01
5.2300000000e+03 2.9216900000e-01
5.2310000000e+03 2.9261200000e-01
5.2314560550e+03 2.9281500000e-01
5.2320000000e+03 2.9282700000e-01
5.2330000000e+03 2.9284900000e-01
5.2340000000e+03 2.9287100000e-01
5.2350000000e+03 2.9289300000e-01
5.2360000000e+03 2.9291500000e-01
5.2370000000e+03 2.9293700000e-01
5.2380000000e+03 2.9295900000e-01
5.2390000000e+03 2.9298100000e-01
5.2400000000e+03 2.9300300000e-01
5.2410000000e+03 2.9302500000e-01
5.2414584960e+03 2.9303500000e-01
5.2420000000e+03 2.9290800000e-01
5.2430000000e+03 2.9267200000e-01
5.2440000000e+03 2.9243600000e-01
5.2450000000e+03 2.9220000000e-01
5.2460000000e+03 2.9196400000e-01
5.2470000000e+03 2.9172800000e-01
5.2480000000e+03 2.9149200000e-01
5.2490000000e+03 2.9125600000e-01
5.2500000000e+03 2.9102100000e-01
5.2510000000e+03 2.9078500000e-01
5.2514614260e+03 2.9067600000e-01
5.2520000000e+03 2.9053200000e-01
5.2530000000e+03 2.9026400000e-01
5.2540000000e+03 2.8999600000e-01
5.2550000000e+03 2.8972800000e-01
5.2560000000e+03 2.8946000000e-01
5.2570000000e+03 2.8919200000e-01
5.2580000000e+03 2.8892400000e-01
5.2590000000e+03 2.8865600000e-01
5.2600000000e+03 2.8838800000e-01
5.2610000000e+03 2.8812000000e-01
5.2614638670e+03 2.8799600000e-01
5.2620000000e+03 2.8789700000e-01
5.2630000000e+03 2.8771300000e-01
5.2640000000e+03 2.8752900000e-01
5.2650000000e+03 2.8734400000e-01
5.2660000000e+03 2.8716000000e-01
5.2670000000e+03 2.8697600000e-01
5.2680000000e+03 2.8679100000e-01
5.2690000000e+03 2.8660700000e-01
5.2700000000e+03 2.8644700000e-01
5.2710000000e+03 2.8626300000e-01
5.2714667970e+03 2.8617700000e-01
5.2720000000e+03 2.8611700000e-01
5.2730000000e+03 2.8600300000e-01
5.2740000000e+03 2.8589000000e-01
5.2750000000e+03 2.8577700000e-01
5.2760000000e+03 2.8566400000e-01
5.2770000000e+03 2.8555100000e-01
5.2780000000e+03 2.8543700000e-01
5.2790000000e+03 2.8532400000e-01
5.2800000000e+03 2.8521100000e-01
5.2810000000e+03 2.8509800000e-01
5.2814692380e+03 2.8504500000e-01
5.2820000000e+03 2.8498800000e-01
5.2830000000e+03 2.8488100000e-01
5.2840000000e+03 2.8477400000e-01
5.2850000000e+03 2.8466600000e-01
5.2860000000e+03 2.8455900000e-01
5.2870000000e+03 2.8445200000e-01
5.2880000000e+03 2.8434500000e-01
5.2890000000e+03 2.8423800000e-01
5.2900000000e+03 2.8413100000e-01
5.2910000000e+03 2.8402400000e-01
5.2914721680e+03 2.8397300000e-01
5.2920000000e+03 2.8390500000e-01
5.2930000000e+03 2.8377400000e-01
5.2940000000e+03 2.8364400000e-01
5.2950000000e+03 2.8351400000e-01
5.2960000000e+03 2.8338400000e-01
5.2970000000e+03 2.8325400000e-01
5.2980000000e+03 2.8312400000e-01
5.2990000000e+03 2.8299400000e-01
5.3000000000e+03 2.8286400000e-01
5.3010000000e+03 2.8273400000e-01
5.3014746090e+03 2.8267200000e-01
5.3020000000e+03 2.8262200000e-01
5.3030000000e+03 2.8252700000e-01
5.3040000000e+03 2.8243100000e-01
5.3050000000e+03 2.8233600000e-01
5.3060000000e+03 2.8224100000e-01
5.3070000000e+03 2.8214600000e-01
5.3080000000e+03 2.8205000000e-01
5.3090000000e+03 2.8195500000e-01
5.3100000000e+03 2.8186000000e-01
5.3110000000e+03 2.8176500000e-01
5.3114775390e+03 2.8171900000e-01
5.3120000000e+03 2.8172000000e-01
5.3130000000e+03 2.8172200000e-01
5.3140000000e+03 2.8172300000e-01
5.3150000000e+03 2.8172500000e-01
5.3160000000e+03 2.8172600000e-01
5.3170000000e+03 2.8172800000e-01
5.3180000000e+03 2.8173000000e-01
5.3190000000e+03 2.8173100000e-01
5.3200000000e+03 2.8173300000e-01
5.3210000000e+03 2.8173400000e-01
5.3214799800e+03 2.8173500000e-01
5.3220000000e+03 2.8182200000e-01
5.3230000000e+03 2.8198900000e-01
5.3240000000e+03 2.8215500000e-01
5.3250000000e+03 2.8232200000e-01
5.3260000000e+03 2.8248900000e-01
5.3270000000e+03 2.8265600000e-01
5.3280000000e+03 2.8282200000e-01
5.3290000000e+03 2.8298900000e-01
5.3300000000e+03 2.8315600000e-01
5.3310000000e+03 2.8332200000e-01
5.3314829100e+03 2.8340300000e-01
5.3320000000e+03 2.8354500000e-01
5.3330000000e+03 2.8384400000e-01
5.3340000000e+03 2.8411800000e-01
5.3350000000e+03 2.8439300000e-01
5.3360000000e+03 2.8466700000e-01
5.3370000000e+03 2.8494200000e-01
5.3380000000e+03 2.8521600000e-01
5.3390000000e+03 2.8549100000e-01
5.3400000000e+03 2.8576500000e-01
5.3410000000e+03 2.8604000000e-01
5.3414853520e+03 2.8617300000e-01
5.3420000000e+03 2.8634000000e-01
5.3430000000e+03 2.8666400000e-01
5.3440000000e+03 2.8698800000e-01
5.3450000000e+03 2.8731200000e-01
5.3460000000e+03 2.8763600000e-01
5.3470000000e+03 2.8795900000e-01
5.3480000000e+03 2.8828300000e-01
5.3490000000e+03 2.8860700000e-01
5.3500000000e+03 2.8893100000e-01
5.3510000000e+03 2.8925500000e-01
5.3514877930e+03 2.8941300000e-01
5.3520000000e+03 2.8955600000e-01
5.3530000000e+03 2.8983400000e-01
5.3540000000e+03 2.9011300000e-01
5.3550000000e+03 2.9039100000e-01
5.3560000000e+03 2.9067000000e-01
5.3570000000e+03 2.9094800000e-01
5.3580000000e+03 2.9122700000e-01
5.3590000000e+03 2.9150500000e-01
5.3600000000e+03 2.9178400000e-01
5.3610000000e+03 2.9206200000e-01
5.3614907230e+03 2.9219800000e-01
5.3620000000e+03 2.9228000000e-01
5.3630000000e+03 2.9243900000e-01
5.3640000000e+03 2.9259900000e-01
5.3650000000e+03 2.9275800000e-01
5.3660000000e+03 2.9291700000e-01
5.3670000000e+03 2.9307700000e-01
5.3680000000e+03 2.9323600000e-01
5.3690000000e+03 2.9339600000e-01
5.3700000000e+03 2.9355500000e-01
5.3710000000e+03 2.9371400000e-01
5.3714931640e+03 2.9379300000e-01
5.3720000000e+03 2.9381000000e-01
5.3730000000e+03 2.9384300000e-01
5.3740000000e+03 2.9387700000e-01
5.3750000000e+03 2.9391100000e-01
5.3760000000e+03 2.9394400000e-01
5.3770000000e+03 2.9397800000e-01
5.3780000000e+03 2.9401100000e-01
5.3790000000e+03 2.9404500000e-01
5.3800000000e+03 2.9407800000e-01
5.3810000000e+03 2.9411200000e-01
5.3814960940e+03 2.9412800000e-01
5.3820000000e+03 2.9407900000e-01
5.3830000000e+03 2.9398200000e-01
5.3840000000e+03 2.9388400000e-01
5.3850000000e+03 2.9378700000e-01
5.3860000000e+03 2.9369000000e-01
5.3870000000e+03 2.9359200000e-01
5.3880000000e+03 2.9349500000e-01
5.3890000000e+03 2.9339700000e-01
5.3900000000e+03 2.9330000000e-01
5.3910000000e+03 2.9320200000e-01
5.3914985350e+03 2.9315400000e-01
5.3920000000e+03 2.9306700000e-01
5.3930000000e+03 2.9289400000e-01
5.3940000000e+03 2.9272100000e-01
5.3950000000e+03 2.9254800000e-01
5.3960000000e+03 2.9237500000e-01
5.3970000000e+03 2.9220200000e-01
5.3980000000e+03 2.9202900000e-01
5.3990000000e+03 2.9185700000e-01
5.4000000000e+03 2.9168400000e-01
5.4010000000e+03 2.9151100000e-01
5.4015014650e+03 2.9142400000e-01
5.4020000000e+03 2.9131300000e-01
5.4030000000e+03 2.9109100000e-01
5.4040000000e+03 2.9087000000e-01
5.4050000000e+03 2.9064800000e-01
5.4060000000e+03 2.9042600000e-01
5.4070000000e+03 2.9020500000e-01
5.4080000000e+03 2.8998300000e-01
5.4090000000e+03 2.8976100000e-01
5.4100000000e+03 2.8953900000e-01
5.4110000000e+03 2.8931800000e-01
5.4115039060e+03 2.8920600000e-01
5.4120000000e+03 2.8907700000e-01
5.4130000000e+03 2.8881900000e-01
5.4140000000e+03 2.8856000000e-01
5.4150000000e+03 2.8830100000e-01
5.4160000000e+03 2.8804200000e-01
5.4170000000e+03 2.8778300000e-01
5.4180000000e+03 2.8752400000e-01
5.4190000000e+03 2.8726500000e-01
5.4200000000e+03 2.8700700000e-01
5.4210000000e+03 2.8674800000e-01
5.4215068360e+03 2.8661600000e-01
5.4220000000e+03 2.8649000000e-01
5.4230000000e+03 2.8623400000e-01
5.4240000000e+03 2.8597700000e-01
5.4250000000e+03 2.8572100000e-01
5.4260000000e+03 2.8546500000e-01
5.4270000000e+03 2.8520900000e-01
5.4280000000e+03 2.8495300000e-01
5.4290000000e+03 2.8469600000e-01
5.4300000000e+03 2.8444000000e-01
5.4310000000e+03 2.8418400000e-01
5.4315092770e+03 2.8405300000e-01
5.4320000000e+03 2.8395000000e-01
5.4330000000e+03 2.8374000000e-01
5.4340000000e+03 2.8353000000e-01
5.4350000000e+03 2.8332100000e-01
5.4360000000e+03 2.8311100000e-01
5.4370000000e+03 2.8290100000e-01
5.4380000000e+03 2.8269100000e-01
5.4390000000e+03 2.8248100000e-01
5.4400000000e+03 2.8227100000e-01
5.4410000000e+03 2.8206100000e-01
5.4415122070e+03 2.8195400000e-01
5.4420000000e+03 2.8188800000e-01
5.4430000000e+03 2.8175200000e-01
5.4440000000e+03 2.8161700000e-01
5.4450000000e+03 2.8148200000e-01
5.4460000000e+03 2.8134600000e-01
5.4470000000e+03 2.8121100000e-01
5.4480000000e+03 2.8107500000e-01
5.4490000000e+03 2.8094000000e-01
5.4500000000e+03 2.8080400000e-01
5.4510000000e+03 2.8066900000e-01
5.4515146480e+03 2.8059900000e-01
5.4520000000e+03 2.8059200000e-01
5.4530000000e+03 2.8057800000e-01
5.4540000000e+03 2.8056400000e-01
5.4550000000e+03 2.8055000000e-01
5.4560000000e+03 2.8053600000e-01
5.4570000000e+03 2.8052200000e-01
5.4580000000e+03 2.8050800000e-01
5.4590000000e+03 2.8049400000e-01
5.4600000000e+03 2.8045700000e-01
5.4610000000e+03 2.8044200000e-01
5.4615175780e+03 2.8043500000e-01
5.4620000000e+03 2.8049500000e-01
5.4630000000e+03 2.8061900000e-01
5.4640000000e+03 2.8074300000e-01
5.4650000000e+03 2.8086700000e-01
5.4660000000e+03 2.8099100000e-01
5.4670000000e+03 2.8111500000e-01
5.4680000000e+03 2.8123900000e-01
5.4690000000e+03 2.8136300000e-01
5.4700000000e+03 2.8148700000e-01
5.4710000000e+03 2.8161100000e-01
5.4715200200e+03 2.8167500000e-01
5.4720000000e+03 2.8179700000e-01
5.4730000000e+03 2.8205000000e-01
5.4740000000e+03 2.8230300000e-01
5.4750000000e+03 2.8255700000e-01
5.4760000000e+03 2.8281000000e-01
5.4770000000e+03 2.8306300000e-01
5.4780000000e+03 2.8331700000e-01
5.4790000000e+03 2.8357000000e-01
5.4800000000e+03 2.8382300000e-01
5.4810000000e+03 2.8407600000e-01
5.4815224610e+03 2.8420900000e-01
5.4820000000e+03 2.8436200000e-01
5.4830000000e+03 2.8468400000e-01
5.4840000000e+03 2.8500600000e-01
5.4850000000e+03 2.8532800000e-01
5.4860000000e+03 2.8565000000e-01
5.4870000000e+03 2.8597100000e-01
5.4880000000e+03 2.8629300000e-01
5.4890000000e+03 2.8661500000e-01
5.4900000000e+03 2.8693700000e-01
5.4910000000e+03 2.8725800000e-01
5.4915253910e+03 2.8742700000e-01
5.4920000000e+03 2.8757700000e-01
5.4930000000e+03 2.8789300000e-01
5.4940000000e+03 2.8820900000e-01
5.4950000000e+03 2.8852500000e-01
5.4960000000e+03 2.8884100000e-01
5.4970000000e+03 2.8915700000e-01
5.4980000000e+03 2.8947200000e-01
5.4990000000e+03 2.8978800000e-01
5.5000000000e+03 2.9010400000e-01
5.5010000000e+03 2.9042100000e-01
5.5015278320e+03 2.9058800000e-01
5.5020000000e+03 2.9069500000e-01
5.5030000000e+03 2.9091900000e-01
5.5040000000e+03 2.9114400000e-01
5.5050000000e+03 2.9136900000e-01
5.5060000000e+03 2.9159300000e-01
5.5070000000e+03 2.9181800000e-01
5.5080000000e+03 2.9204200000e-01
5.5090000000e+03 2.9226700000e-01
5.5100000000e+03 2.9249200000e-01
5.5110000000e+03 2.9271600000e-01
5.5115307620e+03 2.9283500000e-01
5.5120000000e+03 2.9286300000e-01
5.5130000000e+03 2.9292200000e-01
5.5140000000e+03 2.9298100000e-01
5.5150000000e+03 2.9304100000e-01
5.5160000000e+03 2.9310000000e-01
5.5170000000e+03 2.9315900000e-01
5.5180000000e+03 2.9321800000e-01
5.5190000000e+03 2.9327700000e-01
5.5200000000e+03 2.9333600000e-01
5.5210000000e+03 2.9339500000e-01
5.5215332030e+03 2.9341400000e-01
5.5220000000e+03 2.9334900000e-01
5.5230000000e+03 2.9323400000e-01
5.5240000000e+03 2.9312000000e-01
5.5250000000e+03 2.9300500000e-01
5.5260000000e+03 2.9289100000e-01
5.5270000000e+03 2.9277700000e-01
5.5280000000e+03 2.9266200000e-01
5.5290000000e+03 2.9254800000e-01
5.5300000000e+03 2.9243300000e-01
5.5310000000e+03 2.9231900000e-01
5.5315361330e+03 2.9225700000e-01
5.5320000000e+03 2.9213700000e-01
5.5330000000e+03 2.9187700000e-01
5.5340000000e+03 2.9161700000e-01
5.5350000000e+03 2.9135700000e-01
5.5360000000e+03 2.9109700000e-01
5.5370000000e+03 2.9083700000e-01
5.5380000000e+03 2.9057800000e-01
5.5390000000e+03 2.9031800000e-01
5.5400000000e+03 2.9005800000e-01
5.5410000000e+03 2.8979800000e-01
5.5415385740e+03 2.8965800000e-01
5.5420000000e+03 2.8950900000e-01
5.5430000000e+03 2.8918500000e-01
5.5440000000e+03 2.8886200000e-01
5.5450000000e+03 2.8853900000e-01
5.5460000000e+03 2.8821600000e-01
5.5470000000e+03 2.8789300000e-01
5.5480000000e+03 2.8756900000e-01
5.5490000000e+03 2.8724600000e-01
5.5500000000e+03 2.8692300000e-01
5.5510000000e+03 2.8660000000e-01
5.5515415040e+03 2.8642500000e-01
5.5520000000e+03 2.8626900000e-01
5.5530000000e+03 2.8592800000e-01
5.5540000000e+03 2.8558800000e-01
5.5550000000e+03 2.8524800000e-01
5.5560000000e+03 2.8490800000e-01
5.5570000000e+03 2.8456700000e-01
5.5580000000e+03 2.8422700000e-01
5.5590000000e+03 2.8388700000e-01
5.5600000000e+03 2.8354700000e-01
5.5610000000e+03 2.8320600000e-01
5.5615439450e+03 2.8302100000e-01
5.5620000000e+03 2.8288600000e-01
5.5630000000e+03 2.8256600000e-01
5.5640000000e+03 2.8227000000e-01
5.5650000000e+03 2.8197300000e-01
5.5660000000e+03 2.8167700000e-01
5.5670000000e+03 2.8138100000e-01
5.5680000000e+03 2.8108500000e-01
5.5690000000e+03 2.8078800000e-01
5.5700000000e+03 2.8049200000e-01
5.5710000000e+03 2.8019600000e-01
5.5715468750e+03 2.8003400000e-01
5.5720000000e+03 2.7994000000e-01
5.5730000000e+03 2.7973300000e-01
5.5740000000e+03 2.7952600000e-01
5.5750000000e+03 2.7931900000e-01
5.5760000000e+03 2.7911200000e-01
5.5770000000e+03 2.7890500000e-01
5.5780000000e+03 2.7869800000e-01
5.5790000000e+03 2.7849100000e-01
5.5800000000e+03 2.7828500000e-01
5.5810000000e+03 2.7807800000e-01
5.5815493160e+03 2.7796400000e-01
5.5820000000e+03 2.7792300000e-01
5.5830000000e+03 2.7783100000e-01
5.5840000000e+03 2.7773900000e-01
5.5850000000e+03 2.7764700000e-01
5.5860000000e+03 2.7755600000e-01
5.5870000000e+03 2.7746400000e-01
5.5880000000e+03 2.7737200000e-01
5.5890000000e+03 2.7728100000e-01
5.5900000000e+03 2.7718900000e-01
5.5910000000e+03 2.7709700000e-01
5.5915522460e+03 2.7704700000e-01
5.5920000000e+03 2.7707100000e-01
5.5930000000e+03 2.7712400000e-01
5.5940000000e+03 2.7717700000e-01
5.5950000000e+03 2.7720700000e-01
5.5960000000e+03 2.7726000000e-01
5.5970000000e+03 2.7731300000e-01
5.5980000000e+03 2.7736700000e-01
5.5990000000e+03 2.7742000000e-01
5.6000000000e+03 2.7747300000e-01
5.6010000000e+03 2.7752600000e-01
5.6015546880e+03 2.7755600000e-01
5.6020000000e+03 2.7764200000e-01
5.6030000000e+03 2.7783700000e-01
5.6040000000e+03 2.7803200000e-01
5.6050000000e+03 2.7822700000e-01
5.6060000000e+03 2.7842100000e-01
5.6070000000e+03 2.7861600000e-01
5.6080000000e+03 2.7881100000e-01
5.6090000000e+03 2.7900500000e-01
5.6100000000e+03 2.7920000000e-01
5.6110000000e+03 2.7939500000e-01
5.6115576170e+03 2.7950300000e-01
5.6120000000e+03 2.7963900000e-01
5.6130000000e+03 2.7994500000e-01
5.6140000000e+03 2.8025100000e-01
5.6150000000e+03 2.8055700000e-01
5.6160000000e+03 2.8086300000e-01
5.6170000000e+03 2.8116900000e-01
5.6180000000e+03 2.8147500000e-01
5.6190000000e+03 2.8178100000e-01
5.6200000000e+03 2.8208700000e-01
5.6210000000e+03 2.8239200000e-01
5.6215600590e+03 2.8256400000e-01
5.6220000000e+03 2.8271900000e-01
5.6230000000e+03 2.8304800000e-01
5.6240000000e+03 2.8340200000e-01
5.6250000000e+03 2.8375500000e-01
5.6260000000e+03 2.8410800000e-01
5.6270000000e+03 2.8446100000e-01
5.6280000000e+03 2.8481400000e-01
5.6290000000e+03 2.8516800000e-01
5.6300000000e+03 2.8552100000e-01
5.6310000000e+03 2.8586600000e-01
5.6315629880e+03 2.8606100000e-01
5.6320000000e+03 2.8619800000e-01
5.6330000000e+03 2.8651200000e-01
5.6340000000e+03 2.8682500000e-01
5.6350000000e+03 2.8713900000e-01
5.6360000000e+03 2.8745300000e-01
5.6370000000e+03 2.8776600000e-01
5.6380000000e+03 2.8808000000e-01
5.6390000000e+03 2.8839400000e-01
5.6400000000e+03 2.8870700000e-01
5.6410000000e+03 2.8902100000e-01
5.6415654300e+03 2.8919800000e-01
5.6420000000e+03 2.8927900000e-01
5.6430000000e+03 2.8946500000e-01
5.6440000000e+03 2.8965200000e-01
5.6450000000e+03 2.8983800000e-01
5.6460000000e+03 2.9002400000e-01
5.6470000000e+03 2.9021100000e-01
5.6480000000e+03 2.9037200000e-01
5.6490000000e+03 2.9055800000e-01
5.6500000000e+03 2.9074500000e-01
5.6510000000e+03 2.9093100000e-01
5.6515678710e+03 2.9103700000e-01
5.6520000000e+03 2.9104200000e-01
5.6530000000e+03 2.9105300000e-01
5.6540000000e+03 2.9106500000e-01
5.6550000000e+03 2.9107600000e-01
5.6560000000e+03 2.9108800000e-01
5.6570000000e+03 2.9110000000e-01
5.6580000000e+03 2.9111100000e-01
5.6590000000e+03 2.9112300000e-01
5.6600000000e+03 2.9113400000e-01
5.6610000000e+03 2.9114600000e-01
5.6615708010e+03 2.9115300000e-01
5.6620000000e+03 2.9109200000e-01
5.6630000000e+03 2.9095100000e-01
5.6640000000e+03 2.9081000000e-01
5.6650000000e+03 2.9066800000e-01
5.6660000000e+03 2.9052700000e-01
5.6670000000e+03 2.9038600000e-01
5.6680000000e+03 2.9024500000e-01
5.6690000000e+03 2.9010400000e-01
5.6700000000e+03 2.8996300000e-01
5.6710000000e+03 2.8979700000e-01
5.6715737300e+03 2.8971500000e-01
5.6720000000e+03 2.8960700000e-01
5.6730000000e+03 2.8935100000e-01
5.6740000000e+03 2.8909600000e-01
5.6750000000e+03 2.8884100000e-01
5.6760000000e+03 2.8858500000e-01
5.6770000000e+03 2.8833000000e-01
5.6780000000e+03 2.8807500000e-01
5.6790000000e+03 2.8782000000e-01
5.6800000000e+03 2.8756500000e-01
5.6810000000e+03 2.8730900000e-01
5.6815761720e+03 2.8716200000e-01
5.6820000000e+03 2.8704400000e-01
5.6830000000e+03 2.8676700000e-01
5.6840000000e+03 2.8648900000e-01
5.6850000000e+03 2.8621100000e-01
5.6860000000e+03 2.8593300000e-01
5.6870000000e+03 2.8565500000e-01
5.6880000000e+03 2.8537800000e-01
5.6890000000e+03 2.8510000000e-01
5.6900000000e+03 2.8482200000e-01
5.6910000000e+03 2.8454400000e-01
5.6915786130e+03 2.8437000000e-01
5.6920000000e+03 2.8425800000e-01
5.6930000000e+03 2.8401800000e-01
5.6940000000e+03 2.8377800000e-01
5.6950000000e+03 2.8353800000e-01
5.6960000000e+03 2.8329800000e-01
5.6970000000e+03 2.8305800000e-01
5.6980000000e+03 2.8281800000e-01
5.6990000000e+03 2.8257800000e-01
5.7000000000e+03 2.8233800000e-01
5.7010000000e+03 2.8209800000e-01
5.7015815430e+03 2.8195800000e-01
5.7020000000e+03 2.8188700000e-01
5.7030000000e+03 2.8171700000e-01
5.7040000000e+03 2.8154700000e-01
5.7050000000e+03 2.8137700000e-01
5.7060000000e+03 2.8120700000e-01
5.7070000000e+03 2.8103700000e-01
5.7080000000e+03 2.8086700000e-01
5.7090000000e+03 2.8069700000e-01
5.7100000000e+03 2.8052700000e-01
5.7110000000e+03 2.8033300000e-01
5.7115839840e+03 2.8023400000e-01
5.7120000000e+03 2.8019000000e-01
5.7130000000e+03 2.8008400000e-01
5.7140000000e+03 2.7997800000e-01
5.7150000000e+03 2.7987100000e-01
5.7160000000e+03 2.7976500000e-01
5.7170000000e+03 2.7965900000e-01
5.7180000000e+03 2.7955300000e-01
5.7190000000e+03 2.7944700000e-01
5.7200000000e+03 2.7934100000e-01
5.7210000000e+03 2.7923400000e-01
5.7215869140e+03 2.7917200000e-01
5.7220000000e+03 2.7914400000e-01
5.7230000000e+03 2.7907500000e-01
5.7240000000e+03 2.7900600000e-01
5.7250000000e+03 2.7893700000e-01
5.7260000000e+03 2.7886900000e-01
5.7270000000e+03 2.7880000000e-01
5.7280000000e+03 2.7873100000e-01
5.7290000000e+03 2.7863900000e-01
5.7300000000e+03 2.7857000000e-01
5.7310000000e+03 2.7850100000e-01
5.7315893550e+03 2.7846100000e-01
5.7320000000e+03 2.7844600000e-01
5.7330000000e+03 2.7840900000e-01
5.7340000000e+03 2.7837300000e-01
5.7350000000e+03 2.7833600000e-01
5.7360000000e+03 2.7830000000e-01
5.7370000000e+03 2.7826400000e-01
5.7380000000e+03 2.7822700000e-01
5.7390000000e+03 2.7819100000e-01
5.7400000000e+03 2.7815400000e-01
5.7410000000e+03 2.7811800000e-01
5.7415922850e+03 2.7809600000e-01
5.7420000000e+03 2.7809300000e-01
5.7430000000e+03 2.7808600000e-01
5.7440000000e+03 2.7807900000e-01
5.7450000000e+03 2.7807200000e-01
5.7460000000e+03 2.7806400000e-01
5.7470000000e+03 2.7803300000e-01
5.7480000000e+03 2.7802600000e-01
5.7490000000e+03 2.7801900000e-01
5.7500000000e+03 2.7801200000e-01
5.7510000000e+03 2.7800400000e-01
5.7515947270e+03 2.7800000000e-01
5.7520000000e+03 2.7801500000e-01
5.7530000000e+03 2.7805200000e-01
5.7540000000e+03 2.7808800000e-01
5.7550000000e+03 2.7812500000e-01
5.7560000000e+03 2.7816100000e-01
5.7570000000e+03 2.7819800000e-01
5.7580000000e+03 2.7823500000e-01
5.7590000000e+03 2.7827100000e-01
5.7600000000e+03 2.7830800000e-01
5.7610000000e+03 2.7834400000e-01
5.7615976560e+03 2.7836600000e-01
5.7620000000e+03 2.7840900000e-01
5.7630000000e+03 2.7849300000e-01
5.7640000000e+03 2.7860100000e-01
5.7650000000e+03 2.7870900000e-01
5.7660000000e+03 2.7881600000e-01
5.7670000000e+03 2.7892400000e-01
5.7680000000e+03 2.7903200000e-01
5.7690000000e+03 2.7913900000e-01
5.7700000000e+03 2.7924700000e-01
5.7710000000e+03 2.7935500000e-01
5.7716000980e+03 2.7941900000e-01
5.7720000000e+03 2.7949800000e-01
5.7730000000e+03 2.7969700000e-01
5.7740000000e+03 2.7989500000e-01
5.7750000000e+03 2.8009400000e-01
5.7760000000e+03 2.8029200000e-01
5.7770000000e+03 2.8049000000e-01
5.7780000000e+03 2.8068800000e-01
5.7790000000e+03 2.8086300000e-01
5.7800000000e+03 2.8106100000e-01
5.7810000000e+03 2.8125900000e-01
5.7816030270e+03 2.8137900000e-01
5.7820000000e+03 2.8148500000e-01
5.7830000000e+03 2.8175300000e-01
5.7840000000e+03 2.8202100000e-01
5.7850000000e+03 2.8228900000e-01
5.7860000000e+03 2.8255700000e-01
5.7870000000e+03 2.8282500000e-01
5.7880000000e+03 2.8309300000e-01
5.7890000000e+03 2.8336100000e-01
5.7900000000e+03 2.8362900000e-01
5.7910000000e+03 2.8389600000e-01
5.7916054690e+03 2.8405800000e-01
5.7920000000e+03 2.8416800000e-01
5.7930000000e+03 2.8444700000e-01
5.7940000000e+03 2.8470100000e-01
5.7950000000e+03 2.8498000000e-01
5.7960000000e+03 2.8525800000e-01
5.7970000000e+03 2.8553600000e-01
5.7980000000e+03 2.8581500000e-01
5.7990000000e+03 2.8609300000e-01
5.8000000000e+03 2.8637100000e-01
5.8010000000e+03 2.8665000000e-01
5.8016083980e+03 2.8681900000e-01
5.8020000000e+03 2.8690100000e-01
5.8030000000e+03 2.8711100000e-01
5.8040000000e+03 2.8732000000e-01
5.8050000000e+03 2.8752900000e-01
5.8060000000e+03 2.8773800000e-01
5.8070000000e+03 2.8794800000e-01
5.8080000000e+03 2.8815700000e-01
5.8090000000e+03 2.8834100000e-01
5.8100000000e+03 2.8855100000e-01
5.8110000000e+03 2.8876000000e-01
5.8116108400e+03 2.8888700000e-01
5.8120000000e+03 2.8891000000e-01
5.8130000000e+03 2.8897000000e-01
5.8140000000e+03 2.8902900000e-01
5.8150000000e+03 2.8908800000e-01
5.8160000000e+03 2.8914700000e-01
5.8170000000e+03 2.8920600000e-01
5.8180000000e+03 2.8926600000e-01
5.8190000000e+03 2.8932500000e-01
5.8200000000e+03 2.8938400000e-01
5.8210000000e+03 2.8944300000e-01
5.8216137700e+03 2.8948000000e-01
5.8220000000e+03 2.8942700000e-01
5.8230000000e+03 2.8926700000e-01
5.8240000000e+03 2.8913200000e-01
5.8250000000e+03 2.8899600000e-01
5.8260000000e+03 2.8886100000e-01
5.8270000000e+03 2.8872600000e-01
5.8280000000e+03 2.8859000000e-01
5.8290000000e+03 2.8845500000e-01
5.8300000000e+03 2.8832000000e-01
5.8310000000e+03 2.8818900000e-01
5.8316162110e+03 2.8810800000e-01
5.8320000000e+03 2.8799100000e-01
5.8330000000e+03 2.8768600000e-01
5.8340000000e+03 2.8738100000e-01
5.8350000000e+03 2.8707600000e-01
5.8360000000e+03 2.8677200000e-01
5.8370000000e+03 2.8644200000e-01
5.8380000000e+03 2.8613700000e-01
5.8390000000e+03 2.8583300000e-01
5.8400000000e+03 2.8552800000e-01
5.8410000000e+03 2.8522300000e-01
5.8416191410e+03 2.8503400000e-01
5.8420000000e+03 2.8488400000e-01
5.8430000000e+03 2.8449000000e-01
5.8440000000e+03 2.8409500000e-01
5.8450000000e+03 2.8370100000e-01
5.8460000000e+03 2.8330700000e-01
5.8470000000e+03 2.8291300000e-01
5.8480000000e+03 2.8251800000e-01
5.8490000000e+03 2.8212400000e-01
5.8500000000e+03 2.8170600000e-01
5.8510000000e+03 2.8131200000e-01
5.8516215820e+03 2.8106700000e-01
5.8520000000e+03 2.8092400000e-01
5.8530000000e+03 2.8054600000e-01
5.8540000000e+03 2.8016800000e-01
5.8550000000e+03 2.7979000000e-01
5.8560000000e+03 2.7941200000e-01
5.8570000000e+03 2.7903300000e-01
5.8580000000e+03 2.7865500000e-01
5.8590000000e+03 2.7827700000e-01
5.8600000000e+03 2.7789900000e-01
5.8610000000e+03 2.7752100000e-01
5.8616245120e+03 2.7728500000e-01
5.8620000000e+03 2.7717800000e-01
5.8630000000e+03 2.7687000000e-01
5.8640000000e+03 2.7658500000e-01
5.8650000000e+03 2.7630000000e-01
5.8660000000e+03 2.7601500000e-01
5.8670000000e+03 2.7573000000e-01
5.8680000000e+03 2.7544500000e-01
5.8690000000e+03 2.7516100000e-01
5.8700000000e+03 2.7487600000e-01
5.8710000000e+03 2.7459100000e-01
5.8716269530e+03 2.7441300000e-01
5.8720000000e+03 2.7436000000e-01
5.8730000000e+03 2.7421800000e-01
5.8740000000e+03 2.7407700000e-01
5.8750000000e+03 2.7393500000e-01
5.8760000000e+03 2.7377000000e-01
5.8770000000e+03 2.7362900000e-01
5.8780000000e+03 2.7348700000e-01
5.8790000000e+03 2.7334600000e-01
5.8800000000e+03 2.7320400000e-01
5.8810000000e+03 2.7306300000e-01
5.8816298830e+03 2.7297400000e-01
5.8820000000e+03 2.7297800000e-01
5.8830000000e+03 2.7298800000e-01
5.8840000000e+03 2.7299900000e-01
5.8850000000e+03 2.7300900000e-01
5.8860000000e+03 2.7302000000e-01
5.8870000000e+03 2.7303000000e-01
5.8880000000e+03 2.7301700000e-01
5.8890000000e+03 2.7302800000e-01
5.8900000000e+03 2.7303800000e-01
5.8910000000e+03 2.7304900000e-01
5.8916323240e+03 2.7305500000e-01
5.8920000000e+03 2.7309600000e-01
5.8930000000e+03 2.7320600000e-01
5.8940000000e+03 2.7331700000e-01
5.8950000000e+03 2.7342800000e-01
5.8960000000e+03 2.7353800000e-01
5.8970000000e+03 2.7364900000e-01
5.8980000000e+03 2.7375900000e-01
5.8990000000e+03 2.7387000000e-01
5.9000000000e+03 2.7395700000e-01
5.9010000000e+03 2.7406800000e-01
5.9016347660e+03 2.7413800000e-01
5.9020000000e+03 2.7420400000e-01
5.9030000000e+03 2.7438500000e-01
5.9040000000e+03 2.7456600000e-01
5.9050000000e+03 2.7474700000e-01
5.9060000000e+03 2.7492800000e-01
5.9070000000e+03 2.7510900000e-01
5.9080000000e+03 2.7529000000e-01
5.9090000000e+03 2.7547100000e-01
5.9100000000e+03 2.7565100000e-01
5.9110000000e+03 2.7580900000e-01
5.9116376950e+03 2.7592400000e-01
5.9120000000e+03 2.7599700000e-01
5.9130000000e+03 2.7619800000e-01
5.9140000000e+03 2.7640000000e-01
5.9150000000e+03 2.7660100000e-01
5.9160000000e+03 2.7680200000e-01
5.9170000000e+03 2.7700300000e-01
5.9180000000e+03 2.7720400000e-01
5.9190000000e+03 2.7740500000e-01
5.9200000000e+03 2.7760600000e-01
5.9210000000e+03 2.7780700000e-01
5.9216406250e+03 2.7793600000e-01
5.9220000000e+03 2.7800200000e-01
5.9230000000e+03 2.7816300000e-01
5.9240000000e+03 2.7834700000e-01
5.9250000000e+03 2.7853000000e-01
5.9260000000e+03 2.7871400000e-01
5.9270000000e+03 2.7889800000e-01
5.9280000000e+03 2.7908200000e-01
5.9290000000e+03 2.7926600000e-01
5.9300000000e+03 2.7945000000e-01
5.9310000000e+03 2.7963400000e-01
5.9316430660e+03 2.7975200000e-01
5.9320000000e+03 2.7981100000e-01
5.9330000000e+03 2.7997700000e-01
5.9340000000e+03 2.8011800000e-01
5.9350000000e+03 2.8028300000e-01
5.9360000000e+03 2.8044900000e-01
5.9370000000e+03 2.8061400000e-01
5.9380000000e+03 2.8078000000e-01
5.9390000000e+03 2.8094500000e-01
5.9400000000e+03 2.8111000000e-01
5.9410000000e+03 2.8127600000e-01
5.9416455080e+03 2.8138200000e-01
5.9420000000e+03 2.8143500000e-01
5.9430000000e+03 2.8158200000e-01
5.9440000000e+03 2.8173000000e-01
5.9450000000e+03 2.8185300000e-01
5.9460000000e+03 2.8200100000e-01
5.9470000000e+03 2.8214900000e-01
5.9480000000e+03 2.8229600000e-01
5.9490000000e+03 2.8244400000e-01
5.9500000000e+03 2.8259100000e-01
5.9510000000e+03 2.8273900000e-01
5.9516484380e+03 2.8283400000e-01
5.9520000000e+03 2.8288300000e-01
5.9530000000e+03 2.8302000000e-01
5.9540000000e+03 2.8315700000e-01
5.9550000000e+03 2.8329500000e-01
5.9560000000e+03 2.8340800000e-01
5.9570000000e+03 2.8354600000e-01
5.9580000000e+03 2.8368300000e-01
5.9590000000e+03 2.8382100000e-01
5.9600000000e+03 2.8395800000e-01
5.9610000000e+03 2.8409500000e-01
5.9616508790e+03 2.8418500000e-01
5.9620000000e+03 2.8423300000e-01
5.9630000000e+03 2.8436900000e-01
5.9640000000e+03 2.8450600000e-01
5.9650000000e+03 2.8464300000e-01
5.9660000000e+03 2.8475500000e-01
5.9670000000e+03 2.8489200000e-01
5.9680000000e+03 2.8502800000e-01
5.9690000000e+03 2.8516500000e-01
5.9700000000e+03 2.8530100000e-01
5.9710000000e+03 2.8543800000e-01
5.9716538090e+03 2.8552700000e-01
5.9720000000e+03 2.8556600000e-01
5.9730000000e+03 2.8567800000e-01
5.9740000000e+03 2.8579100000e-01
5.9750000000e+03 2.8590300000e-01
5.9760000000e+03 2.8599100000e-01
5.9770000000e+03 2.8610300000e-01
5.9780000000e+03 2.8621500000e-01
5.9790000000e+03 2.8632700000e-01
5.9800000000e+03 2.8644000000e-01
5.9810000000e+03 2.8655200000e-01
5.9816567380e+03 2.8662600000e-01
5.9820000000e+03 2.8664400000e-01
5.9830000000e+03 2.8669700000e-01
5.9840000000e+03 2.8675000000e-01
5.9850000000e+03 2.8680300000e-01
5.9860000000e+03 2.8685600000e-01
5.9870000000e+03 2.8688400000e-01
5.9880000000e+03 2.8693700000e-01
5.9890000000e+03 2.8699000000e-01
5.9900000000e+03 2.8704300000e-01
5.9910000000e+03 2.8709700000e-01
5.9916591800e+03 2.8713200000e-01
5.9920000000e+03 2.8712100000e-01
5.9930000000e+03 2.8709000000e-01
5.9940000000e+03 2.8705900000e-01
5.9950000000e+03 2.8702700000e-01
5.9960000000e+03 2.8699600000e-01
5.9970000000e+03 2.8694100000e-01
5.9980000000e+03 2.8690900000e-01
5.9990000000e+03 2.8687800000e-01
6.0000000000e+03 2.8684700000e-01
6.0010000000e+03 2.8683800000e-01
6.0016616210e+03 2.8683100000e-01
6.0020000000e+03 2.8679200000e-01
6.0030000000e+03 2.8667700000e-01
6.0040000000e+03 2.8656200000e-01
6.0050000000e+03 2.8644700000e-01
6.0060000000e+03 2.8630800000e-01
6.0070000000e+03 2.8619300000e-01
6.0080000000e+03 2.8607800000e-01
6.0090000000e+03 2.8596300000e-01
6.0100000000e+03 2.8584800000e-01
6.0110000000e+03 2.8573300000e-01
6.0116645510e+03 2.8565700000e-01
6.0120000000e+03 2.8558100000e-01
6.0130000000e+03 2.8535600000e-01
6.0140000000e+03 2.8513200000e-01
6.0150000000e+03 2.8490700000e-01
6.0160000000e+03 2.8465800000e-01
6.0170000000e+03 2.8443300000e-01
6.0180000000e+03 2.8420800000e-01
6.0190000000e+03 2.8398300000e-01
6.0200000000e+03 2.8375800000e-01
6.0210000000e+03 2.8353400000e-01
6.0216669920e+03 2.8338400000e-01
6.0220000000e+03 2.8328500000e-01
6.0230000000e+03 2.8299100000e-01
6.0240000000e+03 2.8269600000e-01
6.0250000000e+03 2.8237700000e-01
6.0260000000e+03 2.8208200000e-01
6.0270000000e+03 2.8178700000e-01
6.0280000000e+03 2.8149200000e-01
6.0290000000e+03 2.8119800000e-01
6.0300000000e+03 2.8090300000e-01
6.0310000000e+03 2.8060400000e-01
6.0316699220e+03 2.8040500000e-01
6.0320000000e+03 2.8030700000e-01
6.0330000000e+03 2.8001000000e-01
6.0340000000e+03 2.7971300000e-01
6.0350000000e+03 2.7939200000e-01
6.0360000000e+03 2.7909500000e-01
6.0370000000e+03 2.7879700000e-01
6.0380000000e+03 2.7850000000e-01
6.0390000000e+03 2.7820300000e-01
6.0400000000e+03 2.7790600000e-01
6.0410000000e+03 2.7760900000e-01
6.0416723630e+03 2.7740900000e-01
6.0420000000e+03 2.7733400000e-01
6.0430000000e+03 2.7710400000e-01
6.0440000000e+03 2.7685100000e-01
6.0450000000e+03 2.7662100000e-01
6.0460000000e+03 2.7639200000e-01
6.0470000000e+03 2.7616200000e-01
6.0480000000e+03 2.7593300000e-01
6.0490000000e+03 2.7570300000e-01
6.0500000000e+03 2.7547300000e-01
6.0510000000e+03 2.7524400000e-01
6.0516752930e+03 2.7508800000e-01
6.0520000000e+03 2.7505000000e-01
6.0530000000e+03 2.7490700000e-01
6.0540000000e+03 2.7478800000e-01
6.0550000000e+03 2.7466900000e-01
6.0560000000e+03 2.7455000000e-01
6.0570000000e+03 2.7443000000e-01
6.0580000000e+03 2.7431100000e-01
6.0590000000e+03 2.7419200000e-01
6.0600000000e+03 2.7407300000e-01
6.0610000000e+03 2.7395400000e-01
6.0616777340e+03 2.7385700000e-01
6.0620000000e+03 2.7385800000e-01
6.0630000000e+03 2.7388400000e-01
6.0640000000e+03 2.7391100000e-01
6.0650000000e+03 2.7393700000e-01
6.0660000000e+03 2.7396400000e-01
6.0670000000e+03 2.7399000000e-01
6.0680000000e+03 2.7401700000e-01
6.0690000000e+03 2.7404300000e-01
6.0700000000e+03 2.7406900000e-01
6.0710000000e+03 2.7407300000e-01
6.0716806640e+03 2.7409100000e-01
6.0720000000e+03 2.7413800000e-01
6.0730000000e+03 2.7428700000e-01
6.0740000000e+03 2.7443500000e-01
6.0750000000e+03 2.7458400000e-01
6.0760000000e+03 2.7473200000e-01
6.0770000000e+03 2.7488100000e-01
6.0780000000e+03 2.7502900000e-01
6.0790000000e+03 2.7517800000e-01
6.0800000000e+03 2.7530300000e-01
6.0810000000e+03 2.7545200000e-01
6.0816831050e+03 2.7555300000e-01
6.0820000000e+03 2.7562200000e-01
6.0830000000e+03 2.7584100000e-01
6.0840000000e+03 2.7605900000e-01
6.0850000000e+03 2.7627700000e-01
6.0860000000e+03 2.7649600000e-01
6.0870000000e+03 2.7671400000e-01
6.0880000000e+03 2.7690900000e-01
6.0890000000e+03 2.7712700000e-01
6.0900000000e+03 2.7734600000e-01
6.0910000000e+03 2.7756400000e-01
6.0916860350e+03 2.7771400000e-01
6.0920000000e+03 2.7778200000e-01
6.0930000000e+03 2.7799800000e-01
6.0940000000e+03 2.7821300000e-01
6.0950000000e+03 2.7842900000e-01
6.0960000000e+03 2.7864500000e-01
6.0970000000e+03 2.7883700000e-01
6.0980000000e+03 2.7905300000e-01
6.0990000000e+03 2.7926900000e-01
6.1000000000e+03 2.7948500000e-01
6.1010000000e+03 2.7970000000e-01
6.1016884770e+03 2.7984900000e-01
6.1020000000e+03 2.7989700000e-01
6.1030000000e+03 2.8005200000e-01
6.1040000000e+03 2.8020700000e-01
6.1050000000e+03 2.8033700000e-01
6.1060000000e+03 2.8049200000e-01
6.1070000000e+03 2.8064700000e-01
6.1080000000e+03 2.8080200000e-01
6.1090000000e+03 2.8095600000e-01
6.1100000000e+03 2.8111100000e-01
6.1110000000e+03 2.8126600000e-01
6.1116914060e+03 2.8137300000e-01
6.1120000000e+03 2.8139500000e-01
6.1130000000e+03 2.8146400000e-01
6.1140000000e+03 2.8151000000e-01
6.1150000000e+03 2.8158000000e-01
6.1160000000e+03 2.8164900000e-01
6.1170000000e+03 2.8171900000e-01
6.1180000000e+03 2.8178900000e-01
6.1190000000e+03 2.8185800000e-01
6.1200000000e+03 2.8192800000e-01
6.1210000000e+03 2.8199800000e-01
6.1216938480e+03 2.8202900000e-01
6.1220000000e+03 2.8202600000e-01
6.1230000000e+03 2.8203900000e-01
6.1240000000e+03 2.8205200000e-01
6.1250000000e+03 2.8206500000e-01
6.1260000000e+03 2.8207700000e-01
6.1270000000e+03 2.8209000000e-01
6.1280000000e+03 2.8210300000e-01
6.1290000000e+03 2.8211600000e-01
6.1300000000e+03 2.8210500000e-01
6.1310000000e+03 2.8211800000e-01
6.1316967770e+03 2.8212700000e-01
6.1320000000e+03 2.8212500000e-01
6.1330000000e+03 2.8212100000e-01
6.1340000000e+03 2.8211600000e-01
6.1350000000e+03 2.8211200000e-01
6.1360000000e+03 2.8210800000e-01
6.1370000000e+03 2.8210300000e-01
6.1380000000e+03 2.8207500000e-01
6.1390000000e+03 2.8207000000e-01
6.1400000000e+03 2.8206600000e-01
6.1410000000e+03 2.8206200000e-01
6.1416992190e+03 2.8205900000e-01
6.1420000000e+03 2.8207300000e-01
6.1430000000e+03 2.8212200000e-01
6.1440000000e+03 2.8217100000e-01
6.1450000000e+03 2.8221900000e-01
6.1460000000e+03 2.8224400000e-01
6.1470000000e+03 2.8229300000e-01
6.1480000000e+03 2.8234100000e-01
6.1490000000e+03 2.8239000000e-01
6.1500000000e+03 2.8243900000e-01
6.1510000000e+03 2.8248800000e-01
6.1517021480e+03 2.8252200000e-01
6.1520000000e+03 2.8255700000e-01
6.1530000000e+03 2.8267700000e-01
6.1540000000e+03 2.8277300000e-01
6.1550000000e+03 2.8289300000e-01
6.1560000000e+03 2.8301300000e-01
6.1570000000e+03 2.8313300000e-01
6.1580000000e+03 2.8325300000e-01
6.1590000000e+03 2.8337400000e-01
6.1600000000e+03 2.8349400000e-01
6.1610000000e+03 2.8361400000e-01
6.1617045900e+03 2.8368100000e-01
6.1620000000e+03 2.8372600000e-01
6.1630000000e+03 2.8390100000e-01
6.1640000000e+03 2.8407600000e-01
6.1650000000e+03 2.8425100000e-01
6.1660000000e+03 2.8442600000e-01
6.1670000000e+03 2.8460200000e-01
6.1680000000e+03 2.8477700000e-01
6.1690000000e+03 2.8492800000e-01
6.1700000000e+03 2.8510300000e-01
6.1710000000e+03 2.8527800000e-01
6.1717075200e+03 2.8540200000e-01
6.1720000000e+03 2.8545400000e-01
6.1730000000e+03 2.8563200000e-01
6.1740000000e+03 2.8581000000e-01
6.1750000000e+03 2.8598800000e-01
6.1760000000e+03 2.8616600000e-01
6.1770000000e+03 2.8631900000e-01
6.1780000000e+03 2.8649700000e-01
6.1790000000e+03 2.8667500000e-01
6.1800000000e+03 2.8685300000e-01
6.1810000000e+03 2.8703100000e-01
6.1817099610e+03 2.8715700000e-01
6.1820000000e+03 2.8717900000e-01
6.1830000000e+03 2.8725400000e-01
6.1840000000e+03 2.8732800000e-01
6.1850000000e+03 2.8737800000e-01
6.1860000000e+03 2.8745300000e-01
6.1870000000e+03 2.8752700000e-01
6.1880000000e+03 2.8760200000e-01
6.1890000000e+03 2.8767700000e-01
6.1900000000e+03 2.8775100000e-01
6.1910000000e+03 2.8782600000e-01
6.1917128910e+03 2.8786100000e-01
6.1920000000e+03 2.8782900000e-01
6.1930000000e+03 2.8774300000e-01
6.1940000000e+03 2.8765600000e-01
6.1950000000e+03 2.8756900000e-01
6.1960000000e+03 2.8748200000e-01
6.1970000000e+03 2.8739500000e-01
6.1980000000e+03 2.8730800000e-01
6.1990000000e+03 2.8722100000e-01
6.2000000000e+03 2.8711000000e-01
6.2010000000e+03 2.8702300000e-01
6.2017153320e+03 2.8696100000e-01
6.2020000000e+03 2.8687900000e-01
6.2030000000e+03 2.8659400000e-01
6.2040000000e+03 2.8630900000e-01
6.2050000000e+03 2.8602400000e-01
6.2060000000e+03 2.8573800000e-01
6.2070000000e+03 2.8542900000e-01
6.2080000000e+03 2.8514300000e-01
6.2090000000e+03 2.8485800000e-01
6.2100000000e+03 2.8457200000e-01
6.2110000000e+03 2.8428700000e-01
6.2117182620e+03 2.8408200000e-01
6.2120000000e+03 2.8396200000e-01
6.2130000000e+03 2.8353400000e-01
6.2140000000e+03 2.8308300000e-01
6.2150000000e+03 2.8265600000e-01
6.2160000000e+03 2.8222900000e-01
6.2170000000e+03 2.8180100000e-01
6.2180000000e+03 2.8137400000e-01
6.2190000000e+03 2.8094700000e-01
6.2200000000e+03 2.8051900000e-01
6.2210000000e+03 2.8006800000e-01
6.2217207030e+03 2.7976000000e-01
6.2220000000e+03 2.7963000000e-01
6.2230000000e+03 2.7916400000e-01
6.2240000000e+03 2.7869800000e-01
6.2250000000e+03 2.7823200000e-01
6.2260000000e+03 2.7776600000e-01
6.2270000000e+03 2.7730000000e-01
6.2280000000e+03 2.7683400000e-01
6.2290000000e+03 2.7634500000e-01
6.2300000000e+03 2.7587900000e-01
6.2310000000e+03 2.7541400000e-01
6.2317236330e+03 2.7507800000e-01
6.2320000000e+03 2.7497300000e-01
6.2330000000e+03 2.7459300000e-01
6.2340000000e+03 2.7421300000e-01
6.2350000000e+03 2.7383300000e-01
6.2360000000e+03 2.7342900000e-01
6.2370000000e+03 2.7304900000e-01
6.2380000000e+03 2.7266800000e-01
6.2390000000e+03 2.7228800000e-01
6.2400000000e+03 2.7190800000e-01
6.2410000000e+03 2.7152700000e-01
6.2417260740e+03 2.7125100000e-01
6.2420000000e+03 2.7118600000e-01
6.2430000000e+03 2.7092600000e-01
6.2440000000e+03 2.7068900000e-01
6.2450000000e+03 2.7045300000e-01
6.2460000000e+03 2.7021600000e-01
6.2470000000e+03 2.6997900000e-01
6.2480000000e+03 2.6974300000e-01
6.2490000000e+03 2.6950600000e-01
6.2500000000e+03 2.6924600000e-01
6.2510000000e+03 2.6900900000e-01
6.2517290040e+03 2.6883700000e-01
6.2520000000e+03 2.6882900000e-01
6.2530000000e+03 2.6880300000e-01
6.2540000000e+03 2.6877600000e-01
6.2550000000e+03 2.6874900000e-01
6.2560000000e+03 2.6872200000e-01
6.2570000000e+03 2.6867200000e-01
6.2580000000e+03 2.6864500000e-01
6.2590000000e+03 2.6861800000e-01
6.2600000000e+03 2.6859100000e-01
6.2610000000e+03 2.6856400000e-01
6.2617314450e+03 2.6854400000e-01
6.2620000000e+03 2.6859400000e-01
6.2630000000e+03 2.6877700000e-01
6.2640000000e+03 2.6893800000e-01
6.2650000000e+03 2.6912100000e-01
6.2660000000e+03 2.6930500000e-01
6.2670000000e+03 2.6948800000e-01
6.2680000000e+03 2.6967200000e-01
6.2690000000e+03 2.6985600000e-01
6.2700000000e+03 2.7001600000e-01
6.2710000000e+03 2.7020000000e-01
6.2717343750e+03 2.7033500000e-01
6.2720000000e+03 2.7042400000e-01
6.2730000000e+03 2.7075800000e-01
6.2740000000e+03 2.7109300000e-01
6.2750000000e+03 2.7142800000e-01
6.2760000000e+03 2.7176200000e-01
6.2770000000e+03 2.7207400000e-01
6.2780000000e+03 2.7240900000e-01
6.2790000000e+03 2.7274400000e-01
6.2800000000e+03 2.7307800000e-01
6.2810000000e+03 2.7341300000e-01
6.2817368160e+03 2.7366000000e-01
6.2820000000e+03 2.7377000000e-01
6.2830000000e+03 2.7418700000e-01
6.2840000000e+03 2.7458200000e-01
6.2850000000e+03 2.7499900000e-01
6.2860000000e+03 2.7541700000e-01
6.2870000000e+03 2.7583400000e-01
6.2880000000e+03 2.7625200000e-01
6.2890000000e+03 2.7667000000e-01
6.2900000000e+03 2.7708800000e-01
6.2910000000e+03 2.7748200000e-01
6.2917397460e+03 2.7779100000e-01
6.2920000000e+03 2.7789500000e-01
6.2930000000e+03 2.7829700000e-01
6.2940000000e+03 2.7870000000e-01
6.2950000000e+03 2.7910200000e-01
6.2960000000e+03 2.7950400000e-01
6.2970000000e+03 2.7988200000e-01
6.2980000000e+03 2.8028400000e-01
6.2990000000e+03 2.8068700000e-01
6.3000000000e+03 2.8108900000e-01
6.3010000000e+03 2.8149100000e-01
6.3017421880e+03 2.8179000000e-01
6.3020000000e+03 2.8187600000e-01
6.3030000000e+03 2.8220900000e-01
6.3040000000e+03 2.8251800000e-01
6.3050000000e+03 2.8285100000e-01
6.3060000000e+03 2.8318400000e-01
6.3070000000e+03 2.8351800000e-01
6.3080000000e+03 2.8385100000e-01
6.3090000000e+03 2.8418400000e-01
6.3100000000e+03 2.8449300000e-01
6.3110000000e+03 2.8482600000e-01
6.3117451170e+03 2.8507500000e-01
6.3120000000e+03 2.8512600000e-01
6.3130000000e+03 2.8532900000e-01
6.3140000000e+03 2.8553200000e-01
6.3150000000e+03 2.8573400000e-01
6.3160000000e+03 2.8593700000e-01
6.3170000000e+03 2.8611500000e-01
6.3180000000e+03 2.8631800000e-01
6.3190000000e+03 2.8652100000e-01
6.3200000000e+03 2.8672300000e-01
6.3210000000e+03 2.8692600000e-01
6.3217475590e+03 2.8707700000e-01
6.3220000000e+03 2.8710000000e-01
6.3230000000e+03 2.8716700000e-01
6.3240000000e+03 2.8725900000e-01
6.3250000000e+03 2.8735000000e-01
6.3260000000e+03 2.8744100000e-01
6.3270000000e+03 2.8753300000e-01
6.3280000000e+03 2.8762400000e-01
6.3290000000e+03 2.8769100000e-01
6.3300000000e+03 2.8778200000e-01
6.3310000000e+03 2.8787300000e-01
6.3317504880e+03 2.8794200000e-01
6.3320000000e+03 2.8794400000e-01
6.3330000000e+03 2.8795000000e-01
6.3340000000e+03 2.8795600000e-01
6.3350000000e+03 2.8796200000e-01
6.3360000000e+03 2.8794300000e-01
6.3370000000e+03 2.8794900000e-01
6.3380000000e+03 2.8795500000e-01
6.3390000000e+03 2.8796100000e-01
6.3400000000e+03 2.8796700000e-01
6.3410000000e+03 2.8797300000e-01
6.3417529300e+03 2.8795900000e-01
6.3420000000e+03 2.8795100000e-01
6.3430000000e+03 2.8794100000e-01
6.3440000000e+03 2.8793100000e-01
6.3450000000e+03 2.8792200000e-01
6.3460000000e+03 2.8791200000e-01
6.3470000000e+03 2.8790200000e-01
6.3480000000e+03 2.8786800000e-01
6.3490000000e+03 2.8785800000e-01
6.3500000000e+03 2.8784800000e-01
6.3510000000e+03 2.8783800000e-01
6.3517558590e+03 2.8783100000e-01
6.3520000000e+03 2.8783500000e-01
6.3530000000e+03 2.8785100000e-01
6.3540000000e+03 2.8786800000e-01
6.3550000000e+03 2.8786000000e-01
6.3560000000e+03 2.8787600000e-01
6.3570000000e+03 2.8789200000e-01
6.3580000000e+03 2.8790900000e-01
6.3590000000e+03 2.8792500000e-01
6.3600000000e+03 2.8794200000e-01
6.3610000000e+03 2.8793300000e-01
6.3617583010e+03 2.8794600000e-01
6.3620000000e+03 2.8795600000e-01
6.3630000000e+03 2.8799700000e-01
6.3640000000e+03 2.8803900000e-01
6.3650000000e+03 2.8808000000e-01
6.3660000000e+03 2.8812200000e-01
6.3670000000e+03 2.8813800000e-01
6.3680000000e+03 2.8818000000e-01
6.3690000000e+03 2.8822100000e-01
6.3700000000e+03 2.8826300000e-01
6.3710000000e+03 2.8830400000e-01
6.3717612300e+03 2.8833600000e-01
6.3720000000e+03 2.8834900000e-01
6.3730000000e+03 2.8837800000e-01
6.3740000000e+03 2.8843200000e-01
6.3750000000e+03 2.8848600000e-01
6.3760000000e+03 2.8854000000e-01
6.3770000000e+03 2.8859400000e-01
6.3780000000e+03 2.8864900000e-01
6.3790000000e+03 2.8867800000e-01
6.3800000000e+03 2.8873200000e-01
6.3810000000e+03 2.8878600000e-01
6.3817636720e+03 2.8882700000e-01
6.3820000000e+03 2.8883500000e-01
6.3830000000e+03 2.8886800000e-01
6.3840000000e+03 2.8890000000e-01
6.3850000000e+03 2.8890900000e-01
6.3860000000e+03 2.8894100000e-01
6.3870000000e+03 2.8897400000e-01
6.3880000000e+03 2.8900700000e-01
6.3890000000e+03 2.8904000000e-01
6.3900000000e+03 2.8907300000e-01
6.3910000000e+03 2.8908000000e-01
6.3917666020e+03 2.8910500000e-01
6.3920000000e+03 2.8908900000e-01
6.3930000000e+03 2.8902100000e-01
6.3940000000e+03 2.8895200000e-01
6.3950000000e+03 2.8888400000e-01
6.3960000000e+03 2.8881500000e-01
6.3970000000e+03 2.8872200000e-01
6.3980000000e+03 2.8865300000e-01
6.3990000000e+03 2.8858500000e-01
6.4000000000e+03 2.8851600000e-01
6.4010000000e+03 2.8844800000e-01
6.4017690430e+03 2.8839500000e-01
6.4020000000e+03 2.8835100000e-01
6.4030000000e+03 2.8813800000e-01
6.4040000000e+03 2.8795000000e-01
6.4050000000e+03 2.8776200000e-01
6.4060000000e+03 2.8757300000e-01
6.4070000000e+03 2.8738500000e-01
6.4080000000e+03 2.8719600000e-01
6.4090000000e+03 2.8698400000e-01
6.4100000000e+03 2.8679500000e-01
6.4110000000e+03 2.8660700000e-01
6.4117719730e+03 2.8646100000e-01
6.4120000000e+03 2.8639200000e-01
6.4130000000e+03 2.8608900000e-01
6.4140000000e+03 2.8578600000e-01
6.4150000000e+03 2.8545800000e-01
6.4160000000e+03 2.8515500000e-01
6.4170000000e+03 2.8485200000e-01
6.4180000000e+03 2.8454900000e-01
6.4190000000e+03 2.8424500000e-01
6.4200000000e+03 2.8391800000e-01
6.4210000000e+03 2.8361400000e-01
6.4217744140e+03 2.8337900000e-01
6.4220000000e+03 2.8329300000e-01
6.4230000000e+03 2.8291000000e-01
6.4240000000e+03 2.8252600000e-01
6.4250000000e+03 2.8214300000e-01
6.4260000000e+03 2.8173500000e-01
6.4270000000e+03 2.8135200000e-01
6.4280000000e+03 2.8096900000e-01
6.4290000000e+03 2.8058500000e-01
6.4300000000e+03 2.8020200000e-01
6.4310000000e+03 2.7981300000e-01
6.4317773440e+03 2.7949200000e-01
6.4320000000e+03 2.7940100000e-01
6.4330000000e+03 2.7901500000e-01
6.4340000000e+03 2.7863000000e-01
6.4350000000e+03 2.7824400000e-01
6.4360000000e+03 2.7785800000e-01
6.4370000000e+03 2.7747200000e-01
6.4380000000e+03 2.7706300000e-01
6.4390000000e+03 2.7667700000e-01
6.4400000000e+03 2.7629100000e-01
6.4410000000e+03 2.7590500000e-01
6.4417797850e+03 2.7560400000e-01
6.4420000000e+03 2.7553700000e-01
6.4430000000e+03 2.7520700000e-01
6.4440000000e+03 2.7490000000e-01
6.4450000000e+03 2.7459400000e-01
6.4460000000e+03 2.7428800000e-01
6.4470000000e+03 2.7398100000e-01
6.4480000000e+03 2.7367500000e-01
6.4490000000e+03 2.7334500000e-01
6.4500000000e+03 2.7303900000e-01
6.4510000000e+03 2.7273200000e-01
6.4517827150e+03 2.7249200000e-01
6.4520000000e+03 2.7245700000e-01
6.4530000000e+03 2.7229300000e-01
6.4540000000e+03 2.7212800000e-01
6.4550000000e+03 2.7194100000e-01
6.4560000000e+03 2.7177700000e-01
6.4570000000e+03 2.7161300000e-01
6.4580000000e+03 2.7144800000e-01
6.4590000000e+03 2.7128400000e-01
6.4600000000e+03 2.7109700000e-01
6.4610000000e+03 2.7093200000e-01
6.4617851560e+03 2.7080300000e-01
6.4620000000e+03 2.7081000000e-01
6.4630000000e+03 2.7084200000e-01
6.4640000000e+03 2.7087400000e-01
6.4650000000e+03 2.7090600000e-01
6.4660000000e+03 2.7091500000e-01
6.4670000000e+03 2.7094700000e-01
6.4680000000e+03 2.7097900000e-01
6.4690000000e+03 2.7101100000e-01
6.4700000000e+03 2.7104300000e-01
6.4710000000e+03 2.7105100000e-01
6.4717880860e+03 2.7107600000e-01
6.4720000000e+03 2.7111700000e-01
6.4730000000e+03 2.7131200000e-01
6.4740000000e+03 2.7150600000e-01
6.4750000000e+03 2.7170100000e-01
6.4760000000e+03 2.7189500000e-01
6.4770000000e+03 2.7206600000e-01
6.4780000000e+03 2.7226100000e-01
6.4790000000e+03 2.7245500000e-01
6.4800000000e+03 2.7264900000e-01
6.4810000000e+03 2.7284300000e-01
6.4817905270e+03 2.7297800000e-01
6.4820000000e+03 2.7303800000e-01
6.4830000000e+03 2.7334400000e-01
6.4840000000e+03 2.7365000000e-01
6.4850000000e+03 2.7395600000e-01
6.4860000000e+03 2.7426200000e-01
6.4870000000e+03 2.7456800000e-01
6.4880000000e+03 2.7485000000e-01
6.4890000000e+03 2.7515600000e-01
6.4900000000e+03 2.7546200000e-01
6.4910000000e+03 2.7576800000e-01
6.4917934570e+03 2.7601000000e-01
6.4920000000e+03 2.7608500000e-01
6.4930000000e+03 2.7642200000e-01
6.4940000000e+03 2.7678400000e-01
6.4950000000e+03 2.7714500000e-01
6.4960000000e+03 2.7750600000e-01
6.4970000000e+03 2.7786700000e-01
6.4980000000e+03 2.7822800000e-01
6.4990000000e+03 2.7856500000e-01
6.5000000000e+03 2.7892700000e-01
6.5010000000e+03 2.7924200000e-01
6.5017958980e+03 2.7949400000e-01
6.5020000000e+03 2.7955500000e-01
6.5030000000e+03 2.7985300000e-01
6.5040000000e+03 2.8012800000e-01
6.5050000000e+03 2.8042600000e-01
6.5060000000e+03 2.8072400000e-01
6.5070000000e+03 2.8102200000e-01
6.5080000000e+03 2.8132100000e-01
6.5090000000e+03 2.8159400000e-01
6.5100000000e+03 2.8189200000e-01
6.5110000000e+03 2.8219000000e-01
6.5117988280e+03 2.8242700000e-01
6.5120000000e+03 2.8246900000e-01
6.5130000000e+03 2.8268000000e-01
6.5140000000e+03 2.8289100000e-01
6.5150000000e+03 2.8307800000e-01
6.5160000000e+03 2.8328800000e-01
6.5170000000e+03 2.8349900000e-01
6.5180000000e+03 2.8370900000e-01
6.5190000000e+03 2.8392000000e-01
6.5200000000e+03 2.8410600000e-01
6.5210000000e+03 2.8431600000e-01
6.5218012700e+03 2.8448400000e-01
6.5220000000e+03 2.8450800000e-01
6.5230000000e+03 2.8463000000e-01
6.5240000000e+03 2.8475100000e-01
6.5250000000e+03 2.8484800000e-01
6.5260000000e+03 2.8497000000e-01
6.5270000000e+03 2.8509100000e-01
6.5280000000e+03 2.8521200000e-01
6.5290000000e+03 2.8533400000e-01
6.5300000000e+03 2.8545500000e-01
6.5310000000e+03 2.8555100000e-01
6.5318041990e+03 2.8564900000e-01
6.5320000000e+03 2.8565700000e-01
6.5330000000e+03 2.8569800000e-01
6.5340000000e+03 2.8574000000e-01
6.5350000000e+03 2.8578100000e-01
6.5360000000e+03 2.8579800000e-01
6.5370000000e+03 2.8583900000e-01
6.5380000000e+03 2.8588000000e-01
6.5390000000e+03 2.8592200000e-01
6.5400000000e+03 2.8596300000e-01
6.5410000000e+03 2.8597900000e-01
6.5418066410e+03 2.8601200000e-01
6.5420000000e+03 2.8600800000e-01
6.5430000000e+03 2.8598600000e-01
6.5440000000e+03 2.8596500000e-01
6.5450000000e+03 2.8594300000e-01
6.5460000000e+03 2.8589700000e-01
6.5470000000e+03 2.8587500000e-01
6.5480000000e+03 2.8585400000e-01
6.5490000000e+03 2.8583200000e-01
6.5500000000e+03 2.8581100000e-01
6.5510000000e+03 2.8576400000e-01
6.5518095700e+03 2.8574700000e-01
6.5520000000e+03 2.8573700000e-01
6.5530000000e+03 2.8568500000e-01
6.5540000000e+03 2.8563400000e-01
6.5550000000e+03 2.8558300000e-01
6.5560000000e+03 2.8550700000e-01
6.5570000000e+03 2.8545500000e-01
6.5580000000e+03 2.8540400000e-01
6.5590000000e+03 2.8535300000e-01
6.5600000000e+03 2.8530100000e-01
6.5610000000e+03 2.8522500000e-01
6.5618120120e+03 2.8518300000e-01
6.5620000000e+03 2.8517200000e-01
6.5630000000e+03 2.8511000000e-01
6.5640000000e+03 2.8504800000e-01
6.5650000000e+03 2.8498600000e-01
6.5660000000e+03 2.8492500000e-01
6.5670000000e+03 2.8483800000e-01
6.5680000000e+03 2.8477700000e-01
6.5690000000e+03 2.8471500000e-01
6.5700000000e+03 2.8465300000e-01
6.5710000000e+03 2.8459100000e-01
6.5718149410e+03 2.8452100000e-01
6.5720000000e+03 2.8450400000e-01
6.5730000000e+03 2.8443800000e-01
6.5740000000e+03 2.8437200000e-01
6.5750000000e+03 2.8430600000e-01
6.5760000000e+03 2.8424000000e-01
6.5770000000e+03 2.8415000000e-01
6.5780000000e+03 2.8408400000e-01
6.5790000000e+03 2.8401800000e-01
6.5800000000e+03 2.8395200000e-01
6.5810000000e+03 2.8388600000e-01
6.5818173830e+03 2.8381200000e-01
6.5820000000e+03 2.8379100000e-01
6.5830000000e+03 2.8369700000e-01
6.5840000000e+03 2.8360200000e-01
6.5850000000e+03 2.8350800000e-01
6.5860000000e+03 2.8341400000e-01
6.5870000000e+03 2.8329600000e-01
6.5880000000e+03 2.8320200000e-01
6.5890000000e+03 2.8310800000e-01
6.5900000000e+03 2.8301400000e-01
6.5910000000e+03 2.8292000000e-01
6.5918203120e+03 2.8282300000e-01
6.5920000000e+03 2.8279700000e-01
6.5930000000e+03 2.8267700000e-01
6.5940000000e+03 2.8255700000e-01
6.5950000000e+03 2.8243700000e-01
6.5960000000e+03 2.8231700000e-01
6.5970000000e+03 2.8217200000e-01
6.5980000000e+03 2.8205200000e-01
6.5990000000e+03 2.8193200000e-01
6.6000000000e+03 2.8181200000e-01
6.6010000000e+03 2.8169200000e-01
6.6018227540e+03 2.8157400000e-01
6.6020000000e+03 2.8154300000e-01
6.6030000000e+03 2.8139600000e-01
6.6040000000e+03 2.8124800000e-01
6.6050000000e+03 2.8110100000e-01
6.6060000000e+03 2.8092900000e-01
6.6070000000e+03 2.8078200000e-01
6.6080000000e+03 2.8063400000e-01
6.6090000000e+03 2.8048700000e-01
6.6100000000e+03 2.8034000000e-01
6.6110000000e+03 2.8016800000e-01
6.6118256840e+03 2.8004700000e-01
6.6120000000e+03 2.8001900000e-01
6.6130000000e+03 2.7986400000e-01
6.6140000000e+03 2.7970800000e-01
6.6150000000e+03 2.7955300000e-01
6.6160000000e+03 2.7937300000e-01
6.6170000000e+03 2.7921800000e-01
6.6180000000e+03 2.7906300000e-01
6.6190000000e+03 2.7890700000e-01
6.6200000000e+03 2.7875200000e-01
6.6210000000e+03 2.7857300000e-01
6.6218281250e+03 2.7844400000e-01
6.6220000000e+03 2.7842000000e-01
6.6230000000e+03 2.7828200000e-01
6.6240000000e+03 2.7814300000e-01
6.6250000000e+03 2.7800500000e-01
6.6260000000e+03 2.7784200000e-01
6.6270000000e+03 2.7770400000e-01
6.6280000000e+03 2.7756600000e-01
6.6290000000e+03 2.7742700000e-01
6.6300000000e+03 2.7728900000e-01
6.6310000000e+03 2.7711600000e-01
6.6318310550e+03 2.7699200000e-01
6.6320000000e+03 2.7697200000e-01
6.6330000000e+03 2.7685700000e-01
6.6340000000e+03 2.7674100000e-01
6.6350000000e+03 2.7662500000e-01
6.6360000000e+03 2.7648600000e-01
6.6370000000e+03 2.7637000000e-01
6.6380000000e+03 2.7625400000e-01
6.6390000000e+03 2.7613900000e-01
6.6400000000e+03 2.7600000000e-01
6.6410000000e+03 2.7588400000e-01
6.6418334960e+03 2.7578700000e-01
6.6420000000e+03 2.7577500000e-01
6.6430000000e+03 2.7569800000e-01
6.6440000000e+03 2.7562100000e-01
6.6450000000e+03 2.7552000000e-01
6.6460000000e+03 2.7544300000e-01
6.6470000000e+03 2.7536600000e-01
6.6480000000e+03 2.7528900000e-01
6.6490000000e+03 2.7521200000e-01
6.6500000000e+03 2.7511200000e-01
6.6510000000e+03 2.7503500000e-01
6.6518364260e+03 2.7497000000e-01
6.6520000000e+03 2.7496000000e-01
6.6530000000e+03 2.7489800000e-01
6.6540000000e+03 2.7483500000e-01
6.6550000000e+03 2.7474900000e-01
6.6560000000e+03 2.7468700000e-01
6.6570000000e+03 2.7462500000e-01
6.6580000000e+03 2.7456200000e-01
6.6590000000e+03 2.7447700000e-01
6.6600000000e+03 2.7441400000e-01
6.6610000000e+03 2.7435200000e-01
6.6618388670e+03 2.7429900000e-01
6.6620000000e+03 2.7428500000e-01
6.6630000000e+03 2.7419400000e-01
6.6640000000e+03 2.7408000000e-01
6.6650000000e+03 2.7398900000e-01
6.6660000000e+03 2.7389900000e-01
6.6670000000e+03 2.7380800000e-01
6.6680000000e+03 2.7371800000e-01
6.6690000000e+03 2.7360300000e-01
6.6700000000e+03 2.7351300000e-01
6.6710000000e+03 2.7342200000e-01
6.6718417970e+03 2.7334600000e-01
6.6720000000e+03 2.7332200000e-01
6.6730000000e+03 2.7314700000e-01
6.6740000000e+03 2.7299500000e-01
6.6750000000e+03 2.7284400000e-01
6.6760000000e+03 2.7269200000e-01
6.6770000000e+03 2.7254100000e-01
6.6780000000e+03 2.7236600000e-01
6.6790000000e+03 2.7221500000e-01
6.6800000000e+03 2.7206300000e-01
6.6810000000e+03 2.7191200000e-01
6.6818442380e+03 2.7178400000e-01
6.6820000000e+03 2.7175600000e-01
6.6830000000e+03 2.7155400000e-01
6.6840000000e+03 2.7137500000e-01
6.6850000000e+03 2.7119600000e-01
6.6860000000e+03 2.7101700000e-01
6.6870000000e+03 2.7081400000e-01
6.6880000000e+03 2.7063600000e-01
6.6890000000e+03 2.7045700000e-01
6.6900000000e+03 2.7027800000e-01
6.6910000000e+03 2.7009900000e-01
6.6918471680e+03 2.6992800000e-01
6.6920000000e+03 2.6989200000e-01
6.6930000000e+03 2.6967700000e-01
6.6940000000e+03 2.6946300000e-01
6.6950000000e+03 2.6924900000e-01
6.6960000000e+03 2.6901100000e-01
6.6970000000e+03 2.6879700000e-01
6.6980000000e+03 2.6858300000e-01
6.6990000000e+03 2.6836900000e-01
6.7000000000e+03 2.6815500000e-01
6.7010000000e+03 2.6791800000e-01
6.7018496090e+03 2.6773600000e-01
6.7020000000e+03 2.6770700000e-01
6.7030000000e+03 2.6751500000e-01
6.7040000000e+03 2.6732300000e-01
6.7050000000e+03 2.6710900000e-01
6.7060000000e+03 2.6691700000e-01
6.7070000000e+03 2.6672500000e-01
6.7080000000e+03 2.6653400000e-01
6.7090000000e+03 2.6634200000e-01
6.7100000000e+03 2.6612800000e-01
6.7110000000e+03 2.6593700000e-01
6.7118525390e+03 2.6577400000e-01
6.7120000000e+03 2.6575300000e-01
6.7130000000e+03 2.6561400000e-01
6.7140000000e+03 2.6545100000e-01
6.7150000000e+03 2.6531200000e-01
6.7160000000e+03 2.6517300000e-01
6.7170000000e+03 2.6503300000e-01
6.7180000000e+03 2.6489400000e-01
6.7190000000e+03 2.6473200000e-01
6.7200000000e+03 2.6459300000e-01
6.7210000000e+03 2.6445300000e-01
6.7218549800e+03 2.6433400000e-01
6.7220000000e+03 2.6432700000e-01
6.7230000000e+03 2.6425700000e-01
6.7240000000e+03 2.6420900000e-01
6.7250000000e+03 2.6416100000e-01
6.7260000000e+03 2.6411400000e-01
6.7270000000e+03 2.6406600000e-01
6.7280000000e+03 2.6399500000e-01
6.7290000000e+03 2.6394800000e-01
6.7300000000e+03 2.6390000000e-01
6.7310000000e+03 2.6385200000e-01
6.7318579100e+03 2.6379200000e-01
6.7320000000e+03 2.6379500000e-01
6.7330000000e+03 2.6384400000e-01
6.7340000000e+03 2.6389200000e-01
6.7350000000e+03 2.6394100000e-01
6.7360000000e+03 2.6398900000e-01
6.7370000000e+03 2.6401500000e-01
6.7380000000e+03 2.6406300000e-01
6.7390000000e+03 2.6411200000e-01
6.7400000000e+03 2.6416000000e-01
6.7410000000e+03 2.6418500000e-01
6.7418603520e+03 2.6422700000e-01
6.7420000000e+03 2.6424400000e-01
6.7430000000e+03 2.6436600000e-01
6.7440000000e+03 2.6448700000e-01
6.7450000000e+03 2.6460900000e-01
6.7460000000e+03 2.6470700000e-01
6.7470000000e+03 2.6482800000e-01
6.7480000000e+03 2.6495000000e-01
6.7490000000e+03 2.6507100000e-01
6.7500000000e+03 2.6516900000e-01
6.7510000000e+03 2.6529000000e-01
6.7518632810e+03 2.6539500000e-01
6.7520000000e+03 2.6541700000e-01
6.7530000000e+03 2.6557800000e-01
6.7540000000e+03 2.6571700000e-01
6.7550000000e+03 2.6587900000e-01
6.7560000000e+03 2.6604000000e-01
6.7570000000e+03 2.6620100000e-01
6.7580000000e+03 2.6636300000e-01
6.7590000000e+03 2.6650100000e-01
6.7600000000e+03 2.6666200000e-01
6.7610000000e+03 2.6682300000e-01
6.7618657230e+03 2.6696200000e-01
6.7620000000e+03 2.6698100000e-01
6.7630000000e+03 2.6710100000e-01
6.7640000000e+03 2.6724300000e-01
6.7650000000e+03 2.6738600000e-01
6.7660000000e+03 2.6752800000e-01
6.7670000000e+03 2.6764700000e-01
6.7680000000e+03 2.6778900000e-01
6.7690000000e+03 2.6793100000e-01
6.7700000000e+03 2.6807300000e-01
6.7710000000e+03 2.6821500000e-01
6.7718686520e+03 2.6831800000e-01
6.7720000000e+03 2.6832800000e-01
6.7730000000e+03 2.6842900000e-01
6.7740000000e+03 2.6853000000e-01
6.7750000000e+03 2.6863100000e-01
6.7760000000e+03 2.6870800000e-01
6.7770000000e+03 2.6880900000e-01
6.7780000000e+03 2.6890900000e-01
6.7790000000e+03 2.6900900000e-01
6.7800000000e+03 2.6908700000e-01
6.7810000000e+03 2.6918700000e-01
6.7818710940e+03 2.6927400000e-01
6.7820000000e+03 2.6927900000e-01
6.7830000000e+03 2.6931800000e-01
6.7840000000e+03 2.6935700000e-01
6.7850000000e+03 2.6937300000e-01
6.7860000000e+03 2.6941200000e-01
6.7870000000e+03 2.6945100000e-01
6.7880000000e+03 2.6948900000e-01
6.7890000000e+03 2.6950500000e-01
6.7900000000e+03 2.6954400000e-01
6.7910000000e+03 2.6958300000e-01
6.7918740230e+03 2.6961600000e-01
6.7920000000e+03 2.6961500000e-01
6.7930000000e+03 2.6958500000e-01
6.7940000000e+03 2.6957800000e-01
6.7950000000e+03 2.6957100000e-01
6.7960000000e+03 2.6956400000e-01
6.7970000000e+03 2.6953400000e-01
6.7980000000e+03 2.6952600000e-01
6.7990000000e+03 2.6951900000e-01
6.8000000000e+03 2.6951200000e-01
6.8010000000e+03 2.6950500000e-01
6.8018764650e+03 2.6947900000e-01
6.8020000000e+03 2.6947100000e-01
6.8030000000e+03 2.6943000000e-01
6.8040000000e+03 2.6939000000e-01
6.8050000000e+03 2.6934900000e-01
6.8060000000e+03 2.6928500000e-01
6.8070000000e+03 2.6924500000e-01
6.8080000000e+03 2.6920400000e-01
6.8090000000e+03 2.6916400000e-01
6.8100000000e+03 2.6910000000e-01
6.8110000000e+03 2.6906000000e-01
6.8118793950e+03 2.6902400000e-01
6.8120000000e+03 2.6901700000e-01
6.8130000000e+03 2.6896000000e-01
6.8140000000e+03 2.6888000000e-01
6.8150000000e+03 2.6882300000e-01
6.8160000000e+03 2.6876600000e-01
6.8170000000e+03 2.6870800000e-01
6.8180000000e+03 2.6862800000e-01
6.8190000000e+03 2.6857100000e-01
6.8200000000e+03 2.6851400000e-01
6.8210000000e+03 2.6845700000e-01
6.8218823240e+03 2.6840700000e-01
6.8220000000e+03 2.6839900000e-01
6.8230000000e+03 2.6831500000e-01
6.8240000000e+03 2.6825400000e-01
6.8250000000e+03 2.6819200000e-01
6.8260000000e+03 2.6813100000e-01
6.8270000000e+03 2.6804700000e-01
6.8280000000e+03 2.6798500000e-01
6.8290000000e+03 2.6792400000e-01
6.8300000000e+03 2.6786300000e-01
6.8310000000e+03 2.6778400000e-01
6.8318847660e+03 2.6773600000e-01
6.8320000000e+03 2.6772700000e-01
6.8330000000e+03 2.6765100000e-01
6.8340000000e+03 2.6757500000e-01
6.8350000000e+03 2.6747700000e-01
6.8360000000e+03 2.6740100000e-01
6.8370000000e+03 2.6732500000e-01
6.8380000000e+03 2.6724900000e-01
6.8390000000e+03 2.6715000000e-01
6.8400000000e+03 2.6707500000e-01
6.8410000000e+03 2.6699900000e-01
6.8418876950e+03 2.6693200000e-01
6.8420000000e+03 2.6692300000e-01
6.8430000000e+03 2.6682400000e-01
6.8440000000e+03 2.6674800000e-01
6.8450000000e+03 2.6667100000e-01
6.8460000000e+03 2.6659500000e-01
6.8470000000e+03 2.6649500000e-01
6.8480000000e+03 2.6641900000e-01
6.8490000000e+03 2.6634300000e-01
6.8500000000e+03 2.6626700000e-01
6.8510000000e+03 2.6616700000e-01
6.8518901370e+03 2.6609900000e-01
6.8520000000e+03 2.6609100000e-01
6.8530000000e+03 2.6601100000e-01
6.8540000000e+03 2.6593100000e-01
6.8550000000e+03 2.6585100000e-01
6.8560000000e+03 2.6574800000e-01
6.8570000000e+03 2.6566900000e-01
6.8580000000e+03 2.6558900000e-01
6.8590000000e+03 2.6550900000e-01
6.8600000000e+03 2.6540600000e-01
6.8610000000e+03 2.6532700000e-01
6.8618925780e+03 2.6525500000e-01
6.8620000000e+03 2.6524900000e-01
6.8630000000e+03 2.6518900000e-01
6.8640000000e+03 2.6510600000e-01
6.8650000000e+03 2.6504500000e-01
6.8660000000e+03 2.6498500000e-01
6.8670000000e+03 2.6492500000e-01
6.8680000000e+03 2.6484200000e-01
6.8690000000e+03 2.6478200000e-01
6.8700000000e+03 2.6472200000e-01
6.8710000000e+03 2.6466200000e-01
6.8718955080e+03 2.6458700000e-01
6.8720000000e+03 2.6457900000e-01
6.8730000000e+03 2.6452500000e-01
6.8740000000e+03 2.6447000000e-01
6.8750000000e+03 2.6441600000e-01
6.8760000000e+03 2.6433800000e-01
6.8770000000e+03 2.6428400000e-01
6.8780000000e+03 2.6422900000e-01
6.8790000000e+03 2.6417500000e-01
6.8800000000e+03 2.6409700000e-01
6.8810000000e+03 2.6404300000e-01
6.8818984380e+03 2.6399400000e-01
6.8820000000e+03 2.6399200000e-01
6.8830000000e+03 2.6397600000e-01
6.8840000000e+03 2.6393600000e-01
6.8850000000e+03 2.6392000000e-01
6.8860000000e+03 2.6390400000e-01
6.8870000000e+03 2.6388700000e-01
6.8880000000e+03 2.6384800000e-01
6.8890000000e+03 2.6383200000e-01
6.8900000000e+03 2.6381500000e-01
6.8910000000e+03 2.6379900000e-01
6.8919008790e+03 2.6376400000e-01
6.8920000000e+03 2.6375700000e-01
6.8930000000e+03 2.6371800000e-01
6.8940000000e+03 2.6367800000e-01
6.8950000000e+03 2.6363800000e-01
6.8960000000e+03 2.6357500000e-01
6.8970000000e+03 2.6353600000e-01
6.8980000000e+03 2.6349600000e-01
6.8990000000e+03 2.6345600000e-01
6.9000000000e+03 2.6339400000e-01
6.9010000000e+03 2.6335400000e-01
6.9019038090e+03 2.6331800000e-01
6.9020000000e+03 2.6330800000e-01
6.9030000000e+03 2.6320600000e-01
6.9040000000e+03 2.6308000000e-01
6.9050000000e+03 2.6297800000e-01
6.9060000000e+03 2.6287500000e-01
6.9070000000e+03 2.6277300000e-01
6.9080000000e+03 2.6264800000e-01
6.9090000000e+03 2.6254600000e-01
6.9100000000e+03 2.6244300000e-01
6.9110000000e+03 2.6231800000e-01
6.9119062500e+03 2.6222600000e-01
6.9120000000e+03 2.6220600000e-01
6.9130000000e+03 2.6199800000e-01
6.9140000000e+03 2.6178900000e-01
6.9150000000e+03 2.6155800000e-01
6.9160000000e+03 2.6135000000e-01
6.9170000000e+03 2.6114100000e-01
6.9180000000e+03 2.6093300000e-01
6.9190000000e+03 2.6070200000e-01
6.9200000000e+03 2.6049400000e-01
6.9210000000e+03 2.6028700000e-01
6.9219091800e+03 2.6009800000e-01
6.9220000000e+03 2.6006400000e-01
6.9230000000e+03 2.5967400000e-01
6.9240000000e+03 2.5930600000e-01
6.9250000000e+03 2.5893800000e-01
6.9260000000e+03 2.5857000000e-01
6.9270000000e+03 2.5818000000e-01
6.9280000000e+03 2.5781300000e-01
6.9290000000e+03 2.5744500000e-01
6.9300000000e+03 2.5707800000e-01
6.9310000000e+03 2.5668900000e-01
6.9319116210e+03 2.5635400000e-01
6.9320000000e+03 2.5631400000e-01
6.9330000000e+03 2.5586000000e-01
6.9340000000e+03 2.5540600000e-01
6.9350000000e+03 2.5493000000e-01
6.9360000000e+03 2.5447700000e-01
6.9370000000e+03 2.5402300000e-01
6.9380000000e+03 2.5357000000e-01
6.9390000000e+03 2.5309500000e-01
6.9400000000e+03 2.5264200000e-01
6.9410000000e+03 2.5218900000e-01
6.9419145510e+03 2.5175500000e-01
6.9420000000e+03 2.5171200000e-01
6.9430000000e+03 2.5122500000e-01
6.9440000000e+03 2.5073800000e-01
6.9450000000e+03 2.5025200000e-01
6.9460000000e+03 2.4974400000e-01
6.9470000000e+03 2.4925800000e-01
6.9480000000e+03 2.4877200000e-01
6.9490000000e+03 2.4828600000e-01
6.9500000000e+03 2.4777900000e-01
6.9510000000e+03 2.4729300000e-01
6.9519169920e+03 2.4684800000e-01
6.9520000000e+03 2.4681600000e-01
6.9530000000e+03 2.4641900000e-01
6.9540000000e+03 2.4600100000e-01
6.9550000000e+03 2.4560400000e-01
6.9560000000e+03 2.4520800000e-01
6.9570000000e+03 2.4481200000e-01
6.9580000000e+03 2.4439500000e-01
6.9590000000e+03 2.4399900000e-01
6.9600000000e+03 2.4360300000e-01
6.9610000000e+03 2.4320800000e-01
6.9619199220e+03 2.4282500000e-01
6.9620000000e+03 2.4280600000e-01
6.9630000000e+03 2.4259000000e-01
6.9640000000e+03 2.4237400000e-01
6.9650000000e+03 2.4213700000e-01
6.9660000000e+03 2.4192200000e-01
6.9670000000e+03 2.4170600000e-01
6.9680000000e+03 2.4149100000e-01
6.9690000000e+03 2.4125400000e-01
6.9700000000e+03 2.4103900000e-01
6.9710000000e+03 2.4082400000e-01
6.9719223630e+03 2.4062600000e-01
6.9720000000e+03 2.4062700000e-01
6.9730000000e+03 2.4062800000e-01
6.9740000000e+03 2.4065000000e-01
6.9750000000e+03 2.4067200000e-01
6.9760000000e+03 2.4069400000e-01
6.9770000000e+03 2.4069500000e-01
6.9780000000e+03 2.4071600000e-01
6.9790000000e+03 2.4073800000e-01
6.9800000000e+03 2.4073900000e-01
6.9810000000e+03 2.4076100000e-01
6.9819252930e+03 2.4078100000e-01
6.9820000000e+03 2.4079600000e-01
6.9830000000e+03 2.4100800000e-01
6.9840000000e+03 2.4119800000e-01
6.9850000000e+03 2.4140900000e-01
6.9860000000e+03 2.4162000000e-01
6.9870000000e+03 2.4183100000e-01
6.9880000000e+03 2.4202100000e-01
6.9890000000e+03 2.4223200000e-01
6.9900000000e+03 2.4244200000e-01
6.9910000000e+03 2.4265300000e-01
6.9919277340e+03 2.4282900000e-01
6.9920000000e+03 2.4285300000e-01
6.9930000000e+03 2.4320700000e-01
6.9940000000e+03 2.4356100000e-01
6.9950000000e+03 2.4389300000e-01
6.9960000000e+03 2.4424700000e-01
6.9970000000e+03 2.4460000000e-01
6.9980000000e+03 2.4495300000e-01
6.9990000000e+03 2.4528500000e-01
7.0000000000e+03 2.4563800000e-01
7.0010000000e+03 2.4596400000e-01
7.0019306640e+03 2.4626700000e-01
7.0020000000e+03 2.4629000000e-01
7.0030000000e+03 2.4659400000e-01
7.0040000000e+03 2.4692000000e-01
7.0050000000e+03 2.4724500000e-01
7.0060000000e+03 2.4754900000e-01
7.0070000000e+03 2.4787400000e-01
7.0080000000e+03 2.4819900000e-01
7.0090000000e+03 2.4852300000e-01
7.0100000000e+03 2.4882600000e-01
7.0110000000e+03 2.4915000000e-01
7.0119331050e+03 2.4945200000e-01
7.0120000000e+03 2.4946700000e-01
7.0130000000e+03 2.4968700000e-01
7.0140000000e+03 2.4988600000e-01
7.0150000000e+03 2.5010600000e-01
7.0160000000e+03 2.5032600000e-01
7.0170000000e+03 2.5052400000e-01
7.0180000000e+03 2.5074300000e-01
7.0190000000e+03 2.5096300000e-01
7.0200000000e+03 2.5118200000e-01
7.0210000000e+03 2.5137900000e-01
7.0219360350e+03 2.5158400000e-01
7.0220000000e+03 2.5158900000e-01
7.0230000000e+03 2.5166200000e-01
7.0240000000e+03 2.5173500000e-01
7.0250000000e+03 2.5178500000e-01
7.0260000000e+03 2.5185800000e-01
7.0270000000e+03 2.5193000000e-01
7.0280000000e+03 2.5198100000e-01
7.0290000000e+03 2.5205300000e-01
7.0300000000e+03 2.5212600000e-01
7.0310000000e+03 2.5218900000e-01
7.0319384770e+03 2.5222800000e-01
7.0320000000e+03 2.5222400000e-01
7.0330000000e+03 2.5219300000e-01
7.0340000000e+03 2.5216100000e-01
7.0350000000e+03 2.5212900000e-01
7.0360000000e+03 2.5207500000e-01
7.0370000000e+03 2.5204300000e-01
7.0380000000e+03 2.5201100000e-01
7.0390000000e+03 2.5195700000e-01
7.0400000000e+03 2.5192500000e-01
7.0410000000e+03 2.5189300000e-01
7.0419414060e+03 2.5186200000e-01
7.0420000000e+03 2.5185100000e-01
7.0430000000e+03 2.5164200000e-01
7.0440000000e+03 2.5145500000e-01
7.0450000000e+03 2.5126700000e-01
7.0460000000e+03 2.5108000000e-01
7.0470000000e+03 2.5087100000e-01
7.0480000000e+03 2.5068400000e-01
7.0490000000e+03 2.5049700000e-01
7.0500000000e+03 2.5028800000e-01
7.0510000000e+03 2.5010100000e-01
7.0519438480e+03 2.4992500000e-01
7.0520000000e+03 2.4988600000e-01
7.0530000000e+03 2.4918700000e-01
7.0540000000e+03 2.4846800000e-01
7.0550000000e+03 2.4777000000e-01
7.0560000000e+03 2.4707300000e-01
7.0570000000e+03 2.4635500000e-01
7.0580000000e+03 2.4565800000e-01
7.0590000000e+03 2.4496200000e-01
7.0600000000e+03 2.4426700000e-01
7.0610000000e+03 2.4355100000e-01
7.0619467770e+03 2.4289300000e-01
7.0620000000e+03 2.4279100000e-01
7.0630000000e+03 2.4087400000e-01
7.0640000000e+03 2.3893700000e-01
7.0650000000e+03 2.3702200000e-01
7.0660000000e+03 2.3510900000e-01
7.0670000000e+03 2.3319600000e-01
7.0680000000e+03 2.3126500000e-01
7.0690000000e+03 2.2935600000e-01
7.0700000000e+03 2.2744800000e-01
7.0710000000e+03 2.2552100000e-01
7.0719492190e+03 2.2371200000e-01
7.0720000000e+03 2.2353000000e-01
7.0730000000e+03 2.1993800000e-01
7.0740000000e+03 2.1634800000e-01
7.0750000000e+03 2.1274200000e-01
7.0760000000e+03 2.0915700000e-01
7.0770000000e+03 2.0557400000e-01
7.0780000000e+03 2.0199400000e-01
7.0790000000e+03 1.9840000000e-01
7.0800000000e+03 1.9482500000e-01
7.0810000000e+03 1.9125200000e-01
7.0819521480e+03 1.8783800000e-01
7.0820000000e+03 1.8761500000e-01
7.0830000000e+03 1.8297500000e-01
7.0840000000e+03 1.7833900000e-01
7.0850000000e+03 1.7370600000e-01
7.0860000000e+03 1.6906100000e-01
7.0870000000e+03 1.6443400000e-01
7.0880000000e+03 1.5981100000e-01
7.0890000000e+03 1.5517700000e-01
7.0900000000e+03 1.5056000000e-01
7.0910000000e+03 1.4594700000e-01
7.0919545900e+03 1.4154600000e-01
7.0920000000e+03 1.4134700000e-01
7.0930000000e+03 1.3695200000e-01
7.0940000000e+03 1.3257400000e-01
7.0950000000e+03 1.2819800000e-01
7.0960000000e+03 1.2381400000e-01
7.0970000000e+03 1.1944400000e-01
7.0980000000e+03 1.1507800000e-01
7.0990000000e+03 1.1071400000e-01
7.1000000000e+03 1.0634400000e-01
7.1010000000e+03 1.0198700000e-01
7.1019575200e+03 9.7817100000e-02
7.1020000000e+03 9.7678000000e-02
7.1030000000e+03 9.4396800000e-02
7.1040000000e+03 9.1126400000e-02
7.1050000000e+03 8.7858200000e-02
7.1060000000e+03 8.4592200000e-02
7.1070000000e+03 8.1321300000e-02
7.1080000000e+03 7.8060000000e-02
7.1090000000e+03 7.4801000000e-02
7.1100000000e+03 7.1537900000e-02
7.1110000000e+03 6.8283500000e-02
7.1119599610e+03 6.5161500000e-02
7.1120000000e+03 6.5075000000e-02
7.1130000000e+03 6.2915400000e-02
7.1140000000e+03 6.0752100000e-02
7.1150000000e+03 5.8595600000e-02
7.1160000000e+03 5.6440600000e-02
7.1170000000e+03 5.4282400000e-02
7.1180000000e+03 5.2130500000e-02
7.1190000000e+03 4.9980000000e-02
7.1200000000e+03 4.7826900000e-02
7.1210000000e+03 4.5679600000e-02
7.1219628910e+03 4.3613300000e-02
7.1220000000e+03 4.3562900000e-02
7.1230000000e+03 4.2205700000e-02
7.1240000000e+03 4.0845900000e-02
7.1250000000e+03 3.9490700000e-02
7.1260000000e+03 3.8136400000e-02
7.1270000000e+03 3.6779800000e-02
7.1280000000e+03 3.5427400000e-02
7.1290000000e+03 3.4076000000e-02
7.1300000000e+03 3.2725500000e-02
7.1310000000e+03 3.1373200000e-02
7.1319653320e+03 3.0071300000e-02
7.1320000000e+03 3.0041400000e-02
7.1330000000e+03 2.9177800000e-02
7.1340000000e+03 2.8312300000e-02
7.1350000000e+03 2.7449900000e-02
7.1360000000e+03 2.6588100000e-02
7.1370000000e+03 2.5726900000e-02
7.1380000000e+03 2.4864200000e-02
7.1390000000e+03 2.4004200000e-02
7.1400000000e+03 2.3144800000e-02
7.1410000000e+03 2.2284100000e-02
7.1419682620e+03 2.1453200000e-02
7.1420000000e+03 2.1435000000e-02
7.1430000000e+03 2.0861000000e-02
7.1440000000e+03 2.0285700000e-02
7.1450000000e+03 1.9712600000e-02
7.1460000000e+03 1.9139900000e-02
7.1470000000e+03 1.8567600000e-02
7.1480000000e+03 1.7994000000e-02
7.1490000000e+03 1.7422500000e-02
7.1500000000e+03 1.6851400000e-02
7.1510000000e+03 1.6279300000e-02
7.1519707030e+03 1.5725700000e-02
7.1520000000e+03 1.5713800000e-02
7.1530000000e+03 1.5308300000e-02
7.1540000000e+03 1.4903200000e-02
7.1550000000e+03 1.4497000000e-02
7.1560000000e+03 1.4092400000e-02
7.1570000000e+03 1.3688100000e-02
7.1580000000e+03 1.3282900000e-02
7.1590000000e+03 1.2879100000e-02
7.1600000000e+03 1.2475600000e-02
7.1610000000e+03 1.2071400000e-02
7.1619736330e+03 1.1679100000e-02
7.1620000000e+03 1.1671200000e-02
7.1630000000e+03 1.1368600000e-02
7.1640000000e+03 1.1066200000e-02
7.1650000000e+03 1.0763200000e-02
7.1660000000e+03 1.0461200000e-02
7.1670000000e+03 1.0159500000e-02
7.1680000000e+03 9.8571600000e-03
7.1690000000e+03 9.5558800000e-03
7.1700000000e+03 9.2548100000e-03
7.1710000000e+03 8.9531600000e-03
7.1719760740e+03 8.6597100000e-03
7.1720000000e+03 8.6541500000e-03
7.1730000000e+03 8.4216300000e-03
7.1740000000e+03 8.1892800000e-03
7.1750000000e+03 7.9563800000e-03
7.1760000000e+03 7.7243600000e-03
7.1770000000e+03 7.4925000000e-03
7.1780000000e+03 7.2601600000e-03
7.1790000000e+03 7.0286300000e-03
7.1800000000e+03 6.7972600000e-03
7.1810000000e+03 6.5654700000e-03
7.1819790040e+03 6.3392900000e-03
7.1820000000e+03 6.3355100000e-03
7.1830000000e+03 6.1558300000e-03
7.1840000000e+03 5.9762800000e-03
7.1850000000e+03 5.7963400000e-03
7.1860000000e+03 5.6170400000e-03
7.1870000000e+03 5.4378700000e-03
7.1880000000e+03 5.2583500000e-03
7.1890000000e+03 5.0794400000e-03
7.1900000000e+03 4.9006400000e-03
7.1910000000e+03 4.7215600000e-03
7.1919819340e+03 4.5462500000e-03
7.1920000000e+03 4.5438000000e-03
7.1930000000e+03 4.4080900000e-03
7.1940000000e+03 4.2724700000e-03
7.1950000000e+03 4.1365900000e-03
7.1960000000e+03 4.0011700000e-03
7.1970000000e+03 3.8658400000e-03
7.1980000000e+03 3.7302800000e-03
7.1990000000e+03 3.5951500000e-03
7.2000000000e+03 3.4601100000e-03
7.2010000000e+03 3.3248700000e-03
7.2019843750e+03 3.1921400000e-03
7.2020000000e+03 3.1906100000e-03
7.2030000000e+03 3.0932100000e-03
7.2040000000e+03 2.9956100000e-03
7.2050000000e+03 2.8983400000e-03
7.2060000000e+03 2.8011400000e-03
7.2070000000e+03 2.7040100000e-03
7.2080000000e+03 2.6067200000e-03
7.2090000000e+03 2.5097300000e-03
7.2100000000e+03 2.4128000000e-03
7.2110000000e+03 2.3157400000e-03
7.2119873050e+03 2.2201800000e-03
7.2120000000e+03 2.2193300000e-03
7.2130000000e+03 2.1523100000e-03
7.2140000000e+03 2.0851500000e-03
7.2150000000e+03 2.0182200000e-03
7.2160000000e+03 1.9513400000e-03
7.2170000000e+03 1.8845100000e-03
7.2180000000e+03 1.8175600000e-03
7.2190000000e+03 1.7508200000e-03
7.2200000000e+03 1.6841300000e-03
7.2210000000e+03 1.6173400000e-03
7.2219897460e+03 1.5514300000e-03
7.2220000000e+03 1.5509700000e-03
7.2230000000e+03 1.5056600000e-03
7.2240000000e+03 1.4602600000e-03
7.2250000000e+03 1.4150300000e-03
7.2260000000e+03 1.3698200000e-03
7.2270000000e+03 1.3245300000e-03
7.2280000000e+03 1.2793900000e-03
7.2290000000e+03 1.2342800000e-03
7.2300000000e+03 1.1892000000e-03
7.2310000000e+03 1.1440100000e-03
7.2319926760e+03 1.0992800000e-03
7.2320000000e+03 1.0990600000e-03
7.2330000000e+03 1.0683600000e-03
7.2340000000e+03 1.0375900000e-03
7.2350000000e+03 1.0069400000e-03
7.2360000000e+03 9.7631600000e-04
7.2370000000e+03 9.4563200000e-04
7.2380000000e+03 9.1505500000e-04
7.2390000000e+03 8.8450200000e-04
7.2400000000e+03 8.5389700000e-04
7.2410000000e+03 8.2339300000e-04
7.2419951170e+03 7.9306100000e-04
7.2420000000e+03 7.9295900000e-04
7.2430000000e+03 7.7200400000e-04
7.2440000000e+03 7.5113300000e-04
7.2450000000e+03 7.3027900000e-04
7.2460000000e+03 7.0944000000e-04
7.2470000000e+03 6.8855700000e-04
7.2480000000e+03 6.6775200000e-04
7.2490000000e+03 6.4696200000e-04
7.2500000000e+03 6.2613400000e-04
7.2510000000e+03 6.0537800000e-04
7.2519980470e+03 5.8467900000e-04
7.2520000000e+03 5.8465200000e-04
7.2530000000e+03 5.7122800000e-04
7.2540000000e+03 5.5786400000e-04
7.2550000000e+03 5.4451100000e-04
7.2560000000e+03 5.3112200000e-04
7.2570000000e+03 5.1779000000e-04
7.2580000000e+03 5.0446800000e-04
7.2590000000e+03 4.9111400000e-04
7.2600000000e+03 4.7781300000e-04
7.2610000000e+03 4.6452300000e-04
7.2620000000e+03 4.5124300000e-04
7.2620004880e+03 4.5123600000e-04
7.2630000000e+03 4.4096900000e-04
7.2640000000e+03 4.3074400000e-04
7.2650000000e+03 4.2052700000e-04
7.2660000000e+03 4.1028200000e-04
7.2670000000e+03 4.0008100000e-04
7.2680000000e+03 3.8988800000e-04
7.2690000000e+03 3.7966900000e-04
7.2700000000e+03 3.6949200000e-04
7.2710000000e+03 3.5932300000e-04
7.2720000000e+03 3.4913200000e-04
7.2720034180e+03 3.4909700000e-04
7.2730000000e+03 3.4268700000e-04
7.2740000000e+03 3.3625900000e-04
7.2750000000e+03 3.2980700000e-04
7.2760000000e+03 3.2339000000e-04
7.2770000000e+03 3.1697700000e-04
7.2780000000e+03 3.1054200000e-04
7.2790000000e+03 3.0414000000e-04
7.2800000000e+03 2.9774200000e-04
7.2810000000e+03 2.9135000000e-04
7.2820000000e+03 2.8493700000e-04
7.2820058590e+03 2.8490000000e-04
7.2830000000e+03 2.7977300000e-04
7.2840000000e+03 2.7462000000e-04
7.2850000000e+03 2.6944700000e-04
7.2860000000e+03 2.6430200000e-04
7.2870000000e+03 2.5916100000e-04
7.2880000000e+03 2.5400100000e-04
7.2890000000e+03 2.4886900000e-04
7.2900000000e+03 2.4374000000e-04
7.2910000000e+03 2.3859400000e-04
7.2920000000e+03 2.3347300000e-04
7.2920087890e+03 2.3342800000e-04
7.2930000000e+03 2.2897200000e-04
7.2940000000e+03 2.2445900000e-04
7.2950000000e+03 2.1997000000e-04
7.2960000000e+03 2.1548500000e-04
7.2970000000e+03 2.1098400000e-04
7.2980000000e+03 2.0650600000e-04
7.2990000000e+03 2.0203100000e-04
7.3000000000e+03 1.9754200000e-04
7.3010000000e+03 1.9307500000e-04
7.3020000000e+03 1.8861000000e-04
7.3020112300e+03 1.8856000000e-04
7.3030000000e+03 1.8547700000e-04
7.3040000000e+03 1.8234600000e-04
7.3050000000e+03 1.7923200000e-04
7.3060000000e+03 1.7612200000e-04
7.3070000000e+03 1.7299800000e-04
7.3080000000e+03 1.6989300000e-04
7.3090000000e+03 1.6678900000e-04
7.3100000000e+03 1.6367400000e-04
7.3110000000e+03 1.6057600000e-04
7.3120000000e+03 1.5748000000e-04
7.3120141600e+03 1.5743600000e-04
7.3130000000e+03 1.5473400000e-04
7.3140000000e+03 1.5200900000e-04
7.3150000000e+03 1.4928700000e-04
7.3160000000e+03 1.4655300000e-04
7.3170000000e+03 1.4383500000e-04
7.3180000000e+03 1.4111900000e-04
7.3190000000e+03 1.3839200000e-04
7.3200000000e+03 1.3568100000e-04
7.3210000000e+03 1.3297100000e-04
7.3220000000e+03 1.3025200000e-04
7.3220166020e+03 1.3020700000e-04
7.3230000000e+03 1.2843600000e-04
7.3240000000e+03 1.2663700000e-04
7.3250000000e+03 1.2482800000e-04
7.3260000000e+03 1.2303100000e-04
7.3270000000e+03 1.2123600000e-04
7.3280000000e+03 1.1943200000e-04
7.3290000000e+03 1.1763900000e-04
7.3300000000e+03 1.1584800000e-04
7.3310000000e+03 1.1404900000e-04
7.3320000000e+03 1.1226100000e-04
7.3320195310e+03 1.1222600000e-04
7.3330000000e+03 1.1069800000e-04
7.3340000000e+03 1.0913100000e-04
7.3350000000e+03 1.0757500000e-04
7.3360000000e+03 1.0602000000e-04
7.3370000000e+03 1.0445700000e-04
7.3380000000e+03 1.0290400000e-04
7.3390000000e+03 1.0135300000e-04
7.3400000000e+03 9.9802900000e-05
7.3410000000e+03 9.8245400000e-05
7.3420000000e+03 9.6697800000e-05
7.3420219730e+03 9.6663800000e-05
7.3430000000e+03 9.5849700000e-05
7.3440000000e+03 9.5009500000e-05
7.3450000000e+03 9.4178400000e-05
7.3460000000e+03 9.3347900000e-05
7.3470000000e+03 9.2509900000e-05
7.3480000000e+03 9.1680700000e-05
7.3490000000e+03 9.0852100000e-05
7.3500000000e+03 9.0016200000e-05
7.3510000000e+03 8.9189000000e-05
7.3520000000e+03 8.8362300000e-05
7.3520249020e+03 8.8341500000e-05
7.3530000000e+03 8.6558800000e-05
7.3540000000e+03 8.4739700000e-05
7.3550000000e+03 8.2922000000e-05
7.3560000000e+03 8.1098600000e-05
7.3570000000e+03 7.9283800000e-05
7.3580000000e+03 7.7470400000e-05
7.3590000000e+03 7.5651700000e-05
7.3600000000e+03 7.3841200000e-05
7.3610000000e+03 7.2032100000e-05
7.3620000000e+03 7.0218300000e-05
7.3620273440e+03 7.0168900000e-05
7.3630000000e+03 6.9158400000e-05
7.3640000000e+03 6.8120300000e-05
7.3650000000e+03 6.7077200000e-05
7.3660000000e+03 6.6040700000e-05
7.3670000000e+03 6.5005100000e-05
7.3680000000e+03 6.3964700000e-05
7.3690000000e+03 6.2930700000e-05
7.3700000000e+03 6.1897500000e-05
7.3710000000e+03 6.0859800000e-05
7.3720000000e+03 5.9828300000e-05
7.3720302730e+03 5.9797100000e-05
