# photband: HST_WFC3_F555W
# source: SVO Filter Profile Service
# svo_id: HST/WFC3_UVIS1.F555W
# detector_type: 1
# response_type: photon
# components: Filter + CCD + Instrument
# profile_reference: https://www.stsci.edu/hst/instrumentation/wfc3/performance/throughputs
# wavelength_unit: Angstrom
# columns: wavelength transmission
4.3230000000e+03 5.9812200000e-05
4.3240000000e+03 6.5713700000e-05
4.3250000000e+03 7.1616800000e-05
4.3260000000e+03 7.7521600000e-05
4.3270000000e+03 8.3435000000e-05
4.3280000000e+03 8.9343400000e-05
4.3290000000e+03 9.5253400000e-05
4.3300000000e+03 1.0116500000e-04
4.3310000000e+03 1.0707800000e-04
4.3312177730e+03 1.0836800000e-04
4.3320000000e+03 1.1137400000e-04
4.3330000000e+03 1.1520800000e-04
4.3340000000e+03 1.1904300000e-04
4.3350000000e+03 1.2287900000e-04
4.3360000000e+03 1.2671600000e-04
4.3370000000e+03 1.3055400000e-04
4.3380000000e+03 1.3440500000e-04
4.3390000000e+03 1.3824500000e-04
4.3400000000e+03 1.4208700000e-04
4.3410000000e+03 1.4592900000e-04
4.3420000000e+03 1.4977300000e-04
4.3430000000e+03 1.5361700000e-04
4.3440000000e+03 1.5747600000e-04
4.3450000000e+03 1.6132300000e-04
4.3460000000e+03 1.6517100000e-04
4.3470000000e+03 1.6902000000e-04
4.3480000000e+03 1.7287000000e-04
4.3490000000e+03 1.7673600000e-04
4.3500000000e+03 1.8058900000e-04
4.3510000000e+03 1.8444200000e-04
4.3512226560e+03 1.8530000000e-04
4.3520000000e+03 2.0997900000e-04
4.3530000000e+03 2.4173400000e-04
4.3540000000e+03 2.7349700000e-04
4.3550000000e+03 3.0529500000e-04
4.3560000000e+03 3.3707700000e-04
4.3570000000e+03 3.6886900000e-04
4.3580000000e+03 4.0066800000e-04
4.3590000000e+03 4.3247700000e-04
4.3600000000e+03 4.6429300000e-04
4.3610000000e+03 4.9616000000e-04
4.3612255860e+03 5.0334100000e-04
4.3620000000e+03 5.6171900000e-04
4.3630000000e+03 6.3712100000e-04
4.3640000000e+03 7.1254200000e-04
4.3650000000e+03 7.8798300000e-04
4.3660000000e+03 8.6351800000e-04
4.3670000000e+03 9.3900600000e-04
4.3680000000e+03 1.0145100000e-03
4.3690000000e+03 1.0900400000e-03
4.3700000000e+03 1.1655900000e-03
4.3710000000e+03 1.2411500000e-03
4.3712280270e+03 1.2584100000e-03
4.3720000000e+03 1.3862600000e-03
4.3730000000e+03 1.5518000000e-03
4.3740000000e+03 1.7173900000e-03
4.3750000000e+03 1.8830100000e-03
4.3760000000e+03 2.0486900000e-03
4.3770000000e+03 2.2144000000e-03
4.3780000000e+03 2.3803700000e-03
4.3790000000e+03 2.5461800000e-03
4.3800000000e+03 2.7120400000e-03
4.3810000000e+03 2.8779500000e-03
4.3812304690e+03 2.9161900000e-03
4.3820000000e+03 3.1708200000e-03
4.3830000000e+03 3.5018000000e-03
4.3840000000e+03 3.8331800000e-03
4.3850000000e+03 4.1643600000e-03
4.3860000000e+03 4.4956200000e-03
4.3870000000e+03 4.8269700000e-03
4.3880000000e+03 5.1584000000e-03
4.3890000000e+03 5.4899300000e-03
4.3900000000e+03 5.8220300000e-03
4.3910000000e+03 6.1537500000e-03
4.3912333980e+03 6.2311900000e-03
4.3920000000e+03 6.6933000000e-03
4.3930000000e+03 7.2962400000e-03
4.3940000000e+03 7.8993300000e-03
4.3950000000e+03 8.5025900000e-03
4.3960000000e+03 9.1067800000e-03
4.3970000000e+03 9.7104000000e-03
4.3980000000e+03 1.0314200000e-02
4.3990000000e+03 1.0918100000e-02
4.4000000000e+03 1.1522200000e-02
4.4010000000e+03 1.2127500000e-02
4.4012358400e+03 1.2270000000e-02
4.4020000000e+03 1.2997500000e-02
4.4030000000e+03 1.3949800000e-02
4.4040000000e+03 1.4902200000e-02
4.4050000000e+03 1.5855000000e-02
4.4060000000e+03 1.6808000000e-02
4.4070000000e+03 1.7762700000e-02
4.4080000000e+03 1.8716300000e-02
4.4090000000e+03 1.9670100000e-02
4.4100000000e+03 2.0624100000e-02
4.4110000000e+03 2.1578400000e-02
4.4112387700e+03 2.1806300000e-02
4.4120000000e+03 2.2848000000e-02
4.4130000000e+03 2.4216800000e-02
4.4140000000e+03 2.5588200000e-02
4.4150000000e+03 2.6957800000e-02
4.4160000000e+03 2.8327800000e-02
4.4170000000e+03 2.9698100000e-02
4.4180000000e+03 3.1068800000e-02
4.4190000000e+03 3.2439800000e-02
4.4200000000e+03 3.3814100000e-02
4.4210000000e+03 3.5186000000e-02
4.4212412110e+03 3.5516900000e-02
4.4220000000e+03 3.6870900000e-02
4.4230000000e+03 3.8655700000e-02
4.4240000000e+03 4.0441000000e-02
4.4250000000e+03 4.2226700000e-02
4.4260000000e+03 4.4016700000e-02
4.4270000000e+03 4.5803500000e-02
4.4280000000e+03 4.7590800000e-02
4.4290000000e+03 4.9378500000e-02
4.4300000000e+03 5.1166700000e-02
4.4310000000e+03 5.2957400000e-02
4.4312441410e+03 5.3395800000e-02
4.4320000000e+03 5.5017100000e-02
4.4330000000e+03 5.7158200000e-02
4.4340000000e+03 5.9300100000e-02
4.4350000000e+03 6.1442600000e-02
4.4360000000e+03 6.3585900000e-02
4.4370000000e+03 6.5729900000e-02
4.4380000000e+03 6.7880300000e-02
4.4390000000e+03 7.0025900000e-02
4.4400000000e+03 7.2172200000e-02
4.4410000000e+03 7.4319200000e-02
4.4412465820e+03 7.4848700000e-02
4.4420000000e+03 7.6529200000e-02
4.4430000000e+03 7.8760300000e-02
4.4440000000e+03 8.0999100000e-02
4.4450000000e+03 8.3231800000e-02
4.4460000000e+03 8.5465400000e-02
4.4470000000e+03 8.7699600000e-02
4.4480000000e+03 8.9934600000e-02
4.4490000000e+03 9.2170400000e-02
4.4500000000e+03 9.4414900000e-02
4.4510000000e+03 9.6652300000e-02
4.4512490230e+03 9.7209600000e-02
4.4520000000e+03 9.8911800000e-02
4.4530000000e+03 1.0117900000e-01
4.4540000000e+03 1.0344700000e-01
4.4550000000e+03 1.0571600000e-01
4.4560000000e+03 1.0798500000e-01
4.4570000000e+03 1.1026500000e-01
4.4580000000e+03 1.1253600000e-01
4.4590000000e+03 1.1480800000e-01
4.4600000000e+03 1.1708100000e-01
4.4610000000e+03 1.1935400000e-01
4.4612519530e+03 1.1992700000e-01
4.4620000000e+03 1.2154900000e-01
4.4630000000e+03 1.2372700000e-01
4.4640000000e+03 1.2589600000e-01
4.4650000000e+03 1.2806500000e-01
4.4660000000e+03 1.3023600000e-01
4.4670000000e+03 1.3240700000e-01
4.4680000000e+03 1.3457800000e-01
4.4690000000e+03 1.3676200000e-01
4.4700000000e+03 1.3893600000e-01
4.4710000000e+03 1.4111000000e-01
4.4712543950e+03 1.4166300000e-01
4.4720000000e+03 1.4313400000e-01
4.4730000000e+03 1.4510700000e-01
4.4740000000e+03 1.4708100000e-01
4.4750000000e+03 1.4905500000e-01
4.4760000000e+03 1.5104300000e-01
4.4770000000e+03 1.5301900000e-01
4.4780000000e+03 1.5499600000e-01
4.4790000000e+03 1.5697300000e-01
4.4800000000e+03 1.5895100000e-01
4.4810000000e+03 1.6092900000e-01
4.4812573240e+03 1.6144200000e-01
4.4820000000e+03 1.6266700000e-01
4.4830000000e+03 1.6430400000e-01
4.4840000000e+03 1.6594100000e-01
4.4850000000e+03 1.6757800000e-01
4.4860000000e+03 1.6921700000e-01
4.4870000000e+03 1.7085500000e-01
4.4880000000e+03 1.7249400000e-01
4.4890000000e+03 1.7414900000e-01
4.4900000000e+03 1.7578900000e-01
4.4910000000e+03 1.7743000000e-01
4.4912597660e+03 1.7785700000e-01
4.4920000000e+03 1.7891600000e-01
4.4930000000e+03 1.8034800000e-01
4.4940000000e+03 1.8178000000e-01
4.4950000000e+03 1.8322800000e-01
4.4960000000e+03 1.8466100000e-01
4.4970000000e+03 1.8609500000e-01
4.4980000000e+03 1.8752900000e-01
4.4990000000e+03 1.8896300000e-01
4.5000000000e+03 1.9039800000e-01
4.5010000000e+03 1.9181400000e-01
4.5012622070e+03 1.9219000000e-01
4.5020000000e+03 1.9312000000e-01
4.5030000000e+03 1.9436400000e-01
4.5040000000e+03 1.9560800000e-01
4.5050000000e+03 1.9685200000e-01
4.5060000000e+03 1.9809700000e-01
4.5070000000e+03 1.9934200000e-01
4.5080000000e+03 2.0058600000e-01
4.5090000000e+03 2.0184900000e-01
4.5100000000e+03 2.0309400000e-01
4.5110000000e+03 2.0433900000e-01
4.5112651370e+03 2.0466900000e-01
4.5120000000e+03 2.0541500000e-01
4.5130000000e+03 2.0642900000e-01
4.5140000000e+03 2.0744300000e-01
4.5150000000e+03 2.0847600000e-01
4.5160000000e+03 2.0949100000e-01
4.5170000000e+03 2.1050600000e-01
4.5180000000e+03 2.1152100000e-01
4.5190000000e+03 2.1253600000e-01
4.5200000000e+03 2.1355100000e-01
4.5210000000e+03 2.1456600000e-01
4.5212675780e+03 2.1484300000e-01
4.5220000000e+03 2.1544500000e-01
4.5230000000e+03 2.1624900000e-01
4.5240000000e+03 2.1705300000e-01
4.5250000000e+03 2.1785700000e-01
4.5260000000e+03 2.1866200000e-01
4.5270000000e+03 2.1946600000e-01
4.5280000000e+03 2.2027100000e-01
4.5290000000e+03 2.2109400000e-01
4.5300000000e+03 2.2189900000e-01
4.5310000000e+03 2.2270400000e-01
4.5312705080e+03 2.2292200000e-01
4.5320000000e+03 2.2343900000e-01
4.5330000000e+03 2.2414900000e-01
4.5340000000e+03 2.2485900000e-01
4.5350000000e+03 2.2556900000e-01
4.5360000000e+03 2.2629900000e-01
4.5370000000e+03 2.2700900000e-01
4.5380000000e+03 2.2772000000e-01
4.5390000000e+03 2.2843000000e-01
4.5400000000e+03 2.2914100000e-01
4.5410000000e+03 2.2985200000e-01
4.5412729490e+03 2.3004600000e-01
4.5420000000e+03 2.3044000000e-01
4.5430000000e+03 2.3100200000e-01
4.5440000000e+03 2.3154400000e-01
4.5450000000e+03 2.3208600000e-01
4.5460000000e+03 2.3262900000e-01
4.5470000000e+03 2.3317100000e-01
4.5480000000e+03 2.3371400000e-01
4.5490000000e+03 2.3425600000e-01
4.5500000000e+03 2.3481900000e-01
4.5510000000e+03 2.3536200000e-01
4.5512753910e+03 2.3551100000e-01
4.5520000000e+03 2.3587100000e-01
4.5530000000e+03 2.3636800000e-01
4.5540000000e+03 2.3686500000e-01
4.5550000000e+03 2.3736200000e-01
4.5560000000e+03 2.3785800000e-01
4.5570000000e+03 2.3837600000e-01
4.5580000000e+03 2.3887300000e-01
4.5590000000e+03 2.3937000000e-01
4.5600000000e+03 2.3986700000e-01
4.5610000000e+03 2.4036400000e-01
4.5612783200e+03 2.4050300000e-01
4.5620000000e+03 2.4080700000e-01
4.5630000000e+03 2.4122900000e-01
4.5640000000e+03 2.4167200000e-01
4.5650000000e+03 2.4209500000e-01
4.5660000000e+03 2.4251700000e-01
4.5670000000e+03 2.4293900000e-01
4.5680000000e+03 2.4336200000e-01
4.5690000000e+03 2.4378400000e-01
4.5700000000e+03 2.4420700000e-01
4.5710000000e+03 2.4465000000e-01
4.5712807620e+03 2.4476900000e-01
4.5720000000e+03 2.4499300000e-01
4.5730000000e+03 2.4530400000e-01
4.5740000000e+03 2.4561600000e-01
4.5750000000e+03 2.4592800000e-01
4.5760000000e+03 2.4624000000e-01
4.5770000000e+03 2.4655100000e-01
4.5780000000e+03 2.4688400000e-01
4.5790000000e+03 2.4719600000e-01
4.5800000000e+03 2.4750800000e-01
4.5810000000e+03 2.4782000000e-01
4.5812836910e+03 2.4790900000e-01
4.5820000000e+03 2.4808000000e-01
4.5830000000e+03 2.4831900000e-01
4.5840000000e+03 2.4855900000e-01
4.5850000000e+03 2.4879800000e-01
4.5860000000e+03 2.4905800000e-01
4.5870000000e+03 2.4929800000e-01
4.5880000000e+03 2.4953700000e-01
4.5890000000e+03 2.4977700000e-01
4.5900000000e+03 2.5001600000e-01
4.5910000000e+03 2.5025600000e-01
4.5912861330e+03 2.5032400000e-01
4.5920000000e+03 2.5046700000e-01
4.5930000000e+03 2.5068800000e-01
4.5940000000e+03 2.5088800000e-01
4.5950000000e+03 2.5108800000e-01
4.5960000000e+03 2.5128900000e-01
4.5970000000e+03 2.5148900000e-01
4.5980000000e+03 2.5168900000e-01
4.5990000000e+03 2.5188900000e-01
4.6000000000e+03 2.5211100000e-01
4.6010000000e+03 2.5231100000e-01
4.6012885740e+03 2.5236800000e-01
4.6020000000e+03 2.5253500000e-01
4.6030000000e+03 2.5276800000e-01
4.6040000000e+03 2.5300200000e-01
4.6050000000e+03 2.5323600000e-01
4.6060000000e+03 2.5346900000e-01
4.6070000000e+03 2.5370300000e-01
4.6080000000e+03 2.5395800000e-01
4.6090000000e+03 2.5419200000e-01
4.6100000000e+03 2.5442600000e-01
4.6110000000e+03 2.5466000000e-01
4.6112915040e+03 2.5472800000e-01
4.6120000000e+03 2.5485100000e-01
4.6130000000e+03 2.5502500000e-01
4.6140000000e+03 2.5519900000e-01
4.6150000000e+03 2.5539400000e-01
4.6160000000e+03 2.5556800000e-01
4.6170000000e+03 2.5574200000e-01
4.6180000000e+03 2.5591500000e-01
4.6190000000e+03 2.5608900000e-01
4.6200000000e+03 2.5626300000e-01
4.6210000000e+03 2.5643700000e-01
4.6212939450e+03 2.5648800000e-01
4.6220000000e+03 2.5660100000e-01
4.6230000000e+03 2.5678300000e-01
4.6240000000e+03 2.5694400000e-01
4.6250000000e+03 2.5710400000e-01
4.6260000000e+03 2.5726500000e-01
4.6270000000e+03 2.5742500000e-01
4.6280000000e+03 2.5758500000e-01
4.6290000000e+03 2.5774600000e-01
4.6300000000e+03 2.5790600000e-01
4.6310000000e+03 2.5808300000e-01
4.6312968750e+03 2.5812900000e-01
4.6320000000e+03 2.5824300000e-01
4.6330000000e+03 2.5840500000e-01
4.6340000000e+03 2.5856700000e-01
4.6350000000e+03 2.5872900000e-01
4.6360000000e+03 2.5889100000e-01
4.6370000000e+03 2.5905300000e-01
4.6380000000e+03 2.5921500000e-01
4.6390000000e+03 2.5939900000e-01
4.6400000000e+03 2.5956100000e-01
4.6410000000e+03 2.5972300000e-01
4.6412993160e+03 2.5977200000e-01
4.6420000000e+03 2.5986400000e-01
4.6430000000e+03 2.5999600000e-01
4.6440000000e+03 2.6012800000e-01
4.6450000000e+03 2.6026000000e-01
4.6460000000e+03 2.6039100000e-01
4.6470000000e+03 2.6054500000e-01
4.6480000000e+03 2.6067700000e-01
4.6490000000e+03 2.6080900000e-01
4.6500000000e+03 2.6094100000e-01
4.6510000000e+03 2.6107300000e-01
4.6513017580e+03 2.6111300000e-01
4.6520000000e+03 2.6119000000e-01
4.6530000000e+03 2.6130200000e-01
4.6540000000e+03 2.6143600000e-01
4.6550000000e+03 2.6154700000e-01
4.6560000000e+03 2.6165900000e-01
4.6570000000e+03 2.6177000000e-01
4.6580000000e+03 2.6188200000e-01
4.6590000000e+03 2.6199300000e-01
4.6600000000e+03 2.6210500000e-01
4.6610000000e+03 2.6221600000e-01
4.6613046880e+03 2.6225000000e-01
4.6620000000e+03 2.6237300000e-01
4.6630000000e+03 2.6257100000e-01
4.6640000000e+03 2.6274700000e-01
4.6650000000e+03 2.6292300000e-01
4.6660000000e+03 2.6310000000e-01
4.6670000000e+03 2.6327600000e-01
4.6680000000e+03 2.6345200000e-01
4.6690000000e+03 2.6362800000e-01
4.6700000000e+03 2.6380400000e-01
4.6710000000e+03 2.6400300000e-01
4.6713071290e+03 2.6405700000e-01
4.6720000000e+03 2.6412500000e-01
4.6730000000e+03 2.6422300000e-01
4.6740000000e+03 2.6432100000e-01
4.6750000000e+03 2.6441900000e-01
4.6760000000e+03 2.6451700000e-01
4.6770000000e+03 2.6461500000e-01
4.6780000000e+03 2.6471300000e-01
4.6790000000e+03 2.6483400000e-01
4.6800000000e+03 2.6493200000e-01
4.6810000000e+03 2.6503000000e-01
4.6813100590e+03 2.6506000000e-01
4.6820000000e+03 2.6511100000e-01
4.6830000000e+03 2.6518400000e-01
4.6840000000e+03 2.6525800000e-01
4.6850000000e+03 2.6533200000e-01
4.6860000000e+03 2.6540500000e-01
4.6870000000e+03 2.6550200000e-01
4.6880000000e+03 2.6557500000e-01
4.6890000000e+03 2.6564900000e-01
4.6900000000e+03 2.6572200000e-01
4.6910000000e+03 2.6579600000e-01
4.6913125000e+03 2.6581900000e-01
4.6920000000e+03 2.6586500000e-01
4.6930000000e+03 2.6593300000e-01
4.6940000000e+03 2.6600000000e-01
4.6950000000e+03 2.6606700000e-01
4.6960000000e+03 2.6615700000e-01
4.6970000000e+03 2.6622500000e-01
4.6980000000e+03 2.6629200000e-01
4.6990000000e+03 2.6636000000e-01
4.7000000000e+03 2.6642700000e-01
4.7010000000e+03 2.6649400000e-01
4.7013154300e+03 2.6651600000e-01
4.7020000000e+03 2.6652900000e-01
4.7030000000e+03 2.6654900000e-01
4.7040000000e+03 2.6659100000e-01
4.7050000000e+03 2.6661100000e-01
4.7060000000e+03 2.6663100000e-01
4.7070000000e+03 2.6665000000e-01
4.7080000000e+03 2.6667000000e-01
4.7090000000e+03 2.6669000000e-01
4.7100000000e+03 2.6670900000e-01
4.7110000000e+03 2.6672900000e-01
4.7113178710e+03 2.6673500000e-01
4.7120000000e+03 2.6681100000e-01
4.7130000000e+03 2.6694300000e-01
4.7140000000e+03 2.6705400000e-01
4.7150000000e+03 2.6716400000e-01
4.7160000000e+03 2.6727400000e-01
4.7170000000e+03 2.6738400000e-01
4.7180000000e+03 2.6749400000e-01
4.7190000000e+03 2.6760400000e-01
4.7200000000e+03 2.6771500000e-01
4.7210000000e+03 2.6782500000e-01
4.7213203120e+03 2.6786700000e-01
4.7220000000e+03 2.6794600000e-01
4.7230000000e+03 2.6803800000e-01
4.7240000000e+03 2.6813000000e-01
4.7250000000e+03 2.6822300000e-01
4.7260000000e+03 2.6831500000e-01
4.7270000000e+03 2.6840800000e-01
4.7280000000e+03 2.6850000000e-01
4.7290000000e+03 2.6859200000e-01
4.7300000000e+03 2.6870800000e-01
4.7310000000e+03 2.6880000000e-01
4.7313232420e+03 2.6883000000e-01
4.7320000000e+03 2.6890100000e-01
4.7330000000e+03 2.6900600000e-01
4.7340000000e+03 2.6911100000e-01
4.7350000000e+03 2.6921700000e-01
4.7360000000e+03 2.6932200000e-01
4.7370000000e+03 2.6942700000e-01
4.7380000000e+03 2.6953200000e-01
4.7390000000e+03 2.6966100000e-01
4.7400000000e+03 2.6976600000e-01
4.7410000000e+03 2.6987100000e-01
4.7413256840e+03 2.6990500000e-01
4.7420000000e+03 2.6994000000e-01
4.7430000000e+03 2.6999100000e-01
4.7440000000e+03 2.7004300000e-01
4.7450000000e+03 2.7009400000e-01
4.7460000000e+03 2.7014600000e-01
4.7470000000e+03 2.7019700000e-01
4.7480000000e+03 2.7027100000e-01
4.7490000000e+03 2.7032300000e-01
4.7500000000e+03 2.7037400000e-01
4.7510000000e+03 2.7042600000e-01
4.7513286130e+03 2.7044200000e-01
4.7520000000e+03 2.7052200000e-01
4.7530000000e+03 2.7064100000e-01
4.7540000000e+03 2.7075900000e-01
4.7550000000e+03 2.7087800000e-01
4.7560000000e+03 2.7099600000e-01
4.7570000000e+03 2.7111500000e-01
4.7580000000e+03 2.7125700000e-01
4.7590000000e+03 2.7137500000e-01
4.7600000000e+03 2.7149400000e-01
4.7610000000e+03 2.7161300000e-01
4.7613310550e+03 2.7165200000e-01
4.7620000000e+03 2.7168400000e-01
4.7630000000e+03 2.7173100000e-01
4.7640000000e+03 2.7177900000e-01
4.7650000000e+03 2.7182600000e-01
4.7660000000e+03 2.7187400000e-01
4.7670000000e+03 2.7194500000e-01
4.7680000000e+03 2.7199200000e-01
4.7690000000e+03 2.7204000000e-01
4.7700000000e+03 2.7208800000e-01
4.7710000000e+03 2.7213500000e-01
4.7713339840e+03 2.7215100000e-01
4.7720000000e+03 2.7218400000e-01
4.7730000000e+03 2.7223400000e-01
4.7740000000e+03 2.7228400000e-01
4.7750000000e+03 2.7233300000e-01
4.7760000000e+03 2.7238300000e-01
4.7770000000e+03 2.7245600000e-01
4.7780000000e+03 2.7250500000e-01
4.7790000000e+03 2.7255500000e-01
4.7800000000e+03 2.7260500000e-01
4.7810000000e+03 2.7265400000e-01
4.7813364260e+03 2.7267100000e-01
4.7820000000e+03 2.7273600000e-01
4.7830000000e+03 2.7283300000e-01
4.7840000000e+03 2.7293100000e-01
4.7850000000e+03 2.7302900000e-01
4.7860000000e+03 2.7315000000e-01
4.7870000000e+03 2.7324800000e-01
4.7880000000e+03 2.7334500000e-01
4.7890000000e+03 2.7344300000e-01
4.7900000000e+03 2.7354100000e-01
4.7910000000e+03 2.7363800000e-01
4.7913388670e+03 2.7367200000e-01
4.7920000000e+03 2.7372800000e-01
4.7930000000e+03 2.7381300000e-01
4.7940000000e+03 2.7389800000e-01
4.7950000000e+03 2.7398300000e-01
4.7960000000e+03 2.7409200000e-01
4.7970000000e+03 2.7417700000e-01
4.7980000000e+03 2.7426200000e-01
4.7990000000e+03 2.7434700000e-01
4.8000000000e+03 2.7443300000e-01
4.8010000000e+03 2.7451800000e-01
4.8013417970e+03 2.7454700000e-01
4.8020000000e+03 2.7461200000e-01
4.8030000000e+03 2.7471000000e-01
4.8040000000e+03 2.7480900000e-01
4.8050000000e+03 2.7490700000e-01
4.8060000000e+03 2.7502900000e-01
4.8070000000e+03 2.7512800000e-01
4.8080000000e+03 2.7522600000e-01
4.8090000000e+03 2.7532500000e-01
4.8100000000e+03 2.7542300000e-01
4.8110000000e+03 2.7552200000e-01
4.8113442380e+03 2.7555600000e-01
4.8120000000e+03 2.7558900000e-01
4.8130000000e+03 2.7564000000e-01
4.8140000000e+03 2.7569100000e-01
4.8150000000e+03 2.7574100000e-01
4.8160000000e+03 2.7581600000e-01
4.8170000000e+03 2.7586600000e-01
4.8180000000e+03 2.7591700000e-01
4.8190000000e+03 2.7596800000e-01
4.8200000000e+03 2.7601900000e-01
4.8210000000e+03 2.7607000000e-01
4.8213471680e+03 2.7608700000e-01
4.8220000000e+03 2.7614500000e-01
4.8230000000e+03 2.7623400000e-01
4.8240000000e+03 2.7632200000e-01
4.8250000000e+03 2.7641100000e-01
4.8260000000e+03 2.7649900000e-01
4.8270000000e+03 2.7661100000e-01
4.8280000000e+03 2.7669900000e-01
4.8290000000e+03 2.7678800000e-01
4.8300000000e+03 2.7687600000e-01
4.8310000000e+03 2.7696200000e-01
4.8313496090e+03 2.7699200000e-01
4.8320000000e+03 2.7703200000e-01
4.8330000000e+03 2.7709400000e-01
4.8340000000e+03 2.7715600000e-01
4.8350000000e+03 2.7721800000e-01
4.8360000000e+03 2.7728000000e-01
4.8370000000e+03 2.7736600000e-01
4.8380000000e+03 2.7742800000e-01
4.8390000000e+03 2.7749000000e-01
4.8400000000e+03 2.7755200000e-01
4.8410000000e+03 2.7761400000e-01
4.8413525390e+03 2.7763600000e-01
4.8420000000e+03 2.7768900000e-01
4.8430000000e+03 2.7777200000e-01
4.8440000000e+03 2.7785400000e-01
4.8450000000e+03 2.7793700000e-01
4.8460000000e+03 2.7802000000e-01
4.8470000000e+03 2.7810200000e-01
4.8480000000e+03 2.7820900000e-01
4.8490000000e+03 2.7829200000e-01
4.8500000000e+03 2.7837400000e-01
4.8510000000e+03 2.7845700000e-01
4.8513549800e+03 2.7848600000e-01
4.8520000000e+03 2.7849500000e-01
4.8530000000e+03 2.7850900000e-01
4.8540000000e+03 2.7852300000e-01
4.8550000000e+03 2.7853700000e-01
4.8560000000e+03 2.7855100000e-01
4.8570000000e+03 2.7856500000e-01
4.8580000000e+03 2.7857900000e-01
4.8590000000e+03 2.7861700000e-01
4.8600000000e+03 2.7863100000e-01
4.8610000000e+03 2.7864500000e-01
4.8613574220e+03 2.7865000000e-01
4.8620000000e+03 2.7865100000e-01
4.8630000000e+03 2.7865300000e-01
4.8640000000e+03 2.7865500000e-01
4.8650000000e+03 2.7865700000e-01
4.8660000000e+03 2.7865800000e-01
4.8670000000e+03 2.7866000000e-01
4.8680000000e+03 2.7866200000e-01
4.8690000000e+03 2.7866400000e-01
4.8700000000e+03 2.7868900000e-01
4.8710000000e+03 2.7869100000e-01
4.8713603520e+03 2.7869200000e-01
4.8720000000e+03 2.7873000000e-01
4.8730000000e+03 2.7879000000e-01
4.8740000000e+03 2.7885000000e-01
4.8750000000e+03 2.7891000000e-01
4.8760000000e+03 2.7897000000e-01
4.8770000000e+03 2.7903000000e-01
4.8780000000e+03 2.7909000000e-01
4.8790000000e+03 2.7915000000e-01
4.8800000000e+03 2.7921000000e-01
4.8810000000e+03 2.7929300000e-01
4.8813627930e+03 2.7931500000e-01
4.8820000000e+03 2.7934300000e-01
4.8830000000e+03 2.7938700000e-01
4.8840000000e+03 2.7943100000e-01
4.8850000000e+03 2.7947400000e-01
4.8860000000e+03 2.7951800000e-01
4.8870000000e+03 2.7956200000e-01
4.8880000000e+03 2.7960600000e-01
4.8890000000e+03 2.7965000000e-01
4.8900000000e+03 2.7969300000e-01
4.8910000000e+03 2.7973700000e-01
4.8913657230e+03 2.7975300000e-01
4.8920000000e+03 2.7978000000e-01
4.8930000000e+03 2.7984500000e-01
4.8940000000e+03 2.7988600000e-01
4.8950000000e+03 2.7992800000e-01
4.8960000000e+03 2.7996900000e-01
4.8970000000e+03 2.8001100000e-01
4.8980000000e+03 2.8005200000e-01
4.8990000000e+03 2.8009400000e-01
4.9000000000e+03 2.8013500000e-01
4.9010000000e+03 2.8017700000e-01
4.9013681640e+03 2.8019200000e-01
4.9020000000e+03 2.8023100000e-01
4.9030000000e+03 2.8029400000e-01
4.9040000000e+03 2.8035600000e-01
4.9050000000e+03 2.8044200000e-01
4.9060000000e+03 2.8050400000e-01
4.9070000000e+03 2.8056600000e-01
4.9080000000e+03 2.8062800000e-01
4.9090000000e+03 2.8069100000e-01
4.9100000000e+03 2.8075300000e-01
4.9110000000e+03 2.8081500000e-01
4.9113710940e+03 2.8083800000e-01
4.9120000000e+03 2.8086400000e-01
4.9130000000e+03 2.8090400000e-01
4.9140000000e+03 2.8094500000e-01
4.9150000000e+03 2.8098500000e-01
4.9160000000e+03 2.8102600000e-01
4.9170000000e+03 2.8109000000e-01
4.9180000000e+03 2.8113100000e-01
4.9190000000e+03 2.8117100000e-01
4.9200000000e+03 2.8121200000e-01
4.9210000000e+03 2.8125300000e-01
4.9213735350e+03 2.8126800000e-01
4.9220000000e+03 2.8127200000e-01
4.9230000000e+03 2.8128000000e-01
4.9240000000e+03 2.8128700000e-01
4.9250000000e+03 2.8129500000e-01
4.9260000000e+03 2.8130200000e-01
4.9270000000e+03 2.8131000000e-01
4.9280000000e+03 2.8131700000e-01
4.9290000000e+03 2.8132500000e-01
4.9300000000e+03 2.8135600000e-01
4.9310000000e+03 2.8136400000e-01
4.9313759770e+03 2.8136700000e-01
4.9320000000e+03 2.8141700000e-01
4.9330000000e+03 2.8149700000e-01
4.9340000000e+03 2.8157800000e-01
4.9350000000e+03 2.8165900000e-01
4.9360000000e+03 2.8173900000e-01
4.9370000000e+03 2.8182000000e-01
4.9380000000e+03 2.8190100000e-01
4.9390000000e+03 2.8198100000e-01
4.9400000000e+03 2.8206200000e-01
4.9410000000e+03 2.8214300000e-01
4.9413789060e+03 2.8217300000e-01
4.9420000000e+03 2.8218800000e-01
4.9430000000e+03 2.8223600000e-01
4.9440000000e+03 2.8226000000e-01
4.9450000000e+03 2.8228400000e-01
4.9460000000e+03 2.8230900000e-01
4.9470000000e+03 2.8233300000e-01
4.9480000000e+03 2.8235700000e-01
4.9490000000e+03 2.8238100000e-01
4.9500000000e+03 2.8240500000e-01
4.9510000000e+03 2.8242900000e-01
4.9513813480e+03 2.8243800000e-01
4.9520000000e+03 2.8246800000e-01
4.9530000000e+03 2.8251500000e-01
4.9540000000e+03 2.8256300000e-01
4.9550000000e+03 2.8261100000e-01
4.9560000000e+03 2.8268200000e-01
4.9570000000e+03 2.8273000000e-01
4.9580000000e+03 2.8277700000e-01
4.9590000000e+03 2.8282500000e-01
4.9600000000e+03 2.8287300000e-01
4.9610000000e+03 2.8292000000e-01
4.9613842770e+03 2.8293900000e-01
4.9620000000e+03 2.8298300000e-01
4.9630000000e+03 2.8305500000e-01
4.9640000000e+03 2.8312700000e-01
4.9650000000e+03 2.8319900000e-01
4.9660000000e+03 2.8327100000e-01
4.9670000000e+03 2.8334300000e-01
4.9680000000e+03 2.8341500000e-01
4.9690000000e+03 2.8351100000e-01
4.9700000000e+03 2.8358300000e-01
4.9710000000e+03 2.8365500000e-01
4.9713867190e+03 2.8368200000e-01
4.9720000000e+03 2.8369600000e-01
4.9730000000e+03 2.8371900000e-01
4.9740000000e+03 2.8374200000e-01
4.9750000000e+03 2.8376400000e-01
4.9760000000e+03 2.8378700000e-01
4.9770000000e+03 2.8381000000e-01
4.9780000000e+03 2.8383300000e-01
4.9790000000e+03 2.8385500000e-01
4.9800000000e+03 2.8387800000e-01
4.9810000000e+03 2.8390100000e-01
4.9813896480e+03 2.8391000000e-01
4.9820000000e+03 2.8394700000e-01
4.9830000000e+03 2.8400700000e-01
4.9840000000e+03 2.8409200000e-01
4.9850000000e+03 2.8415200000e-01
4.9860000000e+03 2.8421200000e-01
4.9870000000e+03 2.8427300000e-01
4.9880000000e+03 2.8433300000e-01
4.9890000000e+03 2.8439400000e-01
4.9900000000e+03 2.8445400000e-01
4.9910000000e+03 2.8451500000e-01
4.9913920900e+03 2.8453900000e-01
4.9920000000e+03 2.8452800000e-01
4.9930000000e+03 2.8451200000e-01
4.9940000000e+03 2.8449500000e-01
4.9950000000e+03 2.8447800000e-01
4.9960000000e+03 2.8446100000e-01
4.9970000000e+03 2.8444400000e-01
4.9980000000e+03 2.8445200000e-01
4.9990000000e+03 2.8443500000e-01
5.0000000000e+03 2.8441800000e-01
5.0010000000e+03 2.8439400000e-01
5.0013950200e+03 2.8438500000e-01
5.0020000000e+03 2.8442000000e-01
5.0030000000e+03 2.8447900000e-01
5.0040000000e+03 2.8453700000e-01
5.0050000000e+03 2.8459600000e-01
5.0060000000e+03 2.8465500000e-01
5.0070000000e+03 2.8471300000e-01
5.0080000000e+03 2.8477200000e-01
5.0090000000e+03 2.8483100000e-01
5.0100000000e+03 2.8489000000e-01
5.0110000000e+03 2.8494800000e-01
5.0113974610e+03 2.8497200000e-01
5.0120000000e+03 2.8500500000e-01
5.0130000000e+03 2.8508500000e-01
5.0140000000e+03 2.8514100000e-01
5.0150000000e+03 2.8519600000e-01
5.0160000000e+03 2.8525200000e-01
5.0170000000e+03 2.8530700000e-01
5.0180000000e+03 2.8536300000e-01
5.0190000000e+03 2.8541900000e-01
5.0200000000e+03 2.8547400000e-01
5.0210000000e+03 2.8553000000e-01
5.0213999020e+03 2.8555200000e-01
5.0220000000e+03 2.8555100000e-01
5.0230000000e+03 2.8554800000e-01
5.0240000000e+03 2.8554600000e-01
5.0250000000e+03 2.8554300000e-01
5.0260000000e+03 2.8554100000e-01
5.0270000000e+03 2.8553800000e-01
5.0280000000e+03 2.8553600000e-01
5.0290000000e+03 2.8555800000e-01
5.0300000000e+03 2.8555500000e-01
5.0310000000e+03 2.8554600000e-01
5.0314028320e+03 2.8554300000e-01
5.0320000000e+03 2.8556100000e-01
5.0330000000e+03 2.8559200000e-01
5.0340000000e+03 2.8562300000e-01
5.0350000000e+03 2.8565400000e-01
5.0360000000e+03 2.8568500000e-01
5.0370000000e+03 2.8571600000e-01
5.0380000000e+03 2.8574700000e-01
5.0390000000e+03 2.8577800000e-01
5.0400000000e+03 2.8580900000e-01
5.0410000000e+03 2.8584000000e-01
5.0414052730e+03 2.8585300000e-01
5.0420000000e+03 2.8586500000e-01
5.0430000000e+03 2.8588700000e-01
5.0440000000e+03 2.8590800000e-01
5.0450000000e+03 2.8592900000e-01
5.0460000000e+03 2.8597500000e-01
5.0470000000e+03 2.8599600000e-01
5.0480000000e+03 2.8601800000e-01
5.0490000000e+03 2.8603900000e-01
5.0500000000e+03 2.8606100000e-01
5.0510000000e+03 2.8608200000e-01
5.0514082030e+03 2.8609100000e-01
5.0520000000e+03 2.8610200000e-01
5.0530000000e+03 2.8612100000e-01
5.0540000000e+03 2.8614000000e-01
5.0550000000e+03 2.8615900000e-01
5.0560000000e+03 2.8617800000e-01
5.0570000000e+03 2.8619800000e-01
5.0580000000e+03 2.8621700000e-01
5.0590000000e+03 2.8623600000e-01
5.0600000000e+03 2.8625500000e-01
5.0610000000e+03 2.8627400000e-01
5.0614106450e+03 2.8628200000e-01
5.0620000000e+03 2.8628200000e-01
5.0630000000e+03 2.8630600000e-01
5.0640000000e+03 2.8630600000e-01
5.0650000000e+03 2.8630600000e-01
5.0660000000e+03 2.8630500000e-01
5.0670000000e+03 2.8630500000e-01
5.0680000000e+03 2.8630500000e-01
5.0690000000e+03 2.8630500000e-01
5.0700000000e+03 2.8630400000e-01
5.0710000000e+03 2.8630400000e-01
5.0714135740e+03 2.8630400000e-01
5.0720000000e+03 2.8630700000e-01
5.0730000000e+03 2.8631100000e-01
5.0740000000e+03 2.8631500000e-01
5.0750000000e+03 2.8632000000e-01
5.0760000000e+03 2.8632400000e-01
5.0770000000e+03 2.8632800000e-01
5.0780000000e+03 2.8633200000e-01
5.0790000000e+03 2.8633700000e-01
5.0800000000e+03 2.8634100000e-01
5.0810000000e+03 2.8634500000e-01
5.0814160160e+03 2.8635700000e-01
5.0820000000e+03 2.8637400000e-01
5.0830000000e+03 2.8637700000e-01
5.0840000000e+03 2.8638100000e-01
5.0850000000e+03 2.8638400000e-01
5.0860000000e+03 2.8638800000e-01
5.0870000000e+03 2.8639100000e-01
5.0880000000e+03 2.8639500000e-01
5.0890000000e+03 2.8639800000e-01
5.0900000000e+03 2.8640200000e-01
5.0910000000e+03 2.8640600000e-01
5.0914189450e+03 2.8640700000e-01
5.0920000000e+03 2.8641400000e-01
5.0930000000e+03 2.8642600000e-01
5.0940000000e+03 2.8643900000e-01
5.0950000000e+03 2.8645100000e-01
5.0960000000e+03 2.8646300000e-01
5.0970000000e+03 2.8647500000e-01
5.0980000000e+03 2.8648800000e-01
5.0990000000e+03 2.8650000000e-01
5.1000000000e+03 2.8651200000e-01
5.1010000000e+03 2.8654900000e-01
5.1014213870e+03 2.8655400000e-01
5.1020000000e+03 2.8655500000e-01
5.1030000000e+03 2.8655500000e-01
5.1040000000e+03 2.8655600000e-01
5.1050000000e+03 2.8655700000e-01
5.1060000000e+03 2.8655800000e-01
5.1070000000e+03 2.8655900000e-01
5.1080000000e+03 2.8656000000e-01
5.1090000000e+03 2.8656100000e-01
5.1100000000e+03 2.8656200000e-01
5.1110000000e+03 2.8656200000e-01
5.1114243160e+03 2.8656300000e-01
5.1120000000e+03 2.8656000000e-01
5.1130000000e+03 2.8655400000e-01
5.1140000000e+03 2.8654900000e-01
5.1150000000e+03 2.8654400000e-01
5.1160000000e+03 2.8653800000e-01
5.1170000000e+03 2.8653300000e-01
5.1180000000e+03 2.8652800000e-01
5.1190000000e+03 2.8652200000e-01
5.1200000000e+03 2.8651700000e-01
5.1210000000e+03 2.8651200000e-01
5.1214267580e+03 2.8652000000e-01
5.1220000000e+03 2.8657500000e-01
5.1230000000e+03 2.8664700000e-01
5.1240000000e+03 2.8671900000e-01
5.1250000000e+03 2.8679100000e-01
5.1260000000e+03 2.8686300000e-01
5.1270000000e+03 2.8693500000e-01
5.1280000000e+03 2.8700700000e-01
5.1290000000e+03 2.8707900000e-01
5.1300000000e+03 2.8715100000e-01
5.1310000000e+03 2.8722300000e-01
5.1314291990e+03 2.8725300000e-01
5.1320000000e+03 2.8725400000e-01
5.1330000000e+03 2.8725500000e-01
5.1340000000e+03 2.8725600000e-01
5.1350000000e+03 2.8725700000e-01
5.1360000000e+03 2.8725800000e-01
5.1370000000e+03 2.8725900000e-01
5.1380000000e+03 2.8726100000e-01
5.1390000000e+03 2.8726200000e-01
5.1400000000e+03 2.8726300000e-01
5.1410000000e+03 2.8726400000e-01
5.1414321290e+03 2.8726400000e-01
5.1420000000e+03 2.8727200000e-01
5.1430000000e+03 2.8728500000e-01
5.1440000000e+03 2.8732200000e-01
5.1450000000e+03 2.8733500000e-01
5.1460000000e+03 2.8734800000e-01
5.1470000000e+03 2.8736100000e-01
5.1480000000e+03 2.8737300000e-01
5.1490000000e+03 2.8738600000e-01
5.1500000000e+03 2.8739900000e-01
5.1510000000e+03 2.8741200000e-01
5.1514345700e+03 2.8741800000e-01
5.1520000000e+03 2.8743700000e-01
5.1530000000e+03 2.8747000000e-01
5.1540000000e+03 2.8750300000e-01
5.1550000000e+03 2.8753700000e-01
5.1560000000e+03 2.8757000000e-01
5.1570000000e+03 2.8760300000e-01
5.1580000000e+03 2.8763700000e-01
5.1590000000e+03 2.8767000000e-01
5.1600000000e+03 2.8770300000e-01
5.1610000000e+03 2.8773700000e-01
5.1614375000e+03 2.8775100000e-01
5.1620000000e+03 2.8773100000e-01
5.1630000000e+03 2.8769600000e-01
5.1640000000e+03 2.8766000000e-01
5.1650000000e+03 2.8762500000e-01
5.1660000000e+03 2.8759000000e-01
5.1670000000e+03 2.8755400000e-01
5.1680000000e+03 2.8751900000e-01
5.1690000000e+03 2.8750800000e-01
5.1700000000e+03 2.8747300000e-01
5.1710000000e+03 2.8743700000e-01
5.1714399410e+03 2.8742100000e-01
5.1720000000e+03 2.8739500000e-01
5.1730000000e+03 2.8734800000e-01
5.1740000000e+03 2.8730000000e-01
5.1750000000e+03 2.8725300000e-01
5.1760000000e+03 2.8720500000e-01
5.1770000000e+03 2.8715800000e-01
5.1780000000e+03 2.8711100000e-01
5.1790000000e+03 2.8706300000e-01
5.1800000000e+03 2.8701600000e-01
5.1810000000e+03 2.8696900000e-01
5.1814428710e+03 2.8694800000e-01
5.1820000000e+03 2.8697200000e-01
5.1830000000e+03 2.8701400000e-01
5.1840000000e+03 2.8705700000e-01
5.1850000000e+03 2.8710000000e-01
5.1860000000e+03 2.8714300000e-01
5.1870000000e+03 2.8718600000e-01
5.1880000000e+03 2.8722900000e-01
5.1890000000e+03 2.8727200000e-01
5.1900000000e+03 2.8731500000e-01
5.1910000000e+03 2.8735700000e-01
5.1914453120e+03 2.8737700000e-01
5.1920000000e+03 2.8735500000e-01
5.1930000000e+03 2.8731600000e-01
5.1940000000e+03 2.8727700000e-01
5.1950000000e+03 2.8723800000e-01
5.1960000000e+03 2.8719900000e-01
5.1970000000e+03 2.8718400000e-01
5.1980000000e+03 2.8714500000e-01
5.1990000000e+03 2.8710600000e-01
5.2000000000e+03 2.8706700000e-01
5.2010000000e+03 2.8702800000e-01
5.2014482420e+03 2.8701000000e-01
5.2020000000e+03 2.8698800000e-01
5.2030000000e+03 2.8694700000e-01
5.2040000000e+03 2.8690700000e-01
5.2050000000e+03 2.8686600000e-01
5.2060000000e+03 2.8682600000e-01
5.2070000000e+03 2.8678500000e-01
5.2080000000e+03 2.8674400000e-01
5.2090000000e+03 2.8670400000e-01
5.2100000000e+03 2.8666300000e-01
5.2110000000e+03 2.8662200000e-01
5.2114506840e+03 2.8660400000e-01
5.2120000000e+03 2.8663600000e-01
5.2130000000e+03 2.8669500000e-01
5.2140000000e+03 2.8675400000e-01
5.2150000000e+03 2.8681300000e-01
5.2160000000e+03 2.8687100000e-01
5.2170000000e+03 2.8693000000e-01
5.2180000000e+03 2.8698900000e-01
5.2190000000e+03 2.8704800000e-01
5.2200000000e+03 2.8710600000e-01
5.2210000000e+03 2.8716500000e-01
5.2214536130e+03 2.8719200000e-01
5.2220000000e+03 2.8718800000e-01
5.2230000000e+03 2.8718100000e-01
5.2240000000e+03 2.8717400000e-01
5.2250000000e+03 2.8716700000e-01
5.2260000000e+03 2.8716100000e-01
5.2270000000e+03 2.8715400000e-01
5.2280000000e+03 2.8714700000e-01
5.2290000000e+03 2.8714000000e-01
5.2300000000e+03 2.8715700000e-01
5.2310000000e+03 2.8715200000e-01
5.2314560550e+03 2.8715000000e-01
5.2320000000e+03 2.8710200000e-01
5.2330000000e+03 2.8701400000e-01
5.2340000000e+03 2.8692600000e-01
5.2350000000e+03 2.8683800000e-01
5.2360000000e+03 2.8675100000e-01
5.2370000000e+03 2.8666300000e-01
5.2380000000e+03 2.8657500000e-01
5.2390000000e+03 2.8648700000e-01
5.2400000000e+03 2.8639900000e-01
5.2410000000e+03 2.8631100000e-01
5.2414584960e+03 2.8627100000e-01
5.2420000000e+03 2.8627300000e-01
5.2430000000e+03 2.8627500000e-01
5.2440000000e+03 2.8627800000e-01
5.2450000000e+03 2.8628100000e-01
5.2460000000e+03 2.8628300000e-01
5.2470000000e+03 2.8628600000e-01
5.2480000000e+03 2.8628900000e-01
5.2490000000e+03 2.8629100000e-01
5.2500000000e+03 2.8629400000e-01
5.2510000000e+03 2.8629700000e-01
5.2514614260e+03 2.8629800000e-01
5.2520000000e+03 2.8627100000e-01
5.2530000000e+03 2.8622000000e-01
5.2540000000e+03 2.8616900000e-01
5.2550000000e+03 2.8611900000e-01
5.2560000000e+03 2.8606800000e-01
5.2570000000e+03 2.8601700000e-01
5.2580000000e+03 2.8596700000e-01
5.2590000000e+03 2.8591600000e-01
5.2600000000e+03 2.8586500000e-01
5.2610000000e+03 2.8581500000e-01
5.2614638670e+03 2.8579100000e-01
5.2620000000e+03 2.8574000000e-01
5.2630000000e+03 2.8564400000e-01
5.2640000000e+03 2.8554800000e-01
5.2650000000e+03 2.8545100000e-01
5.2660000000e+03 2.8535500000e-01
5.2670000000e+03 2.8525900000e-01
5.2680000000e+03 2.8516300000e-01
5.2690000000e+03 2.8506700000e-01
5.2700000000e+03 2.8499500000e-01
5.2710000000e+03 2.8489900000e-01
5.2714667970e+03 2.8485400000e-01
5.2720000000e+03 2.8482100000e-01
5.2730000000e+03 2.8475800000e-01
5.2740000000e+03 2.8469600000e-01
5.2750000000e+03 2.8463400000e-01
5.2760000000e+03 2.8457100000e-01
5.2770000000e+03 2.8450900000e-01
5.2780000000e+03 2.8444600000e-01
5.2790000000e+03 2.8438400000e-01
5.2800000000e+03 2.8432200000e-01
5.2810000000e+03 2.8425900000e-01
5.2814692380e+03 2.8423000000e-01
5.2820000000e+03 2.8420700000e-01
5.2830000000e+03 2.8416300000e-01
5.2840000000e+03 2.8412000000e-01
5.2850000000e+03 2.8407700000e-01
5.2860000000e+03 2.8403300000e-01
5.2870000000e+03 2.8399000000e-01
5.2880000000e+03 2.8394600000e-01
5.2890000000e+03 2.8390300000e-01
5.2900000000e+03 2.8386000000e-01
5.2910000000e+03 2.8381600000e-01
5.2914721680e+03 2.8379600000e-01
5.2920000000e+03 2.8380400000e-01
5.2930000000e+03 2.8382000000e-01
5.2940000000e+03 2.8383600000e-01
5.2950000000e+03 2.8385300000e-01
5.2960000000e+03 2.8386900000e-01
5.2970000000e+03 2.8388500000e-01
5.2980000000e+03 2.8390100000e-01
5.2990000000e+03 2.8391700000e-01
5.3000000000e+03 2.8393300000e-01
5.3010000000e+03 2.8394900000e-01
5.3014746090e+03 2.8395700000e-01
5.3020000000e+03 2.8393800000e-01
5.3030000000e+03 2.8390400000e-01
5.3040000000e+03 2.8386900000e-01
5.3050000000e+03 2.8383400000e-01
5.3060000000e+03 2.8379900000e-01
5.3070000000e+03 2.8376400000e-01
5.3080000000e+03 2.8372900000e-01
5.3090000000e+03 2.8369400000e-01
5.3100000000e+03 2.8365900000e-01
5.3110000000e+03 2.8362500000e-01
5.3114775390e+03 2.8360800000e-01
5.3120000000e+03 2.8357800000e-01
5.3130000000e+03 2.8352000000e-01
5.3140000000e+03 2.8346200000e-01
5.3150000000e+03 2.8340500000e-01
5.3160000000e+03 2.8334700000e-01
5.3170000000e+03 2.8328900000e-01
5.3180000000e+03 2.8323200000e-01
5.3190000000e+03 2.8317400000e-01
5.3200000000e+03 2.8311600000e-01
5.3210000000e+03 2.8305900000e-01
5.3214799800e+03 2.8303100000e-01
5.3220000000e+03 2.8301700000e-01
5.3230000000e+03 2.8298900000e-01
5.3240000000e+03 2.8296000000e-01
5.3250000000e+03 2.8293200000e-01
5.3260000000e+03 2.8290400000e-01
5.3270000000e+03 2.8287600000e-01
5.3280000000e+03 2.8284800000e-01
5.3290000000e+03 2.8282000000e-01
5.3300000000e+03 2.8279200000e-01
5.3310000000e+03 2.8276400000e-01
5.3314829100e+03 2.8275000000e-01
5.3320000000e+03 2.8272400000e-01
5.3330000000e+03 2.8269800000e-01
5.3340000000e+03 2.8264700000e-01
5.3350000000e+03 2.8259600000e-01
5.3360000000e+03 2.8254600000e-01
5.3370000000e+03 2.8249500000e-01
5.3380000000e+03 2.8244400000e-01
5.3390000000e+03 2.8239400000e-01
5.3400000000e+03 2.8234300000e-01
5.3410000000e+03 2.8229200000e-01
5.3414853520e+03 2.8226800000e-01
5.3420000000e+03 2.8224600000e-01
5.3430000000e+03 2.8220300000e-01
5.3440000000e+03 2.8216000000e-01
5.3450000000e+03 2.8211700000e-01
5.3460000000e+03 2.8207400000e-01
5.3470000000e+03 2.8203100000e-01
5.3480000000e+03 2.8198800000e-01
5.3490000000e+03 2.8194500000e-01
5.3500000000e+03 2.8190200000e-01
5.3510000000e+03 2.8185900000e-01
5.3514877930e+03 2.8183700000e-01
5.3520000000e+03 2.8181700000e-01
5.3530000000e+03 2.8177800000e-01
5.3540000000e+03 2.8173900000e-01
5.3550000000e+03 2.8170000000e-01
5.3560000000e+03 2.8166100000e-01
5.3570000000e+03 2.8162200000e-01
5.3580000000e+03 2.8158300000e-01
5.3590000000e+03 2.8154300000e-01
5.3600000000e+03 2.8150400000e-01
5.3610000000e+03 2.8146500000e-01
5.3614907230e+03 2.8144600000e-01
5.3620000000e+03 2.8142500000e-01
5.3630000000e+03 2.8138300000e-01
5.3640000000e+03 2.8134100000e-01
5.3650000000e+03 2.8130000000e-01
5.3660000000e+03 2.8125800000e-01
5.3670000000e+03 2.8121700000e-01
5.3680000000e+03 2.8117500000e-01
5.3690000000e+03 2.8113400000e-01
5.3700000000e+03 2.8109200000e-01
5.3710000000e+03 2.8105000000e-01
5.3714931640e+03 2.8103000000e-01
5.3720000000e+03 2.8097200000e-01
5.3730000000e+03 2.8085900000e-01
5.3740000000e+03 2.8074600000e-01
5.3750000000e+03 2.8063200000e-01
5.3760000000e+03 2.8051900000e-01
5.3770000000e+03 2.8040600000e-01
5.3780000000e+03 2.8029200000e-01
5.3790000000e+03 2.8017900000e-01
5.3800000000e+03 2.8006600000e-01
5.3810000000e+03 2.7995300000e-01
5.3814960940e+03 2.7989600000e-01
5.3820000000e+03 2.7986300000e-01
5.3830000000e+03 2.7979500000e-01
5.3840000000e+03 2.7972800000e-01
5.3850000000e+03 2.7966100000e-01
5.3860000000e+03 2.7959400000e-01
5.3870000000e+03 2.7952700000e-01
5.3880000000e+03 2.7946000000e-01
5.3890000000e+03 2.7939300000e-01
5.3900000000e+03 2.7932600000e-01
5.3910000000e+03 2.7925900000e-01
5.3914985350e+03 2.7922600000e-01
5.3920000000e+03 2.7916400000e-01
5.3930000000e+03 2.7904100000e-01
5.3940000000e+03 2.7891800000e-01
5.3950000000e+03 2.7879500000e-01
5.3960000000e+03 2.7867200000e-01
5.3970000000e+03 2.7854900000e-01
5.3980000000e+03 2.7842600000e-01
5.3990000000e+03 2.7830300000e-01
5.4000000000e+03 2.7818000000e-01
5.4010000000e+03 2.7805700000e-01
5.4015014650e+03 2.7799500000e-01
5.4020000000e+03 2.7792900000e-01
5.4030000000e+03 2.7779500000e-01
5.4040000000e+03 2.7766100000e-01
5.4050000000e+03 2.7752700000e-01
5.4060000000e+03 2.7739300000e-01
5.4070000000e+03 2.7725900000e-01
5.4080000000e+03 2.7712500000e-01
5.4090000000e+03 2.7699100000e-01
5.4100000000e+03 2.7685700000e-01
5.4110000000e+03 2.7672300000e-01
5.4115039060e+03 2.7665600000e-01
5.4120000000e+03 2.7662100000e-01
5.4130000000e+03 2.7655100000e-01
5.4140000000e+03 2.7648000000e-01
5.4150000000e+03 2.7641000000e-01
5.4160000000e+03 2.7634000000e-01
5.4170000000e+03 2.7627000000e-01
5.4180000000e+03 2.7619900000e-01
5.4190000000e+03 2.7612900000e-01
5.4200000000e+03 2.7605900000e-01
5.4210000000e+03 2.7598900000e-01
5.4215068360e+03 2.7595300000e-01
5.4220000000e+03 2.7593000000e-01
5.4230000000e+03 2.7588500000e-01
5.4240000000e+03 2.7583900000e-01
5.4250000000e+03 2.7579400000e-01
5.4260000000e+03 2.7574800000e-01
5.4270000000e+03 2.7570200000e-01
5.4280000000e+03 2.7565700000e-01
5.4290000000e+03 2.7561100000e-01
5.4300000000e+03 2.7556600000e-01
5.4310000000e+03 2.7552000000e-01
5.4315092770e+03 2.7549600000e-01
5.4320000000e+03 2.7545400000e-01
5.4330000000e+03 2.7536600000e-01
5.4340000000e+03 2.7527900000e-01
5.4350000000e+03 2.7519200000e-01
5.4360000000e+03 2.7510400000e-01
5.4370000000e+03 2.7501700000e-01
5.4380000000e+03 2.7493000000e-01
5.4390000000e+03 2.7484200000e-01
5.4400000000e+03 2.7475500000e-01
5.4410000000e+03 2.7466800000e-01
5.4415122070e+03 2.7462300000e-01
5.4420000000e+03 2.7458600000e-01
5.4430000000e+03 2.7450900000e-01
5.4440000000e+03 2.7443200000e-01
5.4450000000e+03 2.7435600000e-01
5.4460000000e+03 2.7427900000e-01
5.4470000000e+03 2.7420300000e-01
5.4480000000e+03 2.7412600000e-01
5.4490000000e+03 2.7405000000e-01
5.4500000000e+03 2.7397300000e-01
5.4510000000e+03 2.7389600000e-01
5.4515146480e+03 2.7385700000e-01
5.4520000000e+03 2.7381300000e-01
5.4530000000e+03 2.7372200000e-01
5.4540000000e+03 2.7363100000e-01
5.4550000000e+03 2.7354000000e-01
5.4560000000e+03 2.7344900000e-01
5.4570000000e+03 2.7335800000e-01
5.4580000000e+03 2.7326700000e-01
5.4590000000e+03 2.7317600000e-01
5.4600000000e+03 2.7306100000e-01
5.4610000000e+03 2.7297000000e-01
5.4615175780e+03 2.7292300000e-01
5.4620000000e+03 2.7286400000e-01
5.4630000000e+03 2.7274100000e-01
5.4640000000e+03 2.7261800000e-01
5.4650000000e+03 2.7249500000e-01
5.4660000000e+03 2.7237200000e-01
5.4670000000e+03 2.7224900000e-01
5.4680000000e+03 2.7212600000e-01
5.4690000000e+03 2.7200300000e-01
5.4700000000e+03 2.7188000000e-01
5.4710000000e+03 2.7175700000e-01
5.4715200200e+03 2.7169300000e-01
5.4720000000e+03 2.7166200000e-01
5.4730000000e+03 2.7159800000e-01
5.4740000000e+03 2.7153400000e-01
5.4750000000e+03 2.7146900000e-01
5.4760000000e+03 2.7140500000e-01
5.4770000000e+03 2.7134100000e-01
5.4780000000e+03 2.7127600000e-01
5.4790000000e+03 2.7121200000e-01
5.4800000000e+03 2.7114800000e-01
5.4810000000e+03 2.7108400000e-01
5.4815224610e+03 2.7105000000e-01
5.4820000000e+03 2.7101000000e-01
5.4830000000e+03 2.7092700000e-01
5.4840000000e+03 2.7084400000e-01
5.4850000000e+03 2.7076100000e-01
5.4860000000e+03 2.7067800000e-01
5.4870000000e+03 2.7059500000e-01
5.4880000000e+03 2.7051200000e-01
5.4890000000e+03 2.7042900000e-01
5.4900000000e+03 2.7034600000e-01
5.4910000000e+03 2.7026300000e-01
5.4915253910e+03 2.7021900000e-01
5.4920000000e+03 2.7014100000e-01
5.4930000000e+03 2.6997700000e-01
5.4940000000e+03 2.6981200000e-01
5.4950000000e+03 2.6964700000e-01
5.4960000000e+03 2.6948300000e-01
5.4970000000e+03 2.6931800000e-01
5.4980000000e+03 2.6915300000e-01
5.4990000000e+03 2.6898900000e-01
5.5000000000e+03 2.6882400000e-01
5.5010000000e+03 2.6866100000e-01
5.5015278320e+03 2.6857400000e-01
5.5020000000e+03 2.6849200000e-01
5.5030000000e+03 2.6831700000e-01
5.5040000000e+03 2.6814300000e-01
5.5050000000e+03 2.6796800000e-01
5.5060000000e+03 2.6779400000e-01
5.5070000000e+03 2.6761900000e-01
5.5080000000e+03 2.6744400000e-01
5.5090000000e+03 2.6727000000e-01
5.5100000000e+03 2.6709500000e-01
5.5110000000e+03 2.6692100000e-01
5.5115307620e+03 2.6682800000e-01
5.5120000000e+03 2.6676800000e-01
5.5130000000e+03 2.6664200000e-01
5.5140000000e+03 2.6651500000e-01
5.5150000000e+03 2.6638900000e-01
5.5160000000e+03 2.6626200000e-01
5.5170000000e+03 2.6613600000e-01
5.5180000000e+03 2.6600900000e-01
5.5190000000e+03 2.6588300000e-01
5.5200000000e+03 2.6575600000e-01
5.5210000000e+03 2.6563000000e-01
5.5215332030e+03 2.6555000000e-01
5.5220000000e+03 2.6549600000e-01
5.5230000000e+03 2.6540300000e-01
5.5240000000e+03 2.6531000000e-01
5.5250000000e+03 2.6521800000e-01
5.5260000000e+03 2.6512500000e-01
5.5270000000e+03 2.6503200000e-01
5.5280000000e+03 2.6493900000e-01
5.5290000000e+03 2.6484600000e-01
5.5300000000e+03 2.6475400000e-01
5.5310000000e+03 2.6466100000e-01
5.5315361330e+03 2.6461100000e-01
5.5320000000e+03 2.6454500000e-01
5.5330000000e+03 2.6440300000e-01
5.5340000000e+03 2.6426200000e-01
5.5350000000e+03 2.6412000000e-01
5.5360000000e+03 2.6397800000e-01
5.5370000000e+03 2.6383700000e-01
5.5380000000e+03 2.6369500000e-01
5.5390000000e+03 2.6355300000e-01
5.5400000000e+03 2.6341200000e-01
5.5410000000e+03 2.6327000000e-01
5.5415385740e+03 2.6319400000e-01
5.5420000000e+03 2.6313600000e-01
5.5430000000e+03 2.6301200000e-01
5.5440000000e+03 2.6288700000e-01
5.5450000000e+03 2.6276300000e-01
5.5460000000e+03 2.6263900000e-01
5.5470000000e+03 2.6251400000e-01
5.5480000000e+03 2.6239000000e-01
5.5490000000e+03 2.6226500000e-01
5.5500000000e+03 2.6214100000e-01
5.5510000000e+03 2.6201700000e-01
5.5515415040e+03 2.6194900000e-01
5.5520000000e+03 2.6188200000e-01
5.5530000000e+03 2.6173700000e-01
5.5540000000e+03 2.6159100000e-01
5.5550000000e+03 2.6144600000e-01
5.5560000000e+03 2.6130000000e-01
5.5570000000e+03 2.6115400000e-01
5.5580000000e+03 2.6100900000e-01
5.5590000000e+03 2.6086300000e-01
5.5600000000e+03 2.6071800000e-01
5.5610000000e+03 2.6057200000e-01
5.5615439450e+03 2.6049300000e-01
5.5620000000e+03 2.6044400000e-01
5.5630000000e+03 2.6031400000e-01
5.5640000000e+03 2.6020700000e-01
5.5650000000e+03 2.6009900000e-01
5.5660000000e+03 2.5999200000e-01
5.5670000000e+03 2.5988400000e-01
5.5680000000e+03 2.5977700000e-01
5.5690000000e+03 2.5966900000e-01
5.5700000000e+03 2.5956200000e-01
5.5710000000e+03 2.5945400000e-01
5.5715468750e+03 2.5939500000e-01
5.5720000000e+03 2.5932900000e-01
5.5730000000e+03 2.5918400000e-01
5.5740000000e+03 2.5903800000e-01
5.5750000000e+03 2.5889200000e-01
5.5760000000e+03 2.5874700000e-01
5.5770000000e+03 2.5860100000e-01
5.5780000000e+03 2.5845500000e-01
5.5790000000e+03 2.5830900000e-01
5.5800000000e+03 2.5816400000e-01
5.5810000000e+03 2.5801800000e-01
5.5815493160e+03 2.5793800000e-01
5.5820000000e+03 2.5787400000e-01
5.5830000000e+03 2.5773300000e-01
5.5840000000e+03 2.5759200000e-01
5.5850000000e+03 2.5745000000e-01
5.5860000000e+03 2.5730900000e-01
5.5870000000e+03 2.5716700000e-01
5.5880000000e+03 2.5702600000e-01
5.5890000000e+03 2.5688500000e-01
5.5900000000e+03 2.5674400000e-01
5.5910000000e+03 2.5660200000e-01
5.5915522460e+03 2.5652400000e-01
5.5920000000e+03 2.5646900000e-01
5.5930000000e+03 2.5634700000e-01
5.5940000000e+03 2.5622500000e-01
5.5950000000e+03 2.5608100000e-01
5.5960000000e+03 2.5595900000e-01
5.5970000000e+03 2.5583600000e-01
5.5980000000e+03 2.5571400000e-01
5.5990000000e+03 2.5559200000e-01
5.6000000000e+03 2.5547000000e-01
5.6010000000e+03 2.5534700000e-01
5.6015546880e+03 2.5527900000e-01
5.6020000000e+03 2.5519100000e-01
5.6030000000e+03 2.5499100000e-01
5.6040000000e+03 2.5479200000e-01
5.6050000000e+03 2.5459300000e-01
5.6060000000e+03 2.5439400000e-01
5.6070000000e+03 2.5419500000e-01
5.6080000000e+03 2.5399500000e-01
5.6090000000e+03 2.5379600000e-01
5.6100000000e+03 2.5359700000e-01
5.6110000000e+03 2.5339800000e-01
5.6115576170e+03 2.5328700000e-01
5.6120000000e+03 2.5320100000e-01
5.6130000000e+03 2.5300800000e-01
5.6140000000e+03 2.5281500000e-01
5.6150000000e+03 2.5262200000e-01
5.6160000000e+03 2.5242900000e-01
5.6170000000e+03 2.5223600000e-01
5.6180000000e+03 2.5204300000e-01
5.6190000000e+03 2.5185000000e-01
5.6200000000e+03 2.5165700000e-01
5.6210000000e+03 2.5146300000e-01
5.6215600590e+03 2.5135500000e-01
5.6220000000e+03 2.5125800000e-01
5.6230000000e+03 2.5101700000e-01
5.6240000000e+03 2.5079700000e-01
5.6250000000e+03 2.5057700000e-01
5.6260000000e+03 2.5035700000e-01
5.6270000000e+03 2.5013600000e-01
5.6280000000e+03 2.4991600000e-01
5.6290000000e+03 2.4969600000e-01
5.6300000000e+03 2.4947600000e-01
5.6310000000e+03 2.4925000000e-01
5.6315629880e+03 2.4912200000e-01
5.6320000000e+03 2.4902700000e-01
5.6330000000e+03 2.4881000000e-01
5.6340000000e+03 2.4859400000e-01
5.6350000000e+03 2.4837700000e-01
5.6360000000e+03 2.4816000000e-01
5.6370000000e+03 2.4794300000e-01
5.6380000000e+03 2.4772700000e-01
5.6390000000e+03 2.4751000000e-01
5.6400000000e+03 2.4729300000e-01
5.6410000000e+03 2.4707700000e-01
5.6415654300e+03 2.4695400000e-01
5.6420000000e+03 2.4689500000e-01
5.6430000000e+03 2.4675800000e-01
5.6440000000e+03 2.4662100000e-01
5.6450000000e+03 2.4648500000e-01
5.6460000000e+03 2.4634800000e-01
5.6470000000e+03 2.4621100000e-01
5.6480000000e+03 2.4605400000e-01
5.6490000000e+03 2.4591700000e-01
5.6500000000e+03 2.4578100000e-01
5.6510000000e+03 2.4564400000e-01
5.6515678710e+03 2.4556700000e-01
5.6520000000e+03 2.4548900000e-01
5.6530000000e+03 2.4530900000e-01
5.6540000000e+03 2.4512900000e-01
5.6550000000e+03 2.4494900000e-01
5.6560000000e+03 2.4476800000e-01
5.6570000000e+03 2.4458800000e-01
5.6580000000e+03 2.4440800000e-01
5.6590000000e+03 2.4422800000e-01
5.6600000000e+03 2.4404800000e-01
5.6610000000e+03 2.4386800000e-01
5.6615708010e+03 2.4376500000e-01
5.6620000000e+03 2.4368500000e-01
5.6630000000e+03 2.4349600000e-01
5.6640000000e+03 2.4330800000e-01
5.6650000000e+03 2.4312000000e-01
5.6660000000e+03 2.4293100000e-01
5.6670000000e+03 2.4274300000e-01
5.6680000000e+03 2.4255500000e-01
5.6690000000e+03 2.4236600000e-01
5.6700000000e+03 2.4217800000e-01
5.6710000000e+03 2.4196900000e-01
5.6715737300e+03 2.4186100000e-01
5.6720000000e+03 2.4176900000e-01
5.6730000000e+03 2.4155500000e-01
5.6740000000e+03 2.4134000000e-01
5.6750000000e+03 2.4112500000e-01
5.6760000000e+03 2.4091100000e-01
5.6770000000e+03 2.4069600000e-01
5.6780000000e+03 2.4048100000e-01
5.6790000000e+03 2.4026700000e-01
5.6800000000e+03 2.4005200000e-01
5.6810000000e+03 2.3983800000e-01
5.6815761720e+03 2.3971400000e-01
5.6820000000e+03 2.3962600000e-01
5.6830000000e+03 2.3941900000e-01
5.6840000000e+03 2.3921100000e-01
5.6850000000e+03 2.3900400000e-01
5.6860000000e+03 2.3879600000e-01
5.6870000000e+03 2.3858900000e-01
5.6880000000e+03 2.3838200000e-01
5.6890000000e+03 2.3817400000e-01
5.6900000000e+03 2.3796700000e-01
5.6910000000e+03 2.3776000000e-01
5.6915786130e+03 2.3762800000e-01
5.6920000000e+03 2.3754000000e-01
5.6930000000e+03 2.3735100000e-01
5.6940000000e+03 2.3716300000e-01
5.6950000000e+03 2.3697400000e-01
5.6960000000e+03 2.3678600000e-01
5.6970000000e+03 2.3659700000e-01
5.6980000000e+03 2.3640900000e-01
5.6990000000e+03 2.3622000000e-01
5.7000000000e+03 2.3603200000e-01
5.7010000000e+03 2.3584300000e-01
5.7015815430e+03 2.3573400000e-01
5.7020000000e+03 2.3562900000e-01
5.7030000000e+03 2.3537900000e-01
5.7040000000e+03 2.3513000000e-01
5.7050000000e+03 2.3488000000e-01
5.7060000000e+03 2.3463000000e-01
5.7070000000e+03 2.3438000000e-01
5.7080000000e+03 2.3413100000e-01
5.7090000000e+03 2.3388100000e-01
5.7100000000e+03 2.3363100000e-01
5.7110000000e+03 2.3336200000e-01
5.7115839840e+03 2.3321600000e-01
5.7120000000e+03 2.3314300000e-01
5.7130000000e+03 2.3296700000e-01
5.7140000000e+03 2.3279200000e-01
5.7150000000e+03 2.3261600000e-01
5.7160000000e+03 2.3244100000e-01
5.7170000000e+03 2.3226500000e-01
5.7180000000e+03 2.3209000000e-01
5.7190000000e+03 2.3191400000e-01
5.7200000000e+03 2.3173900000e-01
5.7210000000e+03 2.3156300000e-01
5.7215869140e+03 2.3146000000e-01
5.7220000000e+03 2.3137400000e-01
5.7230000000e+03 2.3116400000e-01
5.7240000000e+03 2.3095400000e-01
5.7250000000e+03 2.3074400000e-01
5.7260000000e+03 2.3053400000e-01
5.7270000000e+03 2.3032400000e-01
5.7280000000e+03 2.3011500000e-01
5.7290000000e+03 2.2988500000e-01
5.7300000000e+03 2.2967600000e-01
5.7310000000e+03 2.2946600000e-01
5.7315893550e+03 2.2934200000e-01
5.7320000000e+03 2.2924800000e-01
5.7330000000e+03 2.2901700000e-01
5.7340000000e+03 2.2878700000e-01
5.7350000000e+03 2.2855700000e-01
5.7360000000e+03 2.2832700000e-01
5.7370000000e+03 2.2809700000e-01
5.7380000000e+03 2.2786600000e-01
5.7390000000e+03 2.2763600000e-01
5.7400000000e+03 2.2740600000e-01
5.7410000000e+03 2.2717600000e-01
5.7415922850e+03 2.2704000000e-01
5.7420000000e+03 2.2694100000e-01
5.7430000000e+03 2.2669900000e-01
5.7440000000e+03 2.2645600000e-01
5.7450000000e+03 2.2621400000e-01
5.7460000000e+03 2.2597100000e-01
5.7470000000e+03 2.2571000000e-01
5.7480000000e+03 2.2546700000e-01
5.7490000000e+03 2.2522500000e-01
5.7500000000e+03 2.2498300000e-01
5.7510000000e+03 2.2474100000e-01
5.7515947270e+03 2.2459600000e-01
5.7520000000e+03 2.2452200000e-01
5.7530000000e+03 2.2433800000e-01
5.7540000000e+03 2.2415400000e-01
5.7550000000e+03 2.2397000000e-01
5.7560000000e+03 2.2378500000e-01
5.7570000000e+03 2.2360100000e-01
5.7580000000e+03 2.2341700000e-01
5.7590000000e+03 2.2323300000e-01
5.7600000000e+03 2.2304900000e-01
5.7610000000e+03 2.2286500000e-01
5.7615976560e+03 2.2275600000e-01
5.7620000000e+03 2.2265300000e-01
5.7630000000e+03 2.2238000000e-01
5.7640000000e+03 2.2212600000e-01
5.7650000000e+03 2.2187200000e-01
5.7660000000e+03 2.2161900000e-01
5.7670000000e+03 2.2136500000e-01
5.7680000000e+03 2.2111100000e-01
5.7690000000e+03 2.2085700000e-01
5.7700000000e+03 2.2060300000e-01
5.7710000000e+03 2.2034900000e-01
5.7716000980e+03 2.2019700000e-01
5.7720000000e+03 2.2009800000e-01
5.7730000000e+03 2.1985000000e-01
5.7740000000e+03 2.1960300000e-01
5.7750000000e+03 2.1935500000e-01
5.7760000000e+03 2.1910800000e-01
5.7770000000e+03 2.1886000000e-01
5.7780000000e+03 2.1861300000e-01
5.7790000000e+03 2.1834700000e-01
5.7800000000e+03 2.1809900000e-01
5.7810000000e+03 2.1785200000e-01
5.7816030270e+03 2.1770300000e-01
5.7820000000e+03 2.1759200000e-01
5.7830000000e+03 2.1731500000e-01
5.7840000000e+03 2.1703700000e-01
5.7850000000e+03 2.1676000000e-01
5.7860000000e+03 2.1648200000e-01
5.7870000000e+03 2.1620500000e-01
5.7880000000e+03 2.1592700000e-01
5.7890000000e+03 2.1565000000e-01
5.7900000000e+03 2.1537200000e-01
5.7910000000e+03 2.1509500000e-01
5.7916054690e+03 2.1492700000e-01
5.7920000000e+03 2.1483700000e-01
5.7930000000e+03 2.1461000000e-01
5.7940000000e+03 2.1436500000e-01
5.7950000000e+03 2.1413800000e-01
5.7960000000e+03 2.1391200000e-01
5.7970000000e+03 2.1368500000e-01
5.7980000000e+03 2.1345800000e-01
5.7990000000e+03 2.1323100000e-01
5.8000000000e+03 2.1300400000e-01
5.8010000000e+03 2.1277800000e-01
5.8016083980e+03 2.1264000000e-01
5.8020000000e+03 2.1252800000e-01
5.8030000000e+03 2.1224300000e-01
5.8040000000e+03 2.1195700000e-01
5.8050000000e+03 2.1167200000e-01
5.8060000000e+03 2.1138700000e-01
5.8070000000e+03 2.1110100000e-01
5.8080000000e+03 2.1081600000e-01
5.8090000000e+03 2.1051300000e-01
5.8100000000e+03 2.1022800000e-01
5.8110000000e+03 2.0994300000e-01
5.8116108400e+03 2.0976900000e-01
5.8120000000e+03 2.0966700000e-01
5.8130000000e+03 2.0940400000e-01
5.8140000000e+03 2.0914200000e-01
5.8150000000e+03 2.0888000000e-01
5.8160000000e+03 2.0861800000e-01
5.8170000000e+03 2.0835600000e-01
5.8180000000e+03 2.0809400000e-01
5.8190000000e+03 2.0783100000e-01
5.8200000000e+03 2.0756900000e-01
5.8210000000e+03 2.0730700000e-01
5.8216137700e+03 2.0714700000e-01
5.8220000000e+03 2.0706700000e-01
5.8230000000e+03 2.0684200000e-01
5.8240000000e+03 2.0663500000e-01
5.8250000000e+03 2.0642800000e-01
5.8260000000e+03 2.0622100000e-01
5.8270000000e+03 2.0601400000e-01
5.8280000000e+03 2.0580600000e-01
5.8290000000e+03 2.0559900000e-01
5.8300000000e+03 2.0539200000e-01
5.8310000000e+03 2.0518900000e-01
5.8316162110e+03 2.0506300000e-01
5.8320000000e+03 2.0496300000e-01
5.8330000000e+03 2.0470100000e-01
5.8340000000e+03 2.0443900000e-01
5.8350000000e+03 2.0417700000e-01
5.8360000000e+03 2.0391500000e-01
5.8370000000e+03 2.0363600000e-01
5.8380000000e+03 2.0337500000e-01
5.8390000000e+03 2.0311300000e-01
5.8400000000e+03 2.0285100000e-01
5.8410000000e+03 2.0258900000e-01
5.8416191410e+03 2.0242700000e-01
5.8420000000e+03 2.0231900000e-01
5.8430000000e+03 2.0203400000e-01
5.8440000000e+03 2.0174800000e-01
5.8450000000e+03 2.0146300000e-01
5.8460000000e+03 2.0117800000e-01
5.8470000000e+03 2.0089300000e-01
5.8480000000e+03 2.0060800000e-01
5.8490000000e+03 2.0032200000e-01
5.8500000000e+03 2.0002000000e-01
5.8510000000e+03 1.9973500000e-01
5.8516215820e+03 1.9955800000e-01
5.8520000000e+03 1.9947000000e-01
5.8530000000e+03 1.9923600000e-01
5.8540000000e+03 1.9900300000e-01
5.8550000000e+03 1.9876900000e-01
5.8560000000e+03 1.9853600000e-01
5.8570000000e+03 1.9830300000e-01
5.8580000000e+03 1.9806900000e-01
5.8590000000e+03 1.9783600000e-01
5.8600000000e+03 1.9760200000e-01
5.8610000000e+03 1.9736900000e-01
5.8616245120e+03 1.9722300000e-01
5.8620000000e+03 1.9712200000e-01
5.8630000000e+03 1.9683400000e-01
5.8640000000e+03 1.9656300000e-01
5.8650000000e+03 1.9629200000e-01
5.8660000000e+03 1.9602100000e-01
5.8670000000e+03 1.9575000000e-01
5.8680000000e+03 1.9547900000e-01
5.8690000000e+03 1.9520900000e-01
5.8700000000e+03 1.9493800000e-01
5.8710000000e+03 1.9466700000e-01
5.8716269530e+03 1.9449700000e-01
5.8720000000e+03 1.9439500000e-01
5.8730000000e+03 1.9412300000e-01
5.8740000000e+03 1.9385000000e-01
5.8750000000e+03 1.9357700000e-01
5.8760000000e+03 1.9328800000e-01
5.8770000000e+03 1.9301500000e-01
5.8780000000e+03 1.9274300000e-01
5.8790000000e+03 1.9247000000e-01
5.8800000000e+03 1.9219700000e-01
5.8810000000e+03 1.9192500000e-01
5.8816298830e+03 1.9175300000e-01
5.8820000000e+03 1.9165300000e-01
5.8830000000e+03 1.9138200000e-01
5.8840000000e+03 1.9111100000e-01
5.8850000000e+03 1.9084100000e-01
5.8860000000e+03 1.9057000000e-01
5.8870000000e+03 1.9030000000e-01
5.8880000000e+03 1.9001300000e-01
5.8890000000e+03 1.8974300000e-01
5.8900000000e+03 1.8947200000e-01
5.8910000000e+03 1.8920200000e-01
5.8916323240e+03 1.8903100000e-01
5.8920000000e+03 1.8892400000e-01
5.8930000000e+03 1.8863400000e-01
5.8940000000e+03 1.8834400000e-01
5.8950000000e+03 1.8805400000e-01
5.8960000000e+03 1.8776400000e-01
5.8970000000e+03 1.8747400000e-01
5.8980000000e+03 1.8718400000e-01
5.8990000000e+03 1.8689400000e-01
5.9000000000e+03 1.8658800000e-01
5.9010000000e+03 1.8629800000e-01
5.9016347660e+03 1.8611400000e-01
5.9020000000e+03 1.8601100000e-01
5.9030000000e+03 1.8572700000e-01
5.9040000000e+03 1.8544400000e-01
5.9050000000e+03 1.8516100000e-01
5.9060000000e+03 1.8487700000e-01
5.9070000000e+03 1.8459400000e-01
5.9080000000e+03 1.8431100000e-01
5.9090000000e+03 1.8402800000e-01
5.9100000000e+03 1.8374500000e-01
5.9110000000e+03 1.8344600000e-01
5.9116376950e+03 1.8326600000e-01
5.9120000000e+03 1.8317300000e-01
5.9130000000e+03 1.8291600000e-01
5.9140000000e+03 1.8266000000e-01
5.9150000000e+03 1.8240300000e-01
5.9160000000e+03 1.8214700000e-01
5.9170000000e+03 1.8189000000e-01
5.9180000000e+03 1.8163400000e-01
5.9190000000e+03 1.8137700000e-01
5.9200000000e+03 1.8112100000e-01
5.9210000000e+03 1.8086500000e-01
5.9216406250e+03 1.8070100000e-01
5.9220000000e+03 1.8060500000e-01
5.9230000000e+03 1.8032300000e-01
5.9240000000e+03 1.8005600000e-01
5.9250000000e+03 1.7978900000e-01
5.9260000000e+03 1.7952200000e-01
5.9270000000e+03 1.7925600000e-01
5.9280000000e+03 1.7898900000e-01
5.9290000000e+03 1.7872200000e-01
5.9300000000e+03 1.7845600000e-01
5.9310000000e+03 1.7818900000e-01
5.9316430660e+03 1.7801800000e-01
5.9320000000e+03 1.7791800000e-01
5.9330000000e+03 1.7763900000e-01
5.9340000000e+03 1.7734500000e-01
5.9350000000e+03 1.7706500000e-01
5.9360000000e+03 1.7678600000e-01
5.9370000000e+03 1.7650700000e-01
5.9380000000e+03 1.7622800000e-01
5.9390000000e+03 1.7594900000e-01
5.9400000000e+03 1.7567000000e-01
5.9410000000e+03 1.7539100000e-01
5.9416455080e+03 1.7521100000e-01
5.9420000000e+03 1.7511300000e-01
5.9430000000e+03 1.7483500000e-01
5.9440000000e+03 1.7455600000e-01
5.9450000000e+03 1.7426400000e-01
5.9460000000e+03 1.7398500000e-01
5.9470000000e+03 1.7370700000e-01
5.9480000000e+03 1.7342900000e-01
5.9490000000e+03 1.7315100000e-01
5.9500000000e+03 1.7287400000e-01
5.9510000000e+03 1.7259600000e-01
5.9516484380e+03 1.7241500000e-01
5.9520000000e+03 1.7231600000e-01
5.9530000000e+03 1.7203200000e-01
5.9540000000e+03 1.7174800000e-01
5.9550000000e+03 1.7146400000e-01
5.9560000000e+03 1.7116500000e-01
5.9570000000e+03 1.7088200000e-01
5.9580000000e+03 1.7059800000e-01
5.9590000000e+03 1.7031400000e-01
5.9600000000e+03 1.7003000000e-01
5.9610000000e+03 1.6974700000e-01
5.9616508790e+03 1.6956200000e-01
5.9620000000e+03 1.6946600000e-01
5.9630000000e+03 1.6918900000e-01
5.9640000000e+03 1.6891300000e-01
5.9650000000e+03 1.6863700000e-01
5.9660000000e+03 1.6834600000e-01
5.9670000000e+03 1.6807000000e-01
5.9680000000e+03 1.6779400000e-01
5.9690000000e+03 1.6751800000e-01
5.9700000000e+03 1.6724100000e-01
5.9710000000e+03 1.6696500000e-01
5.9716538090e+03 1.6678500000e-01
5.9720000000e+03 1.6668800000e-01
5.9730000000e+03 1.6640700000e-01
5.9740000000e+03 1.6612700000e-01
5.9750000000e+03 1.6584700000e-01
5.9760000000e+03 1.6555200000e-01
5.9770000000e+03 1.6527200000e-01
5.9780000000e+03 1.6499200000e-01
5.9790000000e+03 1.6471100000e-01
5.9800000000e+03 1.6443100000e-01
5.9810000000e+03 1.6415100000e-01
5.9816567380e+03 1.6396700000e-01
5.9820000000e+03 1.6386900000e-01
5.9830000000e+03 1.6358600000e-01
5.9840000000e+03 1.6330200000e-01
5.9850000000e+03 1.6301800000e-01
5.9860000000e+03 1.6273400000e-01
5.9870000000e+03 1.6243600000e-01
5.9880000000e+03 1.6215300000e-01
5.9890000000e+03 1.6186900000e-01
5.9900000000e+03 1.6158500000e-01
5.9910000000e+03 1.6130100000e-01
5.9916591800e+03 1.6111400000e-01
5.9920000000e+03 1.6101200000e-01
5.9930000000e+03 1.6071000000e-01
5.9940000000e+03 1.6040900000e-01
5.9950000000e+03 1.6010800000e-01
5.9960000000e+03 1.5980600000e-01
5.9970000000e+03 1.5949100000e-01
5.9980000000e+03 1.5919000000e-01
5.9990000000e+03 1.5888900000e-01
6.0000000000e+03 1.5858800000e-01
6.0010000000e+03 1.5829800000e-01
6.0016616210e+03 1.5810700000e-01
6.0020000000e+03 1.5801100000e-01
6.0030000000e+03 1.5772700000e-01
6.0040000000e+03 1.5744400000e-01
6.0050000000e+03 1.5716000000e-01
6.0060000000e+03 1.5686300000e-01
6.0070000000e+03 1.5657900000e-01
6.0080000000e+03 1.5629600000e-01
6.0090000000e+03 1.5601200000e-01
6.0100000000e+03 1.5572800000e-01
6.0110000000e+03 1.5544500000e-01
6.0116645510e+03 1.5525600000e-01
6.0120000000e+03 1.5516300000e-01
6.0130000000e+03 1.5488600000e-01
6.0140000000e+03 1.5460800000e-01
6.0150000000e+03 1.5433000000e-01
6.0160000000e+03 1.5404000000e-01
6.0170000000e+03 1.5376200000e-01
6.0180000000e+03 1.5348400000e-01
6.0190000000e+03 1.5320600000e-01
6.0200000000e+03 1.5292900000e-01
6.0210000000e+03 1.5265100000e-01
6.0216669920e+03 1.5246600000e-01
6.0220000000e+03 1.5238000000e-01
6.0230000000e+03 1.5212400000e-01
6.0240000000e+03 1.5186800000e-01
6.0250000000e+03 1.5159900000e-01
6.0260000000e+03 1.5134300000e-01
6.0270000000e+03 1.5108700000e-01
6.0280000000e+03 1.5083000000e-01
6.0290000000e+03 1.5057400000e-01
6.0300000000e+03 1.5031800000e-01
6.0310000000e+03 1.5006000000e-01
6.0316699220e+03 1.4988700000e-01
6.0320000000e+03 1.4979400000e-01
6.0330000000e+03 1.4951100000e-01
6.0340000000e+03 1.4922800000e-01
6.0350000000e+03 1.4893300000e-01
6.0360000000e+03 1.4865000000e-01
6.0370000000e+03 1.4836700000e-01
6.0380000000e+03 1.4808400000e-01
6.0390000000e+03 1.4780200000e-01
6.0400000000e+03 1.4751900000e-01
6.0410000000e+03 1.4723600000e-01
6.0416723630e+03 1.4704600000e-01
6.0420000000e+03 1.4695600000e-01
6.0430000000e+03 1.4668400000e-01
6.0440000000e+03 1.4639900000e-01
6.0450000000e+03 1.4612700000e-01
6.0460000000e+03 1.4585500000e-01
6.0470000000e+03 1.4558200000e-01
6.0480000000e+03 1.4531000000e-01
6.0490000000e+03 1.4503800000e-01
6.0500000000e+03 1.4476500000e-01
6.0510000000e+03 1.4449300000e-01
6.0516752930e+03 1.4430900000e-01
6.0520000000e+03 1.4422200000e-01
6.0530000000e+03 1.4394100000e-01
6.0540000000e+03 1.4367200000e-01
6.0550000000e+03 1.4340400000e-01
6.0560000000e+03 1.4313500000e-01
6.0570000000e+03 1.4286600000e-01
6.0580000000e+03 1.4259800000e-01
6.0590000000e+03 1.4232900000e-01
6.0600000000e+03 1.4206100000e-01
6.0610000000e+03 1.4179200000e-01
6.0616777340e+03 1.4160200000e-01
6.0620000000e+03 1.4151000000e-01
6.0630000000e+03 1.4123900000e-01
6.0640000000e+03 1.4096700000e-01
6.0650000000e+03 1.4069500000e-01
6.0660000000e+03 1.4042400000e-01
6.0670000000e+03 1.4015200000e-01
6.0680000000e+03 1.3988000000e-01
6.0690000000e+03 1.3960900000e-01
6.0700000000e+03 1.3933700000e-01
6.0710000000e+03 1.3905300000e-01
6.0716806640e+03 1.3886800000e-01
6.0720000000e+03 1.3877500000e-01
6.0730000000e+03 1.3848100000e-01
6.0740000000e+03 1.3818800000e-01
6.0750000000e+03 1.3789500000e-01
6.0760000000e+03 1.3760100000e-01
6.0770000000e+03 1.3730800000e-01
6.0780000000e+03 1.3701400000e-01
6.0790000000e+03 1.3672100000e-01
6.0800000000e+03 1.3641600000e-01
6.0810000000e+03 1.3612200000e-01
6.0816831050e+03 1.3592200000e-01
6.0820000000e+03 1.3584400000e-01
6.0830000000e+03 1.3559700000e-01
6.0840000000e+03 1.3535100000e-01
6.0850000000e+03 1.3510500000e-01
6.0860000000e+03 1.3485800000e-01
6.0870000000e+03 1.3461200000e-01
6.0880000000e+03 1.3435400000e-01
6.0890000000e+03 1.3410800000e-01
6.0900000000e+03 1.3386200000e-01
6.0910000000e+03 1.3361500000e-01
6.0916860350e+03 1.3344600000e-01
6.0920000000e+03 1.3336000000e-01
6.0930000000e+03 1.3308500000e-01
6.0940000000e+03 1.3281000000e-01
6.0950000000e+03 1.3253500000e-01
6.0960000000e+03 1.3226000000e-01
6.0970000000e+03 1.3197400000e-01
6.0980000000e+03 1.3169900000e-01
6.0990000000e+03 1.3142400000e-01
6.1000000000e+03 1.3114900000e-01
6.1010000000e+03 1.3087400000e-01
6.1016884770e+03 1.3068400000e-01
6.1020000000e+03 1.3059900000e-01
6.1030000000e+03 1.3032400000e-01
6.1040000000e+03 1.3004900000e-01
6.1050000000e+03 1.2976300000e-01
6.1060000000e+03 1.2948800000e-01
6.1070000000e+03 1.2921300000e-01
6.1080000000e+03 1.2893800000e-01
6.1090000000e+03 1.2866300000e-01
6.1100000000e+03 1.2838800000e-01
6.1110000000e+03 1.2811200000e-01
6.1116914060e+03 1.2792200000e-01
6.1120000000e+03 1.2783700000e-01
6.1130000000e+03 1.2756000000e-01
6.1140000000e+03 1.2727200000e-01
6.1150000000e+03 1.2699500000e-01
6.1160000000e+03 1.2671800000e-01
6.1170000000e+03 1.2644100000e-01
6.1180000000e+03 1.2616400000e-01
6.1190000000e+03 1.2588600000e-01
6.1200000000e+03 1.2560900000e-01
6.1210000000e+03 1.2533200000e-01
6.1216938480e+03 1.2513300000e-01
6.1220000000e+03 1.2504600000e-01
6.1230000000e+03 1.2477400000e-01
6.1240000000e+03 1.2450200000e-01
6.1250000000e+03 1.2422900000e-01
6.1260000000e+03 1.2395700000e-01
6.1270000000e+03 1.2368500000e-01
6.1280000000e+03 1.2341300000e-01
6.1290000000e+03 1.2314000000e-01
6.1300000000e+03 1.2285800000e-01
6.1310000000e+03 1.2258500000e-01
6.1316967770e+03 1.2239600000e-01
6.1320000000e+03 1.2231100000e-01
6.1330000000e+03 1.2203200000e-01
6.1340000000e+03 1.2175200000e-01
6.1350000000e+03 1.2147300000e-01
6.1360000000e+03 1.2119400000e-01
6.1370000000e+03 1.2091500000e-01
6.1380000000e+03 1.2062500000e-01
6.1390000000e+03 1.2034600000e-01
6.1400000000e+03 1.2006600000e-01
6.1410000000e+03 1.1978700000e-01
6.1416992190e+03 1.1959200000e-01
6.1420000000e+03 1.1951100000e-01
6.1430000000e+03 1.1924500000e-01
6.1440000000e+03 1.1897900000e-01
6.1450000000e+03 1.1871300000e-01
6.1460000000e+03 1.1843700000e-01
6.1470000000e+03 1.1817000000e-01
6.1480000000e+03 1.1790400000e-01
6.1490000000e+03 1.1763800000e-01
6.1500000000e+03 1.1737200000e-01
6.1510000000e+03 1.1710500000e-01
6.1517021480e+03 1.1691800000e-01
6.1520000000e+03 1.1684400000e-01
6.1530000000e+03 1.1659300000e-01
6.1540000000e+03 1.1633300000e-01
6.1550000000e+03 1.1608200000e-01
6.1560000000e+03 1.1583100000e-01
6.1570000000e+03 1.1558100000e-01
6.1580000000e+03 1.1533000000e-01
6.1590000000e+03 1.1508000000e-01
6.1600000000e+03 1.1482900000e-01
6.1610000000e+03 1.1457800000e-01
6.1617045900e+03 1.1439500000e-01
6.1620000000e+03 1.1431000000e-01
6.1630000000e+03 1.1403200000e-01
6.1640000000e+03 1.1375400000e-01
6.1650000000e+03 1.1347500000e-01
6.1660000000e+03 1.1319700000e-01
6.1670000000e+03 1.1291900000e-01
6.1680000000e+03 1.1264100000e-01
6.1690000000e+03 1.1235300000e-01
6.1700000000e+03 1.1207500000e-01
6.1710000000e+03 1.1179700000e-01
6.1717075200e+03 1.1160000000e-01
6.1720000000e+03 1.1152600000e-01
6.1730000000e+03 1.1127400000e-01
6.1740000000e+03 1.1102200000e-01
6.1750000000e+03 1.1077000000e-01
6.1760000000e+03 1.1051800000e-01
6.1770000000e+03 1.1025700000e-01
6.1780000000e+03 1.1000500000e-01
6.1790000000e+03 1.0975300000e-01
6.1800000000e+03 1.0950100000e-01
6.1810000000e+03 1.0924900000e-01
6.1817099610e+03 1.0907000000e-01
6.1820000000e+03 1.0899400000e-01
6.1830000000e+03 1.0873400000e-01
6.1840000000e+03 1.0847400000e-01
6.1850000000e+03 1.0820500000e-01
6.1860000000e+03 1.0794500000e-01
6.1870000000e+03 1.0768500000e-01
6.1880000000e+03 1.0742500000e-01
6.1890000000e+03 1.0716500000e-01
6.1900000000e+03 1.0690500000e-01
6.1910000000e+03 1.0664500000e-01
6.1917128910e+03 1.0645300000e-01
6.1920000000e+03 1.0637500000e-01
6.1930000000e+03 1.0611400000e-01
6.1940000000e+03 1.0585200000e-01
6.1950000000e+03 1.0559000000e-01
6.1960000000e+03 1.0532800000e-01
6.1970000000e+03 1.0506600000e-01
6.1980000000e+03 1.0480400000e-01
6.1990000000e+03 1.0454300000e-01
6.2000000000e+03 1.0427200000e-01
6.2010000000e+03 1.0401000000e-01
6.2017153320e+03 1.0382300000e-01
6.2020000000e+03 1.0375300000e-01
6.2030000000e+03 1.0350800000e-01
6.2040000000e+03 1.0326300000e-01
6.2050000000e+03 1.0301800000e-01
6.2060000000e+03 1.0277200000e-01
6.2070000000e+03 1.0251900000e-01
6.2080000000e+03 1.0227300000e-01
6.2090000000e+03 1.0202800000e-01
6.2100000000e+03 1.0178300000e-01
6.2110000000e+03 1.0153800000e-01
6.2117182620e+03 1.0136200000e-01
6.2120000000e+03 1.0129100000e-01
6.2130000000e+03 1.0103700000e-01
6.2140000000e+03 1.0077500000e-01
6.2150000000e+03 1.0052200000e-01
6.2160000000e+03 1.0026900000e-01
6.2170000000e+03 1.0001500000e-01
6.2180000000e+03 9.9761800000e-02
6.2190000000e+03 9.9508400000e-02
6.2200000000e+03 9.9255000000e-02
6.2210000000e+03 9.8993100000e-02
6.2217207030e+03 9.8810500000e-02
6.2220000000e+03 9.8742800000e-02
6.2230000000e+03 9.8500700000e-02
6.2240000000e+03 9.8258500000e-02
6.2250000000e+03 9.8016300000e-02
6.2260000000e+03 9.7774100000e-02
6.2270000000e+03 9.7531900000e-02
6.2280000000e+03 9.7289600000e-02
6.2290000000e+03 9.7039100000e-02
6.2300000000e+03 9.6796800000e-02
6.2310000000e+03 9.6555200000e-02
6.2317236330e+03 9.6380300000e-02
6.2320000000e+03 9.6309300000e-02
6.2330000000e+03 9.6052400000e-02
6.2340000000e+03 9.5795500000e-02
6.2350000000e+03 9.5538500000e-02
6.2360000000e+03 9.5273400000e-02
6.2370000000e+03 9.5016400000e-02
6.2380000000e+03 9.4759400000e-02
6.2390000000e+03 9.4502400000e-02
6.2400000000e+03 9.4245400000e-02
6.2410000000e+03 9.3988300000e-02
6.2417260740e+03 9.3801600000e-02
6.2420000000e+03 9.3737300000e-02
6.2430000000e+03 9.3494800000e-02
6.2440000000e+03 9.3260200000e-02
6.2450000000e+03 9.3025600000e-02
6.2460000000e+03 9.2791000000e-02
6.2470000000e+03 9.2556300000e-02
6.2480000000e+03 9.2321700000e-02
6.2490000000e+03 9.2087000000e-02
6.2500000000e+03 9.1844500000e-02
6.2510000000e+03 9.1609800000e-02
6.2517290040e+03 9.1438600000e-02
6.2520000000e+03 9.1375600000e-02
6.2530000000e+03 9.1142900000e-02
6.2540000000e+03 9.0910200000e-02
6.2550000000e+03 9.0677400000e-02
6.2560000000e+03 9.0444700000e-02
6.2570000000e+03 9.0204200000e-02
6.2580000000e+03 8.9971400000e-02
6.2590000000e+03 8.9738600000e-02
6.2600000000e+03 8.9505800000e-02
6.2610000000e+03 8.9273000000e-02
6.2617314450e+03 8.9102600000e-02
6.2620000000e+03 8.9038000000e-02
6.2630000000e+03 8.8797400000e-02
6.2640000000e+03 8.8549200000e-02
6.2650000000e+03 8.8308600000e-02
6.2660000000e+03 8.8067900000e-02
6.2670000000e+03 8.7827300000e-02
6.2680000000e+03 8.7586600000e-02
6.2690000000e+03 8.7345900000e-02
6.2700000000e+03 8.7097700000e-02
6.2710000000e+03 8.6857000000e-02
6.2717343750e+03 8.6680200000e-02
6.2720000000e+03 8.6617500000e-02
6.2730000000e+03 8.6381500000e-02
6.2740000000e+03 8.6145500000e-02
6.2750000000e+03 8.5909500000e-02
6.2760000000e+03 8.5673400000e-02
6.2770000000e+03 8.5430100000e-02
6.2780000000e+03 8.5194000000e-02
6.2790000000e+03 8.4957900000e-02
6.2800000000e+03 8.4721800000e-02
6.2810000000e+03 8.4485700000e-02
6.2817368160e+03 8.4311600000e-02
6.2820000000e+03 8.4250400000e-02
6.2830000000e+03 8.4017800000e-02
6.2840000000e+03 8.3777900000e-02
6.2850000000e+03 8.3545200000e-02
6.2860000000e+03 8.3312500000e-02
6.2870000000e+03 8.3079800000e-02
6.2880000000e+03 8.2847100000e-02
6.2890000000e+03 8.2614300000e-02
6.2900000000e+03 8.2381600000e-02
6.2910000000e+03 8.2141700000e-02
6.2917397460e+03 8.1969500000e-02
6.2920000000e+03 8.1911000000e-02
6.2930000000e+03 8.1686200000e-02
6.2940000000e+03 8.1461400000e-02
6.2950000000e+03 8.1236500000e-02
6.2960000000e+03 8.1011700000e-02
6.2970000000e+03 8.0779900000e-02
6.2980000000e+03 8.0555100000e-02
6.2990000000e+03 8.0330200000e-02
6.3000000000e+03 8.0105300000e-02
6.3010000000e+03 7.9880300000e-02
6.3017421880e+03 7.9713400000e-02
6.3020000000e+03 7.9656700000e-02
6.3030000000e+03 7.9436900000e-02
6.3040000000e+03 7.9210200000e-02
6.3050000000e+03 7.8990400000e-02
6.3060000000e+03 7.8770500000e-02
6.3070000000e+03 7.8550600000e-02
6.3080000000e+03 7.8330700000e-02
6.3090000000e+03 7.8110800000e-02
6.3100000000e+03 7.7884200000e-02
6.3110000000e+03 7.7664300000e-02
6.3117451170e+03 7.7500300000e-02
6.3120000000e+03 7.7443100000e-02
6.3130000000e+03 7.7218700000e-02
6.3140000000e+03 7.6994300000e-02
6.3150000000e+03 7.6769900000e-02
6.3160000000e+03 7.6545400000e-02
6.3170000000e+03 7.6314400000e-02
6.3180000000e+03 7.6089900000e-02
6.3190000000e+03 7.5865500000e-02
6.3200000000e+03 7.5640900000e-02
6.3210000000e+03 7.5416400000e-02
6.3217475590e+03 7.5248500000e-02
6.3220000000e+03 7.5191500000e-02
6.3230000000e+03 7.4959300000e-02
6.3240000000e+03 7.4733500000e-02
6.3250000000e+03 7.4507700000e-02
6.3260000000e+03 7.4281900000e-02
6.3270000000e+03 7.4056000000e-02
6.3280000000e+03 7.3830100000e-02
6.3290000000e+03 7.3598000000e-02
6.3300000000e+03 7.3372100000e-02
6.3310000000e+03 7.3146200000e-02
6.3317504880e+03 7.2976600000e-02
6.3320000000e+03 7.2922400000e-02
6.3330000000e+03 7.2705300000e-02
6.3340000000e+03 7.2488200000e-02
6.3350000000e+03 7.2271000000e-02
6.3360000000e+03 7.2047700000e-02
6.3370000000e+03 7.1830500000e-02
6.3380000000e+03 7.1613300000e-02
6.3390000000e+03 7.1396100000e-02
6.3400000000e+03 7.1178900000e-02
6.3410000000e+03 7.0961700000e-02
6.3417529300e+03 7.0793500000e-02
6.3420000000e+03 7.0740200000e-02
6.3430000000e+03 7.0530500000e-02
6.3440000000e+03 7.0320700000e-02
6.3450000000e+03 7.0110900000e-02
6.3460000000e+03 6.9901200000e-02
6.3470000000e+03 6.9691400000e-02
6.3480000000e+03 6.9475600000e-02
6.3490000000e+03 6.9265800000e-02
6.3500000000e+03 6.9055900000e-02
6.3510000000e+03 6.8846100000e-02
6.3517558590e+03 6.8687400000e-02
6.3520000000e+03 6.8634300000e-02
6.3530000000e+03 6.8416700000e-02
6.3540000000e+03 6.8199100000e-02
6.3550000000e+03 6.7975700000e-02
6.3560000000e+03 6.7758100000e-02
6.3570000000e+03 6.7540500000e-02
6.3580000000e+03 6.7322800000e-02
6.3590000000e+03 6.7105200000e-02
6.3600000000e+03 6.6887500000e-02
6.3610000000e+03 6.6664100000e-02
6.3617583010e+03 6.6499000000e-02
6.3620000000e+03 6.6452400000e-02
6.3630000000e+03 6.6259500000e-02
6.3640000000e+03 6.6066700000e-02
6.3650000000e+03 6.5873800000e-02
6.3660000000e+03 6.5680900000e-02
6.3670000000e+03 6.5482400000e-02
6.3680000000e+03 6.5289500000e-02
6.3690000000e+03 6.5096600000e-02
6.3700000000e+03 6.4903700000e-02
6.3710000000e+03 6.4710700000e-02
6.3717612300e+03 6.4563800000e-02
6.3720000000e+03 6.4518600000e-02
6.3730000000e+03 6.4324100000e-02
6.3740000000e+03 6.4135100000e-02
6.3750000000e+03 6.3946100000e-02
6.3760000000e+03 6.3757100000e-02
6.3770000000e+03 6.3568000000e-02
6.3780000000e+03 6.3379000000e-02
6.3790000000e+03 6.3184500000e-02
6.3800000000e+03 6.2995500000e-02
6.3810000000e+03 6.2806400000e-02
6.3817636720e+03 6.2661900000e-02
6.3820000000e+03 6.2614700000e-02
6.3830000000e+03 6.2414800000e-02
6.3840000000e+03 6.2214900000e-02
6.3850000000e+03 6.2009700000e-02
6.3860000000e+03 6.1809800000e-02
6.3870000000e+03 6.1609900000e-02
6.3880000000e+03 6.1410000000e-02
6.3890000000e+03 6.1210100000e-02
6.3900000000e+03 6.1010100000e-02
6.3910000000e+03 6.0804900000e-02
6.3917666020e+03 6.0651600000e-02
6.3920000000e+03 6.0605900000e-02
6.3930000000e+03 6.0410200000e-02
6.3940000000e+03 6.0214500000e-02
6.3950000000e+03 6.0018800000e-02
6.3960000000e+03 5.9823000000e-02
6.3970000000e+03 5.9622200000e-02
6.3980000000e+03 5.9426400000e-02
6.3990000000e+03 5.9230600000e-02
6.4000000000e+03 5.9034900000e-02
6.4010000000e+03 5.8839000000e-02
6.4017690430e+03 5.8688400000e-02
6.4020000000e+03 5.8645600000e-02
6.4030000000e+03 5.8455300000e-02
6.4040000000e+03 5.8269900000e-02
6.4050000000e+03 5.8084500000e-02
6.4060000000e+03 5.7899100000e-02
6.4070000000e+03 5.7713700000e-02
6.4080000000e+03 5.7528300000e-02
6.4090000000e+03 5.7337900000e-02
6.4100000000e+03 5.7152500000e-02
6.4110000000e+03 5.6967000000e-02
6.4117719730e+03 5.6823800000e-02
6.4120000000e+03 5.6782300000e-02
6.4130000000e+03 5.6600100000e-02
6.4140000000e+03 5.6417800000e-02
6.4150000000e+03 5.6230800000e-02
6.4160000000e+03 5.6048600000e-02
6.4170000000e+03 5.5866300000e-02
6.4180000000e+03 5.5684100000e-02
6.4190000000e+03 5.5501800000e-02
6.4200000000e+03 5.5314800000e-02
6.4210000000e+03 5.5132500000e-02
6.4217744140e+03 5.4991300000e-02
6.4220000000e+03 5.4950500000e-02
6.4230000000e+03 5.4769700000e-02
6.4240000000e+03 5.4588900000e-02
6.4250000000e+03 5.4408100000e-02
6.4260000000e+03 5.4222600000e-02
6.4270000000e+03 5.4041800000e-02
6.4280000000e+03 5.3860900000e-02
6.4290000000e+03 5.3680100000e-02
6.4300000000e+03 5.3499200000e-02
6.4310000000e+03 5.3317400000e-02
6.4317773440e+03 5.3172500000e-02
6.4320000000e+03 5.3131800000e-02
6.4330000000e+03 5.2953500000e-02
6.4340000000e+03 5.2775300000e-02
6.4350000000e+03 5.2597100000e-02
6.4360000000e+03 5.2418800000e-02
6.4370000000e+03 5.2240600000e-02
6.4380000000e+03 5.2057900000e-02
6.4390000000e+03 5.1879700000e-02
6.4400000000e+03 5.1701400000e-02
6.4410000000e+03 5.1523200000e-02
6.4417797850e+03 5.1384200000e-02
6.4420000000e+03 5.1345600000e-02
6.4430000000e+03 5.1166400000e-02
6.4440000000e+03 5.0991500000e-02
6.4450000000e+03 5.0816600000e-02
6.4460000000e+03 5.0641700000e-02
6.4470000000e+03 5.0466900000e-02
6.4480000000e+03 5.0292000000e-02
6.4490000000e+03 5.0112800000e-02
6.4500000000e+03 4.9937900000e-02
6.4510000000e+03 4.9763000000e-02
6.4517827150e+03 4.9626100000e-02
6.4520000000e+03 4.9590300000e-02
6.4530000000e+03 4.9425800000e-02
6.4540000000e+03 4.9261200000e-02
6.4550000000e+03 4.9092400000e-02
6.4560000000e+03 4.8927900000e-02
6.4570000000e+03 4.8763300000e-02
6.4580000000e+03 4.8598700000e-02
6.4590000000e+03 4.8434200000e-02
6.4600000000e+03 4.8265400000e-02
6.4610000000e+03 4.8100800000e-02
6.4617851560e+03 4.7971600000e-02
6.4620000000e+03 4.7935900000e-02
6.4630000000e+03 4.7769700000e-02
6.4640000000e+03 4.7603500000e-02
6.4650000000e+03 4.7437200000e-02
6.4660000000e+03 4.7267000000e-02
6.4670000000e+03 4.7100800000e-02
6.4680000000e+03 4.6934600000e-02
6.4690000000e+03 4.6768300000e-02
6.4700000000e+03 4.6602100000e-02
6.4710000000e+03 4.6431900000e-02
6.4717880860e+03 4.6300900000e-02
6.4720000000e+03 4.6266200000e-02
6.4730000000e+03 4.6102500000e-02
6.4740000000e+03 4.5938800000e-02
6.4750000000e+03 4.5775100000e-02
6.4760000000e+03 4.5611400000e-02
6.4770000000e+03 4.5443800000e-02
6.4780000000e+03 4.5280100000e-02
6.4790000000e+03 4.5116300000e-02
6.4800000000e+03 4.4952600000e-02
6.4810000000e+03 4.4788900000e-02
6.4817905270e+03 4.4656400000e-02
6.4820000000e+03 4.4623200000e-02
6.4830000000e+03 4.4468500000e-02
6.4840000000e+03 4.4313800000e-02
6.4850000000e+03 4.4159100000e-02
6.4860000000e+03 4.4004300000e-02
6.4870000000e+03 4.3849600000e-02
6.4880000000e+03 4.3691100000e-02
6.4890000000e+03 4.3536400000e-02
6.4900000000e+03 4.3381700000e-02
6.4910000000e+03 4.3227000000e-02
6.4917934570e+03 4.3104200000e-02
6.4920000000e+03 4.3072300000e-02
6.4930000000e+03 4.2914100000e-02
6.4940000000e+03 4.2759600000e-02
6.4950000000e+03 4.2605200000e-02
6.4960000000e+03 4.2450700000e-02
6.4970000000e+03 4.2296200000e-02
6.4980000000e+03 4.2141700000e-02
6.4990000000e+03 4.1983600000e-02
6.5000000000e+03 4.1829100000e-02
6.5010000000e+03 4.1667900000e-02
6.5017958980e+03 4.1539600000e-02
6.5020000000e+03 4.1507800000e-02
6.5030000000e+03 4.1352200000e-02
6.5040000000e+03 4.1193100000e-02
6.5050000000e+03 4.1037600000e-02
6.5060000000e+03 4.0882100000e-02
6.5070000000e+03 4.0726700000e-02
6.5080000000e+03 4.0571300000e-02
6.5090000000e+03 4.0412600000e-02
6.5100000000e+03 4.0257300000e-02
6.5110000000e+03 4.0102000000e-02
6.5117988280e+03 3.9978100000e-02
6.5120000000e+03 3.9945800000e-02
6.5130000000e+03 3.9785800000e-02
6.5140000000e+03 3.9625800000e-02
6.5150000000e+03 3.9462400000e-02
6.5160000000e+03 3.9302500000e-02
6.5170000000e+03 3.9142700000e-02
6.5180000000e+03 3.8982900000e-02
6.5190000000e+03 3.8823100000e-02
6.5200000000e+03 3.8660100000e-02
6.5210000000e+03 3.8500400000e-02
6.5218012700e+03 3.8372500000e-02
6.5220000000e+03 3.8343700000e-02
6.5230000000e+03 3.8198800000e-02
6.5240000000e+03 3.8053800000e-02
6.5250000000e+03 3.7905700000e-02
6.5260000000e+03 3.7760900000e-02
6.5270000000e+03 3.7616100000e-02
6.5280000000e+03 3.7471400000e-02
6.5290000000e+03 3.7326700000e-02
6.5300000000e+03 3.7182100000e-02
6.5310000000e+03 3.7034300000e-02
6.5318041990e+03 3.6918100000e-02
6.5320000000e+03 3.6890700000e-02
6.5330000000e+03 3.6751000000e-02
6.5340000000e+03 3.6611300000e-02
6.5350000000e+03 3.6471700000e-02
6.5360000000e+03 3.6329000000e-02
6.5370000000e+03 3.6189500000e-02
6.5380000000e+03 3.6050100000e-02
6.5390000000e+03 3.5910600000e-02
6.5400000000e+03 3.5771300000e-02
6.5410000000e+03 3.5628800000e-02
6.5418066410e+03 3.5516500000e-02
6.5420000000e+03 3.5489300000e-02
6.5430000000e+03 3.5349100000e-02
6.5440000000e+03 3.5208900000e-02
6.5450000000e+03 3.5068800000e-02
6.5460000000e+03 3.4925700000e-02
6.5470000000e+03 3.4785700000e-02
6.5480000000e+03 3.4645700000e-02
6.5490000000e+03 3.4505700000e-02
6.5500000000e+03 3.4365800000e-02
6.5510000000e+03 3.4223000000e-02
6.5518095700e+03 3.4109800000e-02
6.5520000000e+03 3.4083600000e-02
6.5530000000e+03 3.3946200000e-02
6.5540000000e+03 3.3808900000e-02
6.5550000000e+03 3.3671600000e-02
6.5560000000e+03 3.3531400000e-02
6.5570000000e+03 3.3394200000e-02
6.5580000000e+03 3.3257000000e-02
6.5590000000e+03 3.3119900000e-02
6.5600000000e+03 3.2982800000e-02
6.5610000000e+03 3.2842900000e-02
6.5618120120e+03 3.2731700000e-02
6.5620000000e+03 3.2707400000e-02
6.5630000000e+03 3.2578600000e-02
6.5640000000e+03 3.2449700000e-02
6.5650000000e+03 3.2320900000e-02
6.5660000000e+03 3.2192200000e-02
6.5670000000e+03 3.2060700000e-02
6.5680000000e+03 3.1932000000e-02
6.5690000000e+03 3.1803400000e-02
6.5700000000e+03 3.1674800000e-02
6.5710000000e+03 3.1546200000e-02
6.5718149410e+03 3.1439300000e-02
6.5720000000e+03 3.1415300000e-02
6.5730000000e+03 3.1288800000e-02
6.5740000000e+03 3.1162300000e-02
6.5750000000e+03 3.1035800000e-02
6.5760000000e+03 3.0909400000e-02
6.5770000000e+03 3.0780300000e-02
6.5780000000e+03 3.0654000000e-02
6.5790000000e+03 3.0527700000e-02
6.5800000000e+03 3.0401400000e-02
6.5810000000e+03 3.0275200000e-02
6.5818173830e+03 3.0169900000e-02
6.5820000000e+03 3.0147100000e-02
6.5830000000e+03 3.0024700000e-02
6.5840000000e+03 2.9902300000e-02
6.5850000000e+03 2.9780000000e-02
6.5860000000e+03 2.9657700000e-02
6.5870000000e+03 2.9532900000e-02
6.5880000000e+03 2.9410700000e-02
6.5890000000e+03 2.9288500000e-02
6.5900000000e+03 2.9166400000e-02
6.5910000000e+03 2.9044300000e-02
6.5918203120e+03 2.8942200000e-02
6.5920000000e+03 2.8919800000e-02
6.5930000000e+03 2.8797600000e-02
6.5940000000e+03 2.8675500000e-02
6.5950000000e+03 2.8553500000e-02
6.5960000000e+03 2.8431500000e-02
6.5970000000e+03 2.8307100000e-02
6.5980000000e+03 2.8185100000e-02
6.5990000000e+03 2.8063200000e-02
6.6000000000e+03 2.7941400000e-02
6.6010000000e+03 2.7819600000e-02
6.6018227540e+03 2.7717400000e-02
6.6020000000e+03 2.7697500000e-02
6.6030000000e+03 2.7587800000e-02
6.6040000000e+03 2.7478200000e-02
6.6050000000e+03 2.7368500000e-02
6.6060000000e+03 2.7256600000e-02
6.6070000000e+03 2.7147100000e-02
6.6080000000e+03 2.7037500000e-02
6.6090000000e+03 2.6928100000e-02
6.6100000000e+03 2.6818600000e-02
6.6110000000e+03 2.6706900000e-02
6.6118256840e+03 2.6616600000e-02
6.6120000000e+03 2.6597100000e-02
6.6130000000e+03 2.6485000000e-02
6.6140000000e+03 2.6372900000e-02
6.6150000000e+03 2.6260900000e-02
6.6160000000e+03 2.6146600000e-02
6.6170000000e+03 2.6034700000e-02
6.6180000000e+03 2.5922800000e-02
6.6190000000e+03 2.5810900000e-02
6.6200000000e+03 2.5699100000e-02
6.6210000000e+03 2.5585000000e-02
6.6218281250e+03 2.5492500000e-02
6.6220000000e+03 2.5474200000e-02
6.6230000000e+03 2.5367700000e-02
6.6240000000e+03 2.5261200000e-02
6.6250000000e+03 2.5154800000e-02
6.6260000000e+03 2.5046300000e-02
6.6270000000e+03 2.4940000000e-02
6.6280000000e+03 2.4833600000e-02
6.6290000000e+03 2.4727400000e-02
6.6300000000e+03 2.4621100000e-02
6.6310000000e+03 2.4511900000e-02
6.6318310550e+03 2.4422900000e-02
6.6320000000e+03 2.4404800000e-02
6.6330000000e+03 2.4298200000e-02
6.6340000000e+03 2.4191600000e-02
6.6350000000e+03 2.4085100000e-02
6.6360000000e+03 2.3976500000e-02
6.6370000000e+03 2.3870000000e-02
6.6380000000e+03 2.3763600000e-02
6.6390000000e+03 2.3657200000e-02
6.6400000000e+03 2.3548900000e-02
6.6410000000e+03 2.3442600000e-02
6.6418334960e+03 2.3354000000e-02
6.6420000000e+03 2.3337500000e-02
6.6430000000e+03 2.3238200000e-02
6.6440000000e+03 2.3139000000e-02
6.6450000000e+03 2.3037800000e-02
6.6460000000e+03 2.2938600000e-02
6.6470000000e+03 2.2839500000e-02
6.6480000000e+03 2.2740400000e-02
6.6490000000e+03 2.2641400000e-02
6.6500000000e+03 2.2540400000e-02
6.6510000000e+03 2.2441500000e-02
6.6518364260e+03 2.2358700000e-02
6.6520000000e+03 2.2342500000e-02
6.6530000000e+03 2.2243700000e-02
6.6540000000e+03 2.2145000000e-02
6.6550000000e+03 2.2044300000e-02
6.6560000000e+03 2.1945700000e-02
6.6570000000e+03 2.1847000000e-02
6.6580000000e+03 2.1748400000e-02
6.6590000000e+03 2.1648000000e-02
6.6600000000e+03 2.1549500000e-02
6.6610000000e+03 2.1451000000e-02
6.6618388670e+03 2.1368400000e-02
6.6620000000e+03 2.1352900000e-02
6.6630000000e+03 2.1256800000e-02
6.6640000000e+03 2.1159000000e-02
6.6650000000e+03 2.1063000000e-02
6.6660000000e+03 2.0967000000e-02
6.6670000000e+03 2.0871000000e-02
6.6680000000e+03 2.0775200000e-02
6.6690000000e+03 2.0677500000e-02
6.6700000000e+03 2.0581700000e-02
6.6710000000e+03 2.0485900000e-02
6.6718417970e+03 2.0405300000e-02
6.6720000000e+03 2.0391100000e-02
6.6730000000e+03 2.0299600000e-02
6.6740000000e+03 2.0209900000e-02
6.6750000000e+03 2.0120200000e-02
6.6760000000e+03 2.0030600000e-02
6.6770000000e+03 1.9941000000e-02
6.6780000000e+03 1.9849700000e-02
6.6790000000e+03 1.9760200000e-02
6.6800000000e+03 1.9670700000e-02
6.6810000000e+03 1.9581300000e-02
6.6818442380e+03 1.9505800000e-02
6.6820000000e+03 1.9492200000e-02
6.6830000000e+03 1.9403600000e-02
6.6840000000e+03 1.9316600000e-02
6.6850000000e+03 1.9229700000e-02
6.6860000000e+03 1.9142800000e-02
6.6870000000e+03 1.9054300000e-02
6.6880000000e+03 1.8967500000e-02
6.6890000000e+03 1.8880700000e-02
6.6900000000e+03 1.8794000000e-02
6.6910000000e+03 1.8707300000e-02
6.6918471680e+03 1.8632500000e-02
6.6920000000e+03 1.8619500000e-02
6.6930000000e+03 1.8536100000e-02
6.6940000000e+03 1.8452800000e-02
6.6950000000e+03 1.8369500000e-02
6.6960000000e+03 1.8284600000e-02
6.6970000000e+03 1.8201300000e-02
6.6980000000e+03 1.8118100000e-02
6.6990000000e+03 1.8034900000e-02
6.7000000000e+03 1.7951800000e-02
6.7010000000e+03 1.7867100000e-02
6.7018496090e+03 1.7796500000e-02
6.7020000000e+03 1.7784200000e-02
6.7030000000e+03 1.7702100000e-02
6.7040000000e+03 1.7620000000e-02
6.7050000000e+03 1.7536400000e-02
6.7060000000e+03 1.7454400000e-02
6.7070000000e+03 1.7372400000e-02
6.7080000000e+03 1.7290500000e-02
6.7090000000e+03 1.7208500000e-02
6.7100000000e+03 1.7125200000e-02
6.7110000000e+03 1.7043300000e-02
6.7118525390e+03 1.6973600000e-02
6.7120000000e+03 1.6962000000e-02
6.7130000000e+03 1.6883400000e-02
6.7140000000e+03 1.6803500000e-02
6.7150000000e+03 1.6725000000e-02
6.7160000000e+03 1.6646500000e-02
6.7170000000e+03 1.6568100000e-02
6.7180000000e+03 1.6489700000e-02
6.7190000000e+03 1.6409900000e-02
6.7200000000e+03 1.6331600000e-02
6.7210000000e+03 1.6253300000e-02
6.7218549800e+03 1.6186400000e-02
6.7220000000e+03 1.6175500000e-02
6.7230000000e+03 1.6099000000e-02
6.7240000000e+03 1.6024000000e-02
6.7250000000e+03 1.5949000000e-02
6.7260000000e+03 1.5874100000e-02
6.7270000000e+03 1.5799200000e-02
6.7280000000e+03 1.5722900000e-02
6.7290000000e+03 1.5648100000e-02
6.7300000000e+03 1.5573200000e-02
6.7310000000e+03 1.5498400000e-02
6.7318579100e+03 1.5433200000e-02
6.7320000000e+03 1.5422900000e-02
6.7330000000e+03 1.5351800000e-02
6.7340000000e+03 1.5280800000e-02
6.7350000000e+03 1.5209800000e-02
6.7360000000e+03 1.5138900000e-02
6.7370000000e+03 1.5066600000e-02
6.7380000000e+03 1.4995700000e-02
6.7390000000e+03 1.4924900000e-02
6.7400000000e+03 1.4854000000e-02
6.7410000000e+03 1.4781900000e-02
6.7418603520e+03 1.4721000000e-02
6.7420000000e+03 1.4711000000e-02
6.7430000000e+03 1.4638800000e-02
6.7440000000e+03 1.4566700000e-02
6.7450000000e+03 1.4494700000e-02
6.7460000000e+03 1.4421400000e-02
6.7470000000e+03 1.4349400000e-02
6.7480000000e+03 1.4277400000e-02
6.7490000000e+03 1.4205500000e-02
6.7500000000e+03 1.4132300000e-02
6.7510000000e+03 1.4060500000e-02
6.7518632810e+03 1.3998400000e-02
6.7520000000e+03 1.3989400000e-02
6.7530000000e+03 1.3923400000e-02
6.7540000000e+03 1.3856300000e-02
6.7550000000e+03 1.3790300000e-02
6.7560000000e+03 1.3724400000e-02
6.7570000000e+03 1.3658600000e-02
6.7580000000e+03 1.3592700000e-02
6.7590000000e+03 1.3525700000e-02
6.7600000000e+03 1.3460000000e-02
6.7610000000e+03 1.3394200000e-02
6.7618657230e+03 1.3337300000e-02
6.7620000000e+03 1.3328700000e-02
6.7630000000e+03 1.3264000000e-02
6.7640000000e+03 1.3200300000e-02
6.7650000000e+03 1.3136800000e-02
6.7660000000e+03 1.3073200000e-02
6.7670000000e+03 1.3008500000e-02
6.7680000000e+03 1.2945000000e-02
6.7690000000e+03 1.2881600000e-02
6.7700000000e+03 1.2818100000e-02
6.7710000000e+03 1.2754700000e-02
6.7718686520e+03 1.2698600000e-02
6.7720000000e+03 1.2690600000e-02
6.7730000000e+03 1.2630600000e-02
6.7740000000e+03 1.2570600000e-02
6.7750000000e+03 1.2510700000e-02
6.7760000000e+03 1.2449700000e-02
6.7770000000e+03 1.2389800000e-02
6.7780000000e+03 1.2329900000e-02
6.7790000000e+03 1.2270100000e-02
6.7800000000e+03 1.2209200000e-02
6.7810000000e+03 1.2149400000e-02
6.7818710940e+03 1.2097300000e-02
6.7820000000e+03 1.2089700000e-02
6.7830000000e+03 1.2031000000e-02
6.7840000000e+03 1.1972300000e-02
6.7850000000e+03 1.1912600000e-02
6.7860000000e+03 1.1853900000e-02
6.7870000000e+03 1.1795300000e-02
6.7880000000e+03 1.1736700000e-02
6.7890000000e+03 1.1677100000e-02
6.7900000000e+03 1.1618500000e-02
6.7910000000e+03 1.1560000000e-02
6.7918740230e+03 1.1508900000e-02
6.7920000000e+03 1.1501500000e-02
6.7930000000e+03 1.1442100000e-02
6.7940000000e+03 1.1383800000e-02
6.7950000000e+03 1.1325500000e-02
6.7960000000e+03 1.1267200000e-02
6.7970000000e+03 1.1207900000e-02
6.7980000000e+03 1.1149700000e-02
6.7990000000e+03 1.1091500000e-02
6.8000000000e+03 1.1033300000e-02
6.8010000000e+03 1.0975100000e-02
6.8018764650e+03 1.0923300000e-02
6.8020000000e+03 1.0916700000e-02
6.8030000000e+03 1.0864000000e-02
6.8040000000e+03 1.0811400000e-02
6.8050000000e+03 1.0758700000e-02
6.8060000000e+03 1.0705200000e-02
6.8070000000e+03 1.0652600000e-02
6.8080000000e+03 1.0600100000e-02
6.8090000000e+03 1.0547500000e-02
6.8100000000e+03 1.0494100000e-02
6.8110000000e+03 1.0441600000e-02
6.8118793950e+03 1.0395500000e-02
6.8120000000e+03 1.0389200000e-02
6.8130000000e+03 1.0336900000e-02
6.8140000000e+03 1.0283900000e-02
6.8150000000e+03 1.0231700000e-02
6.8160000000e+03 1.0179500000e-02
6.8170000000e+03 1.0127400000e-02
6.8180000000e+03 1.0074400000e-02
6.8190000000e+03 1.0022300000e-02
6.8200000000e+03 9.9702700000e-03
6.8210000000e+03 9.9182300000e-03
6.8218823240e+03 9.8723400000e-03
6.8220000000e+03 9.8665200000e-03
6.8230000000e+03 9.8162200000e-03
6.8240000000e+03 9.7668000000e-03
6.8250000000e+03 9.7174000000e-03
6.8260000000e+03 9.6680200000e-03
6.8270000000e+03 9.6178300000e-03
6.8280000000e+03 9.5685000000e-03
6.8290000000e+03 9.5191800000e-03
6.8300000000e+03 9.4698900000e-03
6.8310000000e+03 9.4200200000e-03
6.8318847660e+03 9.3766400000e-03
6.8320000000e+03 9.3712600000e-03
6.8330000000e+03 9.3245800000e-03
6.8340000000e+03 9.2779100000e-03
6.8350000000e+03 9.2304600000e-03
6.8360000000e+03 9.1838300000e-03
6.8370000000e+03 9.1372200000e-03
6.8380000000e+03 9.0906200000e-03
6.8390000000e+03 9.0432700000e-03
6.8400000000e+03 8.9967100000e-03
6.8410000000e+03 8.9501700000e-03
6.8418876950e+03 8.9088800000e-03
6.8420000000e+03 8.9038500000e-03
6.8430000000e+03 8.8582900000e-03
6.8440000000e+03 8.8135200000e-03
6.8450000000e+03 8.7687600000e-03
6.8460000000e+03 8.7240300000e-03
6.8470000000e+03 8.6785600000e-03
6.8480000000e+03 8.6338600000e-03
6.8490000000e+03 8.5891700000e-03
6.8500000000e+03 8.5445100000e-03
6.8510000000e+03 8.4991200000e-03
6.8518901370e+03 8.4594000000e-03
6.8520000000e+03 8.4548300000e-03
6.8530000000e+03 8.4132400000e-03
6.8540000000e+03 8.3716800000e-03
6.8550000000e+03 8.3301300000e-03
6.8560000000e+03 8.2878800000e-03
6.8570000000e+03 8.2463600000e-03
6.8580000000e+03 8.2048600000e-03
6.8590000000e+03 8.1633800000e-03
6.8600000000e+03 8.1212100000e-03
6.8610000000e+03 8.0797600000e-03
6.8618925780e+03 8.0427700000e-03
6.8620000000e+03 8.0382400000e-03
6.8630000000e+03 7.9961100000e-03
6.8640000000e+03 7.9533100000e-03
6.8650000000e+03 7.9112100000e-03
6.8660000000e+03 7.8691300000e-03
6.8670000000e+03 7.8270600000e-03
6.8680000000e+03 7.7843400000e-03
6.8690000000e+03 7.7423100000e-03
6.8700000000e+03 7.7003000000e-03
6.8710000000e+03 7.6583000000e-03
6.8718955080e+03 7.6201100000e-03
6.8720000000e+03 7.6159500000e-03
6.8730000000e+03 7.5767900000e-03
6.8740000000e+03 7.5376300000e-03
6.8750000000e+03 7.4985000000e-03
6.8760000000e+03 7.4587300000e-03
6.8770000000e+03 7.4196300000e-03
6.8780000000e+03 7.3805400000e-03
6.8790000000e+03 7.3414700000e-03
6.8800000000e+03 7.3017800000e-03
6.8810000000e+03 7.2627400000e-03
6.8818984380e+03 7.2276700000e-03
6.8820000000e+03 7.2240100000e-03
6.8830000000e+03 7.1879200000e-03
6.8840000000e+03 7.1512300000e-03
6.8850000000e+03 7.1151700000e-03
6.8860000000e+03 7.0791300000e-03
6.8870000000e+03 7.0431000000e-03
6.8880000000e+03 7.0064800000e-03
6.8890000000e+03 6.9704800000e-03
6.8900000000e+03 6.9345000000e-03
6.8910000000e+03 6.8985300000e-03
6.8919008790e+03 6.8656000000e-03
6.8920000000e+03 6.8619700000e-03
6.8930000000e+03 6.8259200000e-03
6.8940000000e+03 6.7898900000e-03
6.8950000000e+03 6.7538700000e-03
6.8960000000e+03 6.7172900000e-03
6.8970000000e+03 6.6813000000e-03
6.8980000000e+03 6.6453200000e-03
6.8990000000e+03 6.6093600000e-03
6.9000000000e+03 6.5728500000e-03
6.9010000000e+03 6.5369200000e-03
6.9019038090e+03 6.5044600000e-03
6.9020000000e+03 6.5012000000e-03
6.9030000000e+03 6.4673100000e-03
6.9040000000e+03 6.4328800000e-03
6.9050000000e+03 6.3990300000e-03
6.9060000000e+03 6.3651800000e-03
6.9070000000e+03 6.3313500000e-03
6.9080000000e+03 6.2969900000e-03
6.9090000000e+03 6.2631900000e-03
6.9100000000e+03 6.2294000000e-03
6.9110000000e+03 6.1950900000e-03
6.9119062500e+03 6.1644900000e-03
6.9120000000e+03 6.1614000000e-03
6.9130000000e+03 6.1283900000e-03
6.9140000000e+03 6.0953900000e-03
6.9150000000e+03 6.0618800000e-03
6.9160000000e+03 6.0289100000e-03
6.9170000000e+03 5.9959500000e-03
6.9180000000e+03 5.9630100000e-03
6.9190000000e+03 5.9295600000e-03
6.9200000000e+03 5.8966500000e-03
6.9210000000e+03 5.8637500000e-03
6.9219091800e+03 5.8338400000e-03
6.9220000000e+03 5.8310800000e-03
6.9230000000e+03 5.8002000000e-03
6.9240000000e+03 5.7698300000e-03
6.9250000000e+03 5.7394800000e-03
6.9260000000e+03 5.7091300000e-03
6.9270000000e+03 5.6783100000e-03
6.9280000000e+03 5.6479900000e-03
6.9290000000e+03 5.6176800000e-03
6.9300000000e+03 5.5873900000e-03
6.9310000000e+03 5.5566200000e-03
6.9319116210e+03 5.5290200000e-03
6.9320000000e+03 5.5264200000e-03
6.9330000000e+03 5.4969200000e-03
6.9340000000e+03 5.4674300000e-03
6.9350000000e+03 5.4374800000e-03
6.9360000000e+03 5.4080200000e-03
6.9370000000e+03 5.3785600000e-03
6.9380000000e+03 5.3491200000e-03
6.9390000000e+03 5.3192300000e-03
6.9400000000e+03 5.2898100000e-03
6.9410000000e+03 5.2604100000e-03
6.9419145510e+03 5.2331100000e-03
6.9420000000e+03 5.2306600000e-03
6.9430000000e+03 5.2024100000e-03
6.9440000000e+03 5.1741700000e-03
6.9450000000e+03 5.1459400000e-03
6.9460000000e+03 5.1172800000e-03
6.9470000000e+03 5.0890800000e-03
6.9480000000e+03 5.0608800000e-03
6.9490000000e+03 5.0327000000e-03
6.9500000000e+03 5.0041000000e-03
6.9510000000e+03 4.9759400000e-03
6.9519169920e+03 4.9501300000e-03
6.9520000000e+03 4.9479200000e-03
6.9530000000e+03 4.9213500000e-03
6.9540000000e+03 4.8943600000e-03
6.9550000000e+03 4.8678100000e-03
6.9560000000e+03 4.8412700000e-03
6.9570000000e+03 4.8147400000e-03
6.9580000000e+03 4.7878100000e-03
6.9590000000e+03 4.7613000000e-03
6.9600000000e+03 4.7348100000e-03
6.9610000000e+03 4.7083200000e-03
6.9619199220e+03 4.6836000000e-03
6.9620000000e+03 4.6815600000e-03
6.9630000000e+03 4.6565800000e-03
6.9640000000e+03 4.6316000000e-03
6.9650000000e+03 4.6062400000e-03
6.9660000000e+03 4.5812900000e-03
6.9670000000e+03 4.5563400000e-03
6.9680000000e+03 4.5314100000e-03
6.9690000000e+03 4.5060900000e-03
6.9700000000e+03 4.4811800000e-03
6.9710000000e+03 4.4562800000e-03
6.9719223630e+03 4.4333200000e-03
6.9720000000e+03 4.4314700000e-03
6.9730000000e+03 4.4072600000e-03
6.9740000000e+03 4.3834300000e-03
6.9750000000e+03 4.3596200000e-03
6.9760000000e+03 4.3358100000e-03
6.9770000000e+03 4.3116400000e-03
6.9780000000e+03 4.2878600000e-03
6.9790000000e+03 4.2640800000e-03
6.9800000000e+03 4.2399500000e-03
6.9810000000e+03 4.2161900000e-03
6.9819252930e+03 4.1942200000e-03
6.9820000000e+03 4.1925000000e-03
6.9830000000e+03 4.1694300000e-03
6.9840000000e+03 4.1460100000e-03
6.9850000000e+03 4.1229600000e-03
6.9860000000e+03 4.0999200000e-03
6.9870000000e+03 4.0768900000e-03
6.9880000000e+03 4.0535200000e-03
6.9890000000e+03 4.0305000000e-03
6.9900000000e+03 4.0075000000e-03
6.9910000000e+03 3.9845100000e-03
6.9919277340e+03 3.9628600000e-03
6.9920000000e+03 3.9612600000e-03
6.9930000000e+03 3.9394100000e-03
6.9940000000e+03 3.9175600000e-03
6.9950000000e+03 3.8953900000e-03
6.9960000000e+03 3.8735700000e-03
6.9970000000e+03 3.8517500000e-03
6.9980000000e+03 3.8299400000e-03
6.9990000000e+03 3.8078100000e-03
7.0000000000e+03 3.7860200000e-03
7.0010000000e+03 3.7638300000e-03
7.0019306640e+03 3.7431800000e-03
7.0020000000e+03 3.7417500000e-03
7.0030000000e+03 3.7207200000e-03
7.0040000000e+03 3.7000300000e-03
7.0050000000e+03 3.6793600000e-03
7.0060000000e+03 3.6583700000e-03
7.0070000000e+03 3.6377200000e-03
7.0080000000e+03 3.6170800000e-03
7.0090000000e+03 3.5964600000e-03
7.0100000000e+03 3.5755300000e-03
7.0110000000e+03 3.5549300000e-03
7.0119331050e+03 3.5357200000e-03
7.0120000000e+03 3.5343900000e-03
7.0130000000e+03 3.5144200000e-03
7.0140000000e+03 3.4941700000e-03
7.0150000000e+03 3.4742300000e-03
7.0160000000e+03 3.4543000000e-03
7.0170000000e+03 3.4340900000e-03
7.0180000000e+03 3.4141800000e-03
7.0190000000e+03 3.3942900000e-03
7.0200000000e+03 3.3744100000e-03
7.0210000000e+03 3.3542600000e-03
7.0219360350e+03 3.3356700000e-03
7.0220000000e+03 3.3344400000e-03
7.0230000000e+03 3.3151800000e-03
7.0240000000e+03 3.2959400000e-03
7.0250000000e+03 3.2764200000e-03
7.0260000000e+03 3.2571900000e-03
7.0270000000e+03 3.2379800000e-03
7.0280000000e+03 3.2185000000e-03
7.0290000000e+03 3.1993100000e-03
7.0300000000e+03 3.1801400000e-03
7.0310000000e+03 3.1608600000e-03
7.0319384770e+03 3.1425300000e-03
7.0320000000e+03 3.1414400000e-03
7.0330000000e+03 3.1239800000e-03
7.0340000000e+03 3.1065400000e-03
7.0350000000e+03 3.0891100000e-03
7.0360000000e+03 3.0714200000e-03
7.0370000000e+03 3.0540200000e-03
7.0380000000e+03 3.0366200000e-03
7.0390000000e+03 3.0189700000e-03
7.0400000000e+03 3.0016000000e-03
7.0410000000e+03 2.9842400000e-03
7.0419414060e+03 2.9679100000e-03
7.0420000000e+03 2.9669300000e-03
7.0430000000e+03 2.9498600000e-03
7.0440000000e+03 2.9330600000e-03
7.0450000000e+03 2.9162700000e-03
7.0460000000e+03 2.8995000000e-03
7.0470000000e+03 2.8824800000e-03
7.0480000000e+03 2.8657200000e-03
7.0490000000e+03 2.8489800000e-03
7.0500000000e+03 2.8320000000e-03
7.0510000000e+03 2.8152800000e-03
7.0519438480e+03 2.7995100000e-03
7.0520000000e+03 2.7985900000e-03
7.0530000000e+03 2.7822400000e-03
7.0540000000e+03 2.7656500000e-03
7.0550000000e+03 2.7493200000e-03
7.0560000000e+03 2.7329900000e-03
7.0570000000e+03 2.7164500000e-03
7.0580000000e+03 2.7001500000e-03
7.0590000000e+03 2.6838600000e-03
7.0600000000e+03 2.6675800000e-03
7.0610000000e+03 2.6510800000e-03
7.0619467770e+03 2.6356900000e-03
7.0620000000e+03 2.6348700000e-03
7.0630000000e+03 2.6195900000e-03
7.0640000000e+03 2.6041000000e-03
7.0650000000e+03 2.5888400000e-03
7.0660000000e+03 2.5735900000e-03
7.0670000000e+03 2.5583500000e-03
7.0680000000e+03 2.5429000000e-03
7.0690000000e+03 2.5276800000e-03
7.0700000000e+03 2.5124700000e-03
7.0710000000e+03 2.4970600000e-03
7.0719492190e+03 2.4826400000e-03
7.0720000000e+03 2.4819000000e-03
7.0730000000e+03 2.4673300000e-03
7.0740000000e+03 2.4527600000e-03
7.0750000000e+03 2.4379900000e-03
7.0760000000e+03 2.4234400000e-03
7.0770000000e+03 2.4089000000e-03
7.0780000000e+03 2.3943700000e-03
7.0790000000e+03 2.3796500000e-03
7.0800000000e+03 2.3651400000e-03
7.0810000000e+03 2.3506400000e-03
7.0819521480e+03 2.3366500000e-03
7.0820000000e+03 2.3360200000e-03
7.0830000000e+03 2.3229900000e-03
7.0840000000e+03 2.3099700000e-03
7.0850000000e+03 2.2969600000e-03
7.0860000000e+03 2.2837600000e-03
7.0870000000e+03 2.2707700000e-03
7.0880000000e+03 2.2577900000e-03
7.0890000000e+03 2.2446200000e-03
7.0900000000e+03 2.2316500000e-03
7.0910000000e+03 2.2186900000e-03
7.0919545900e+03 2.2063300000e-03
7.0920000000e+03 2.2057500000e-03
7.0930000000e+03 2.1927000000e-03
7.0940000000e+03 2.1798500000e-03
7.0950000000e+03 2.1670000000e-03
7.0960000000e+03 2.1539800000e-03
7.0970000000e+03 2.1411600000e-03
7.0980000000e+03 2.1283400000e-03
7.0990000000e+03 2.1155300000e-03
7.1000000000e+03 2.1025500000e-03
7.1010000000e+03 2.0897600000e-03
7.1019575200e+03 2.0775200000e-03
7.1020000000e+03 2.0769800000e-03
7.1030000000e+03 2.0641300000e-03
7.1040000000e+03 2.0514700000e-03
7.1050000000e+03 2.0388100000e-03
7.1060000000e+03 2.0261700000e-03
7.1070000000e+03 2.0133600000e-03
7.1080000000e+03 2.0007300000e-03
7.1090000000e+03 1.9881100000e-03
7.1100000000e+03 1.9753300000e-03
7.1110000000e+03 1.9627300000e-03
7.1119599610e+03 1.9506400000e-03
7.1120000000e+03 1.9501800000e-03
7.1130000000e+03 1.9388300000e-03
7.1140000000e+03 1.9273200000e-03
7.1150000000e+03 1.9159800000e-03
7.1160000000e+03 1.9046500000e-03
7.1170000000e+03 1.8931600000e-03
7.1180000000e+03 1.8818500000e-03
7.1190000000e+03 1.8705400000e-03
7.1200000000e+03 1.8590800000e-03
7.1210000000e+03 1.8477900000e-03
7.1219628910e+03 1.8369200000e-03
7.1220000000e+03 1.8365200000e-03
7.1230000000e+03 1.8256200000e-03
7.1240000000e+03 1.8145800000e-03
7.1250000000e+03 1.8037000000e-03
7.1260000000e+03 1.7928300000e-03
7.1270000000e+03 1.7818100000e-03
7.1280000000e+03 1.7709500000e-03
7.1290000000e+03 1.7601000000e-03
7.1300000000e+03 1.7492600000e-03
7.1310000000e+03 1.7382800000e-03
7.1319653320e+03 1.7278200000e-03
7.1320000000e+03 1.7274700000e-03
7.1330000000e+03 1.7172400000e-03
7.1340000000e+03 1.7068600000e-03
7.1350000000e+03 1.6966400000e-03
7.1360000000e+03 1.6864300000e-03
7.1370000000e+03 1.6762200000e-03
7.1380000000e+03 1.6658800000e-03
7.1390000000e+03 1.6556900000e-03
7.1400000000e+03 1.6455000000e-03
7.1410000000e+03 1.6351800000e-03
7.1419682620e+03 1.6253400000e-03
7.1420000000e+03 1.6250300000e-03
7.1430000000e+03 1.6153200000e-03
7.1440000000e+03 1.6054800000e-03
7.1450000000e+03 1.5957800000e-03
7.1460000000e+03 1.5861000000e-03
7.1470000000e+03 1.5764200000e-03
7.1480000000e+03 1.5666100000e-03
7.1490000000e+03 1.5569400000e-03
7.1500000000e+03 1.5472800000e-03
7.1510000000e+03 1.5374900000e-03
7.1519707030e+03 1.5281200000e-03
7.1520000000e+03 1.5278600000e-03
7.1530000000e+03 1.5187200000e-03
7.1540000000e+03 1.5095900000e-03
7.1550000000e+03 1.5003400000e-03
7.1560000000e+03 1.4912200000e-03
7.1570000000e+03 1.4821100000e-03
7.1580000000e+03 1.4728800000e-03
7.1590000000e+03 1.4637800000e-03
7.1600000000e+03 1.4546900000e-03
7.1610000000e+03 1.4454800000e-03
7.1619736330e+03 1.4366400000e-03
7.1620000000e+03 1.4364200000e-03
7.1630000000e+03 1.4280000000e-03
7.1640000000e+03 1.4195900000e-03
7.1650000000e+03 1.4110600000e-03
7.1660000000e+03 1.4026600000e-03
7.1670000000e+03 1.3942600000e-03
7.1680000000e+03 1.3857500000e-03
7.1690000000e+03 1.3773700000e-03
7.1700000000e+03 1.3689900000e-03
7.1710000000e+03 1.3605000000e-03
7.1719760740e+03 1.3523300000e-03
7.1720000000e+03 1.3521300000e-03
7.1730000000e+03 1.3439500000e-03
7.1740000000e+03 1.3357700000e-03
7.1750000000e+03 1.3274800000e-03
7.1760000000e+03 1.3193100000e-03
7.1770000000e+03 1.3111500000e-03
7.1780000000e+03 1.3028800000e-03
7.1790000000e+03 1.2947300000e-03
7.1800000000e+03 1.2865800000e-03
7.1810000000e+03 1.2783300000e-03
7.1819790040e+03 1.2703600000e-03
7.1820000000e+03 1.2702000000e-03
7.1830000000e+03 1.2624500000e-03
7.1840000000e+03 1.2547000000e-03
7.1850000000e+03 1.2468400000e-03
7.1860000000e+03 1.2391100000e-03
7.1870000000e+03 1.2313700000e-03
7.1880000000e+03 1.2235400000e-03
7.1890000000e+03 1.2158100000e-03
7.1900000000e+03 1.2081000000e-03
7.1910000000e+03 1.2002800000e-03
7.1919819340e+03 1.1927100000e-03
7.1920000000e+03 1.1925800000e-03
7.1930000000e+03 1.1854800000e-03
7.1940000000e+03 1.1783800000e-03
7.1950000000e+03 1.1711800000e-03
7.1960000000e+03 1.1640900000e-03
7.1970000000e+03 1.1570100000e-03
7.1980000000e+03 1.1498300000e-03
7.1990000000e+03 1.1427500000e-03
7.2000000000e+03 1.1356800000e-03
7.2010000000e+03 1.1285200000e-03
7.2019843750e+03 1.1215700000e-03
7.2020000000e+03 1.1214700000e-03
7.2030000000e+03 1.1148100000e-03
7.2040000000e+03 1.1080600000e-03
7.2050000000e+03 1.1014100000e-03
7.2060000000e+03 1.0947600000e-03
7.2070000000e+03 1.0881200000e-03
7.2080000000e+03 1.0813900000e-03
7.2090000000e+03 1.0747600000e-03
7.2100000000e+03 1.0681400000e-03
7.2110000000e+03 1.0614200000e-03
7.2119873050e+03 1.0548900000e-03
7.2120000000e+03 1.0548100000e-03
7.2130000000e+03 1.0483700000e-03
7.2140000000e+03 1.0418400000e-03
7.2150000000e+03 1.0354100000e-03
7.2160000000e+03 1.0289900000e-03
7.2170000000e+03 1.0225600000e-03
7.2180000000e+03 1.0160600000e-03
7.2190000000e+03 1.0096400000e-03
7.2200000000e+03 1.0032300000e-03
7.2210000000e+03 9.9674300000e-04
7.2219897460e+03 9.9040900000e-04
7.2220000000e+03 9.9034700000e-04
7.2230000000e+03 9.8424700000e-04
7.2240000000e+03 9.7806600000e-04
7.2250000000e+03 9.7197500000e-04
7.2260000000e+03 9.6588800000e-04
7.2270000000e+03 9.5972100000e-04
7.2280000000e+03 9.5364200000e-04
7.2290000000e+03 9.4756800000e-04
7.2300000000e+03 9.4149700000e-04
7.2310000000e+03 9.3531200000e-04
7.2319926760e+03 9.2925900000e-04
7.2320000000e+03 9.2921800000e-04
7.2330000000e+03 9.2363800000e-04
7.2340000000e+03 9.1798300000e-04
7.2350000000e+03 9.1241300000e-04
7.2360000000e+03 9.0684600000e-04
7.2370000000e+03 9.0120600000e-04
7.2380000000e+03 8.9564800000e-04
7.2390000000e+03 8.9009400000e-04
7.2400000000e+03 8.8446700000e-04
7.2410000000e+03 8.7892300000e-04
7.2419951170e+03 8.7340900000e-04
7.2420000000e+03 8.7338200000e-04
7.2430000000e+03 8.6784300000e-04
7.2440000000e+03 8.6238500000e-04
7.2450000000e+03 8.5693000000e-04
7.2460000000e+03 8.5147900000e-04
7.2470000000e+03 8.4595900000e-04
7.2480000000e+03 8.4051700000e-04
7.2490000000e+03 8.3507900000e-04
7.2500000000e+03 8.2957200000e-04
7.2510000000e+03 8.2414300000e-04
7.2519980470e+03 8.1872800000e-04
7.2520000000e+03 8.1871800000e-04
7.2530000000e+03 8.1371200000e-04
7.2540000000e+03 8.0878100000e-04
7.2550000000e+03 8.0385400000e-04
7.2560000000e+03 7.9886000000e-04
7.2570000000e+03 7.9394000000e-04
7.2580000000e+03 7.8902400000e-04
7.2590000000e+03 7.8404300000e-04
7.2600000000e+03 7.7913500000e-04
7.2610000000e+03 7.7423000000e-04
7.2620000000e+03 7.6932900000e-04
7.2620004880e+03 7.6932600000e-04
7.2630000000e+03 7.6441300000e-04
7.2640000000e+03 7.5956800000e-04
7.2650000000e+03 7.5472700000e-04
7.2660000000e+03 7.4982400000e-04
7.2670000000e+03 7.4499000000e-04
7.2680000000e+03 7.4016000000e-04
7.2690000000e+03 7.3526900000e-04
7.2700000000e+03 7.3044700000e-04
7.2710000000e+03 7.2562800000e-04
7.2720000000e+03 7.2075000000e-04
7.2720034180e+03 7.2073300000e-04
7.2730000000e+03 7.1641900000e-04
7.2740000000e+03 7.1209300000e-04
7.2750000000e+03 7.0770900000e-04
7.2760000000e+03 7.0339000000e-04
7.2770000000e+03 6.9907400000e-04
7.2780000000e+03 6.9470100000e-04
7.2790000000e+03 6.9039200000e-04
7.2800000000e+03 6.8608500000e-04
7.2810000000e+03 6.8178300000e-04
7.2820000000e+03 6.7742400000e-04
7.2820058590e+03 6.7739900000e-04
7.2830000000e+03 6.7331900000e-04
7.2840000000e+03 6.6921800000e-04
7.2850000000e+03 6.6506200000e-04
7.2860000000e+03 6.6096800000e-04
7.2870000000e+03 6.5687600000e-04
7.2880000000e+03 6.5273100000e-04
7.2890000000e+03 6.4864600000e-04
7.2900000000e+03 6.4456400000e-04
7.2910000000e+03 6.4042900000e-04
7.2920000000e+03 6.3635300000e-04
7.2920087890e+03 6.3631700000e-04
7.2930000000e+03 6.3228000000e-04
7.2940000000e+03 6.2815600000e-04
7.2950000000e+03 6.2408900000e-04
7.2960000000e+03 6.2002600000e-04
7.2970000000e+03 6.1591200000e-04
7.2980000000e+03 6.1185500000e-04
7.2990000000e+03 6.0780100000e-04
7.3000000000e+03 6.0369700000e-04
7.3010000000e+03 5.9965000000e-04
7.3020000000e+03 5.9560500000e-04
7.3020112300e+03 5.9556000000e-04
7.3030000000e+03 5.9203500000e-04
7.3040000000e+03 5.8842100000e-04
7.3050000000e+03 5.8486200000e-04
7.3060000000e+03 5.8130600000e-04
7.3070000000e+03 5.7770100000e-04
7.3080000000e+03 5.7415000000e-04
7.3090000000e+03 5.7060200000e-04
7.3100000000e+03 5.6700600000e-04
7.3110000000e+03 5.6346400000e-04
7.3120000000e+03 5.5992400000e-04
7.3120141600e+03 5.5987300000e-04
7.3130000000e+03 5.5633800000e-04
7.3140000000e+03 5.5280300000e-04
7.3150000000e+03 5.4927100000e-04
7.3160000000e+03 5.4569400000e-04
7.3170000000e+03 5.4216800000e-04
7.3180000000e+03 5.3864400000e-04
7.3190000000e+03 5.3507600000e-04
7.3200000000e+03 5.3155800000e-04
7.3210000000e+03 5.2804200000e-04
7.3220000000e+03 5.2448400000e-04
7.3220166020e+03 5.2442500000e-04
7.3230000000e+03 5.2136900000e-04
7.3240000000e+03 5.1826300000e-04
7.3250000000e+03 5.1511400000e-04
7.3260000000e+03 5.1201300000e-04
7.3270000000e+03 5.0891400000e-04
7.3280000000e+03 5.0577400000e-04
7.3290000000e+03 5.0268000000e-04
7.3300000000e+03 4.9958800000e-04
7.3310000000e+03 4.9645600000e-04
7.3320000000e+03 4.9336900000e-04
7.3320195310e+03 4.9330900000e-04
7.3330000000e+03 4.9037700000e-04
7.3340000000e+03 4.8734600000e-04
7.3350000000e+03 4.8436000000e-04
7.3360000000e+03 4.8137700000e-04
7.3370000000e+03 4.7835400000e-04
7.3380000000e+03 4.7537500000e-04
7.3390000000e+03 4.7239800000e-04
7.3400000000e+03 4.6942400000e-04
7.3410000000e+03 4.6641100000e-04
7.3420000000e+03 4.6344100000e-04
7.3420219730e+03 4.6337600000e-04
7.3430000000e+03 4.6040500000e-04
7.3440000000e+03 4.5733000000e-04
7.3450000000e+03 4.5429700000e-04
7.3460000000e+03 4.5126600000e-04
7.3470000000e+03 4.4819900000e-04
7.3480000000e+03 4.4517300000e-04
7.3490000000e+03 4.4214900000e-04
7.3500000000e+03 4.3908900000e-04
7.3510000000e+03 4.3607100000e-04
7.3520000000e+03 4.3305400000e-04
7.3520249020e+03 4.3297800000e-04
7.3530000000e+03 4.3036600000e-04
7.3540000000e+03 4.2772700000e-04
7.3550000000e+03 4.2509000000e-04
7.3560000000e+03 4.2241800000e-04
7.3570000000e+03 4.1978500000e-04
7.3580000000e+03 4.1715400000e-04
7.3590000000e+03 4.1448900000e-04
7.3600000000e+03 4.1186200000e-04
7.3610000000e+03 4.0923800000e-04
7.3620000000e+03 4.0657900000e-04
7.3620273440e+03 4.0650800000e-04
7.3630000000e+03 4.0414000000e-04
7.3640000000e+03 4.0170700000e-04
7.3650000000e+03 3.9924100000e-04
7.3660000000e+03 3.9681200000e-04
7.3670000000e+03 3.9438500000e-04
7.3680000000e+03 3.9192600000e-04
7.3690000000e+03 3.8950200000e-04
7.3700000000e+03 3.8708100000e-04
7.3710000000e+03 3.8462700000e-04
7.3720000000e+03 3.8221000000e-04
7.3720302730e+03 3.8213700000e-04
7.3730000000e+03 3.7979400000e-04
7.3740000000e+03 3.7734700000e-04
7.3750000000e+03 3.7493400000e-04
7.3760000000e+03 3.7252400000e-04
7.3770000000e+03 3.7008300000e-04
7.3780000000e+03 3.6767600000e-04
7.3790000000e+03 3.6527100000e-04
7.3800000000e+03 3.6283700000e-04
7.3810000000e+03 3.6043600000e-04
7.3820000000e+03 3.5803700000e-04
7.3820327150e+03 3.5795700000e-04
7.3830000000e+03 3.5574200000e-04
7.3840000000e+03 3.5348500000e-04
7.3850000000e+03 3.5123000000e-04
7.3860000000e+03 3.4894500000e-04
7.3870000000e+03 3.4669400000e-04
7.3880000000e+03 3.4444300000e-04
7.3890000000e+03 3.4216500000e-04
7.3900000000e+03 3.3991800000e-04
7.3910000000e+03 3.3767300000e-04
7.3920000000e+03 3.3540100000e-04
7.3920356450e+03 3.3532100000e-04
7.3930000000e+03 3.3331400000e-04
7.3940000000e+03 3.3123500000e-04
7.3950000000e+03 3.2912900000e-04
7.3960000000e+03 3.2705300000e-04
7.3970000000e+03 3.2497800000e-04
7.3980000000e+03 3.2287700000e-04
7.3990000000e+03 3.2080600000e-04
7.4000000000e+03 3.1873700000e-04
7.4010000000e+03 3.1664100000e-04
7.4020000000e+03 3.1457500000e-04
7.4020380860e+03 3.1449600000e-04
7.4030000000e+03 3.1266400000e-04
7.4040000000e+03 3.1073400000e-04
7.4050000000e+03 3.0883200000e-04
7.4060000000e+03 3.0693200000e-04
7.4070000000e+03 3.0500600000e-04
7.4080000000e+03 3.0310900000e-04
7.4090000000e+03 3.0121300000e-04
7.4100000000e+03 2.9929300000e-04
7.4110000000e+03 2.9740000000e-04
7.4120000000e+03 2.9548300000e-04
7.4120410160e+03 2.9540500000e-04
7.4130000000e+03 2.9365900000e-04
7.4140000000e+03 2.9183800000e-04
7.4150000000e+03 2.8999400000e-04
7.4160000000e+03 2.8817700000e-04
7.4170000000e+03 2.8636100000e-04
7.4180000000e+03 2.8452100000e-04
7.4190000000e+03 2.8270800000e-04
7.4200000000e+03 2.8089600000e-04
7.4210000000e+03 2.7906200000e-04
7.4220000000e+03 2.7725300000e-04
7.4220434570e+03 2.7717400000e-04
7.4230000000e+03 2.7548900000e-04
7.4240000000e+03 2.7370400000e-04
7.4250000000e+03 2.7194500000e-04
7.4260000000e+03 2.7018700000e-04
7.4270000000e+03 2.6840600000e-04
7.4280000000e+03 2.6665100000e-04
7.4290000000e+03 2.6489700000e-04
7.4300000000e+03 2.6312200000e-04
7.4310000000e+03 2.6138400000e-04
7.4320000000e+03 2.5964800000e-04
7.4320463870e+03 2.5956600000e-04
7.4330000000e+03 2.5810500000e-04
7.4340000000e+03 2.5659700000e-04
7.4350000000e+03 2.5508900000e-04
7.4360000000e+03 2.5356100000e-04
7.4370000000e+03 2.5205500000e-04
7.4380000000e+03 2.5055100000e-04
7.4390000000e+03 2.4902600000e-04
7.4400000000e+03 2.4752400000e-04
7.4410000000e+03 2.4602200000e-04
7.4420000000e+03 2.4450100000e-04
7.4420493160e+03 2.4442700000e-04
7.4430000000e+03 2.4300100000e-04
7.4440000000e+03 2.4150300000e-04
7.4450000000e+03 2.3998500000e-04
7.4460000000e+03 2.3848900000e-04
7.4470000000e+03 2.3699300000e-04
7.4480000000e+03 2.3547800000e-04
7.4490000000e+03 2.3398500000e-04
7.4500000000e+03 2.3247300000e-04
7.4510000000e+03 2.3098200000e-04
7.4520000000e+03 2.2949100000e-04
7.4520517580e+03 2.2941300000e-04
7.4530000000e+03 2.2804600000e-04
7.4540000000e+03 2.2662500000e-04
7.4550000000e+03 2.2520500000e-04
7.4560000000e+03 2.2376700000e-04
7.4570000000e+03 2.2234900000e-04
7.4580000000e+03 2.2093200000e-04
7.4590000000e+03 2.1949600000e-04
7.4600000000e+03 2.1808100000e-04
7.4610000000e+03 2.1666700000e-04
7.4620000000e+03 2.1523500000e-04
7.4620546880e+03 2.1515800000e-04
7.4630000000e+03 2.1386500000e-04
7.4640000000e+03 2.1249800000e-04
7.4650000000e+03 2.1111400000e-04
7.4660000000e+03 2.0974900000e-04
7.4670000000e+03 2.0838500000e-04
7.4680000000e+03 2.0700400000e-04
7.4690000000e+03 2.0564200000e-04
7.4700000000e+03 2.0428000000e-04
7.4710000000e+03 2.0290200000e-04
7.4720000000e+03 2.0154300000e-04
7.4720571290e+03 2.0146400000e-04
7.4730000000e+03 2.0035600000e-04
7.4740000000e+03 1.9919800000e-04
7.4750000000e+03 1.9804200000e-04
7.4760000000e+03 1.9686900000e-04
7.4770000000e+03 1.9571400000e-04
7.4780000000e+03 1.9456000000e-04
7.4790000000e+03 1.9338900000e-04
7.4800000000e+03 1.9223700000e-04
7.4810000000e+03 1.9108500000e-04
7.4820000000e+03 1.8991700000e-04
7.4820600590e+03 1.8984800000e-04
7.4830000000e+03 1.8872500000e-04
7.4840000000e+03 1.8753200000e-04
7.4850000000e+03 1.8632200000e-04
7.4860000000e+03 1.8513000000e-04
7.4870000000e+03 1.8393900000e-04
7.4880000000e+03 1.8273200000e-04
7.4890000000e+03 1.8154300000e-04
7.4900000000e+03 1.8033800000e-04
7.4910000000e+03 1.7915000000e-04
7.4920000000e+03 1.7796400000e-04
7.4920625000e+03 1.7788800000e-04
7.4930000000e+03 1.7690700000e-04
7.4940000000e+03 1.7587600000e-04
7.4950000000e+03 1.7484600000e-04
7.4960000000e+03 1.7380100000e-04
7.4970000000e+03 1.7277300000e-04
7.4980000000e+03 1.7174500000e-04
7.4990000000e+03 1.7070300000e-04
7.5000000000e+03 1.6967600000e-04
7.5010000000e+03 1.6864500000e-04
7.5020000000e+03 1.6759900000e-04
7.5020654300e+03 1.6753200000e-04
7.5030000000e+03 1.6656900000e-04
7.5040000000e+03 1.6554000000e-04
7.5050000000e+03 1.6449700000e-04
7.5060000000e+03 1.6346900000e-04
7.5070000000e+03 1.6242800000e-04
7.5080000000e+03 1.6140200000e-04
7.5090000000e+03 1.6037700000e-04
7.5100000000e+03 1.5933800000e-04
7.5110000000e+03 1.5831400000e-04
7.5120000000e+03 1.5729100000e-04
7.5120678710e+03 1.5722100000e-04
7.5130000000e+03 1.5633700000e-04
7.5140000000e+03 1.5540300000e-04
7.5150000000e+03 1.5447000000e-04
7.5160000000e+03 1.5352500000e-04
7.5170000000e+03 1.5259300000e-04
7.5180000000e+03 1.5166200000e-04
7.5190000000e+03 1.5071800000e-04
7.5200000000e+03 1.4978900000e-04
7.5210000000e+03 1.4884700000e-04
7.5220000000e+03 1.4791900000e-04
7.5220708010e+03 1.4785300000e-04
7.5230000000e+03 1.4705200000e-04
7.5240000000e+03 1.4617800000e-04
7.5250000000e+03 1.4531700000e-04
7.5260000000e+03 1.4445700000e-04
7.5270000000e+03 1.4358500000e-04
7.5280000000e+03 1.4272600000e-04
7.5290000000e+03 1.4186800000e-04
7.5300000000e+03 1.4099800000e-04
7.5310000000e+03 1.4014100000e-04
7.5320000000e+03 1.3928500000e-04
7.5320732420e+03 1.3922100000e-04
7.5330000000e+03 1.3839700000e-04
7.5340000000e+03 1.3752000000e-04
7.5350000000e+03 1.3663200000e-04
7.5360000000e+03 1.3575700000e-04
7.5370000000e+03 1.3488200000e-04
7.5380000000e+03 1.3399600000e-04
7.5390000000e+03 1.3312300000e-04
7.5400000000e+03 1.3225000000e-04
7.5410000000e+03 1.3136600000e-04
7.5420000000e+03 1.3049500000e-04
7.5420761720e+03 1.3042900000e-04
7.5430000000e+03 1.2970400000e-04
7.5440000000e+03 1.2890900000e-04
7.5450000000e+03 1.2812600000e-04
7.5460000000e+03 1.2733200000e-04
7.5470000000e+03 1.2655000000e-04
7.5480000000e+03 1.2576900000e-04
7.5490000000e+03 1.2497700000e-04
7.5500000000e+03 1.2419700000e-04
7.5510000000e+03 1.2341700000e-04
7.5520000000e+03 1.2262700000e-04
7.5520786130e+03 1.2256600000e-04
7.5530000000e+03 1.2188900000e-04
7.5540000000e+03 1.2115400000e-04
7.5550000000e+03 1.2040900000e-04
7.5560000000e+03 1.1967500000e-04
7.5570000000e+03 1.1893100000e-04
7.5580000000e+03 1.1819900000e-04
7.5590000000e+03 1.1746700000e-04
7.5600000000e+03 1.1672500000e-04
7.5610000000e+03 1.1599400000e-04
7.5620000000e+03 1.1526300000e-04
7.5620815430e+03 1.1520300000e-04
7.5630000000e+03 1.1456300000e-04
7.5640000000e+03 1.1387600000e-04
7.5650000000e+03 1.1319000000e-04
7.5660000000e+03 1.1249500000e-04
7.5670000000e+03 1.1181000000e-04
7.5680000000e+03 1.1111500000e-04
7.5690000000e+03 1.1043200000e-04
7.5700000000e+03 1.0974800000e-04
7.5710000000e+03 1.0905500000e-04
7.5720000000e+03 1.0837300000e-04
7.5720839840e+03 1.0831600000e-04
7.5730000000e+03 1.0773000000e-04
7.5740000000e+03 1.0708200000e-04
7.5750000000e+03 1.0644400000e-04
7.5760000000e+03 1.0580600000e-04
7.5770000000e+03 1.0516000000e-04
7.5780000000e+03 1.0452300000e-04
7.5790000000e+03 1.0387700000e-04
7.5800000000e+03 1.0324200000e-04
7.5810000000e+03 1.0260600000e-04
7.5820000000e+03 1.0196200000e-04
7.5820869140e+03 1.0190700000e-04
7.5830000000e+03 1.0128900000e-04
7.5840000000e+03 1.0061200000e-04
7.5850000000e+03 9.9927500000e-05
7.5860000000e+03 9.9252000000e-05
7.5870000000e+03 9.8568300000e-05
7.5880000000e+03 9.7893800000e-05
7.5890000000e+03 9.7219700000e-05
7.5900000000e+03 9.6537700000e-05
7.5910000000e+03 9.5864700000e-05
7.5920000000e+03 9.5192200000e-05
7.5920898440e+03 9.5131000000e-05
7.5930000000e+03 9.4666300000e-05
7.5940000000e+03 9.4164400000e-05
7.5950000000e+03 9.3662800000e-05
7.5960000000e+03 9.3153400000e-05
7.5970000000e+03 9.2652700000e-05
7.5980000000e+03 9.2144100000e-05
7.5990000000e+03 9.1644100000e-05
7.6000000000e+03 9.1144400000e-05
7.6010000000e+03 9.0637000000e-05
7.6020000000e+03 9.0138100000e-05
7.6020922850e+03 9.0092100000e-05
7.6030000000e+03 8.9562800000e-05
7.6040000000e+03 8.8972300000e-05
7.6050000000e+03 8.8390000000e-05
7.6060000000e+03 8.7800500000e-05
7.6070000000e+03 8.7219100000e-05
7.6080000000e+03 8.6638200000e-05
7.6090000000e+03 8.6050100000e-05
7.6100000000e+03 8.5470000000e-05
7.6110000000e+03 8.4890400000e-05
7.6120000000e+03 8.4303800000e-05
7.6120952150e+03 8.4248600000e-05
7.6130000000e+03 8.3763100000e-05
7.6140000000e+03 8.3219400000e-05
7.6150000000e+03 8.2683600000e-05
7.6160000000e+03 8.2148100000e-05
7.6170000000e+03 8.1605800000e-05
7.6180000000e+03 8.1071100000e-05
7.6190000000e+03 8.0536800000e-05
7.6200000000e+03 7.9995900000e-05
7.6210000000e+03 7.9462400000e-05
7.6220000000e+03 7.8922300000e-05
7.6220976560e+03 7.8870300000e-05
7.6230000000e+03 7.8446400000e-05
7.6240000000e+03 7.7977000000e-05
7.6250000000e+03 7.7501100000e-05
7.6260000000e+03 7.7032400000e-05
7.6270000000e+03 7.6564000000e-05
7.6280000000e+03 7.6089300000e-05
7.6290000000e+03 7.5621600000e-05
7.6300000000e+03 7.5147600000e-05
7.6310000000e+03 7.4672400000e-05
7.6320000000e+03 7.4197500000e-05
7.6321005860e+03 7.4149100000e-05
7.6330000000e+03 7.3716600000e-05
7.6340000000e+03 7.3242700000e-05
7.6350000000e+03 7.2769100000e-05
7.6360000000e+03 7.2289700000e-05
7.6370000000e+03 7.1817100000e-05
7.6380000000e+03 7.1338700000e-05
7.6390000000e+03 7.0867000000e-05
7.6400000000e+03 7.0395800000e-05
7.6410000000e+03 6.9918800000e-05
7.6420000000e+03 6.9448500000e-05
7.6421030270e+03 6.9400000000e-05
7.6430000000e+03 6.9053100000e-05
7.6440000000e+03 6.8660500000e-05
7.6450000000e+03 6.8274500000e-05
7.6460000000e+03 6.7882800000e-05
7.6470000000e+03 6.7497400000e-05
7.6480000000e+03 6.7112400000e-05
7.6490000000e+03 6.6721900000e-05
7.6500000000e+03 6.6337700000e-05
7.6510000000e+03 6.5953800000e-05
7.6520000000e+03 6.5564500000e-05
7.6521059570e+03 6.5523900000e-05
7.6530000000e+03 6.5162900000e-05
7.6540000000e+03 6.4753700000e-05
7.6550000000e+03 6.4350700000e-05
7.6560000000e+03 6.3948000000e-05
7.6570000000e+03 6.3540100000e-05
7.6580000000e+03 6.3138300000e-05
7.6590000000e+03 6.2731200000e-05
7.6600000000e+03 6.2330100000e-05
7.6610000000e+03 6.1929400000e-05
7.6620000000e+03 6.1523600000e-05
7.6621083980e+03 6.1480200000e-05
7.6630000000e+03 6.1197000000e-05
7.6640000000e+03 6.0879500000e-05
7.6650000000e+03 6.0557000000e-05
7.6660000000e+03 6.0240200000e-05
7.6670000000e+03 5.9918300000e-05
7.6680000000e+03 5.9602100000e-05
7.6690000000e+03 5.9286200000e-05
7.6700000000e+03 5.8965300000e-05
7.6710000000e+03 5.8650000000e-05
7.6720000000e+03 5.8334900000e-05
7.6721113280e+03 5.8299300000e-05
7.6730000000e+03 5.7960500000e-05
7.6740000000e+03 5.7584800000e-05
