# photband: HST_WFC3_F814W
# source: SVO Filter Profile Service
# svo_id: HST/WFC3_UVIS1.F814W
# detector_type: 1
# response_type: photon
# components: Filter + CCD + Instrument
# profile_reference: https://www.stsci.edu/hst/instrumentation/wfc3/performance/throughputs
# wavelength_unit: Angstrom
# columns: wavelength transmission
6.8940000000e+03 4.9408900000e-05
6.8950000000e+03 5.2443700000e-05
6.8960000000e+03 5.5472500000e-05
6.8970000000e+03 5.8504700000e-05
6.8980000000e+03 6.1535600000e-05
6.8990000000e+03 6.4565400000e-05
6.9000000000e+03 6.7588200000e-05
6.9010000000e+03 7.0615400000e-05
6.9019038090e+03 7.3350400000e-05
6.9020000000e+03 7.3815800000e-05
6.9030000000e+03 7.8653700000e-05
6.9040000000e+03 8.3482400000e-05
6.9050000000e+03 8.8316100000e-05
6.9060000000e+03 9.3147800000e-05
6.9070000000e+03 9.7977700000e-05
6.9080000000e+03 1.0279700000e-04
6.9090000000e+03 1.0762300000e-04
6.9100000000e+03 1.1244600000e-04
6.9110000000e+03 1.1725800000e-04
6.9119062500e+03 1.2162600000e-04
6.9120000000e+03 1.2218000000e-04
6.9130000000e+03 1.2808800000e-04
6.9140000000e+03 1.3399400000e-04
6.9150000000e+03 1.3988600000e-04
6.9160000000e+03 1.4578600000e-04
6.9170000000e+03 1.5168500000e-04
6.9180000000e+03 1.5758100000e-04
6.9190000000e+03 1.6346100000e-04
6.9200000000e+03 1.6935200000e-04
6.9210000000e+03 1.7524000000e-04
6.9219091800e+03 1.8059200000e-04
6.9220000000e+03 1.8143300000e-04
6.9230000000e+03 1.9067200000e-04
6.9240000000e+03 1.9992400000e-04
6.9250000000e+03 2.0917100000e-04
6.9260000000e+03 2.1841600000e-04
6.9270000000e+03 2.2763600000e-04
6.9280000000e+03 2.3687300000e-04
6.9290000000e+03 2.4610500000e-04
6.9300000000e+03 2.5533400000e-04
6.9310000000e+03 2.6453600000e-04
6.9319116210e+03 2.7294300000e-04
6.9320000000e+03 2.7429300000e-04
6.9330000000e+03 2.8957500000e-04
6.9340000000e+03 3.0485200000e-04
6.9350000000e+03 3.2009400000e-04
6.9360000000e+03 3.3535700000e-04
6.9370000000e+03 3.5061400000e-04
6.9380000000e+03 3.6586500000e-04
6.9390000000e+03 3.8107700000e-04
6.9400000000e+03 3.9631400000e-04
6.9410000000e+03 4.1154600000e-04
6.9419145510e+03 4.2543700000e-04
6.9420000000e+03 4.2755700000e-04
6.9430000000e+03 4.5239600000e-04
6.9440000000e+03 4.7722600000e-04
6.9450000000e+03 5.0204500000e-04
6.9460000000e+03 5.2681000000e-04
6.9470000000e+03 5.5160800000e-04
6.9480000000e+03 5.7639600000e-04
6.9490000000e+03 6.0117500000e-04
6.9500000000e+03 6.2589000000e-04
6.9510000000e+03 6.5064700000e-04
6.9519169920e+03 6.7334100000e-04
6.9520000000e+03 6.7656000000e-04
6.9530000000e+03 7.1532600000e-04
6.9540000000e+03 7.5401100000e-04
6.9550000000e+03 7.9274400000e-04
6.9560000000e+03 8.3146100000e-04
6.9570000000e+03 8.7016300000e-04
6.9580000000e+03 9.0877200000e-04
6.9590000000e+03 9.4744000000e-04
6.9600000000e+03 9.8609400000e-04
6.9610000000e+03 1.0247300000e-03
6.9619199220e+03 1.0601800000e-03
6.9620000000e+03 1.0651800000e-03
6.9630000000e+03 1.1276500000e-03
6.9640000000e+03 1.1901000000e-03
6.9650000000e+03 1.2524200000e-03
6.9660000000e+03 1.3148100000e-03
6.9670000000e+03 1.3771800000e-03
6.9680000000e+03 1.4395300000e-03
6.9690000000e+03 1.5017200000e-03
6.9700000000e+03 1.5640200000e-03
6.9710000000e+03 1.6262900000e-03
6.9719223630e+03 1.6837000000e-03
6.9720000000e+03 1.6916600000e-03
6.9730000000e+03 1.7939700000e-03
6.9740000000e+03 1.8963900000e-03
6.9750000000e+03 1.9987800000e-03
6.9760000000e+03 2.1011200000e-03
6.9770000000e+03 2.2032300000e-03
6.9780000000e+03 2.3054800000e-03
6.9790000000e+03 2.4077000000e-03
6.9800000000e+03 2.5096500000e-03
6.9810000000e+03 2.6117800000e-03
6.9819252930e+03 2.7062400000e-03
6.9820000000e+03 2.7189500000e-03
6.9830000000e+03 2.8890700000e-03
6.9840000000e+03 3.0588600000e-03
6.9850000000e+03 3.2288400000e-03
6.9860000000e+03 3.3987500000e-03
6.9870000000e+03 3.5685900000e-03
6.9880000000e+03 3.7380400000e-03
6.9890000000e+03 3.9077400000e-03
6.9900000000e+03 4.0773700000e-03
6.9910000000e+03 4.2469300000e-03
6.9919277340e+03 4.4038200000e-03
6.9920000000e+03 4.4247800000e-03
6.9930000000e+03 4.7151000000e-03
6.9940000000e+03 5.0053000000e-03
6.9950000000e+03 5.2949300000e-03
6.9960000000e+03 5.5848800000e-03
6.9970000000e+03 5.8747200000e-03
6.9980000000e+03 6.1644400000e-03
6.9990000000e+03 6.4535000000e-03
7.0000000000e+03 6.7429700000e-03
7.0010000000e+03 7.0315600000e-03
7.0019306640e+03 7.2999900000e-03
7.0020000000e+03 7.3333800000e-03
7.0030000000e+03 7.8141800000e-03
7.0040000000e+03 8.2953200000e-03
7.0050000000e+03 8.7761700000e-03
7.0060000000e+03 9.2559200000e-03
7.0070000000e+03 9.7361400000e-03
7.0080000000e+03 1.0216100000e-02
7.0090000000e+03 1.0695700000e-02
7.0100000000e+03 1.1174100000e-02
7.0110000000e+03 1.1653100000e-02
7.0119331050e+03 1.2099800000e-02
7.0120000000e+03 1.2153400000e-02
7.0130000000e+03 1.2955400000e-02
7.0140000000e+03 1.3755700000e-02
7.0150000000e+03 1.4556600000e-02
7.0160000000e+03 1.5357100000e-02
7.0170000000e+03 1.6155600000e-02
7.0180000000e+03 1.6955000000e-02
7.0190000000e+03 1.7753900000e-02
7.0200000000e+03 1.8552300000e-02
7.0210000000e+03 1.9348600000e-02
7.0219360350e+03 2.0095000000e-02
7.0220000000e+03 2.0179600000e-02
7.0230000000e+03 2.1502000000e-02
7.0240000000e+03 2.2823600000e-02
7.0250000000e+03 2.4142300000e-02
7.0260000000e+03 2.5462200000e-02
7.0270000000e+03 2.6781300000e-02
7.0280000000e+03 2.8097200000e-02
7.0290000000e+03 2.9414500000e-02
7.0300000000e+03 3.0731100000e-02
7.0310000000e+03 3.2045700000e-02
7.0319384770e+03 3.3275900000e-02
7.0320000000e+03 3.3402600000e-02
7.0330000000e+03 3.5463500000e-02
7.0340000000e+03 3.7523000000e-02
7.0350000000e+03 3.9581200000e-02
7.0360000000e+03 4.1634300000e-02
7.0370000000e+03 4.3689400000e-02
7.0380000000e+03 4.5743200000e-02
7.0390000000e+03 4.7791300000e-02
7.0400000000e+03 4.9842100000e-02
7.0410000000e+03 5.1891500000e-02
7.0419414060e+03 5.3819500000e-02
7.0420000000e+03 5.3983300000e-02
7.0430000000e+03 5.6773300000e-02
7.0440000000e+03 5.9566100000e-02
7.0450000000e+03 6.2357000000e-02
7.0460000000e+03 6.5145900000e-02
7.0470000000e+03 6.7927100000e-02
7.0480000000e+03 7.0712000000e-02
7.0490000000e+03 7.3495000000e-02
7.0500000000e+03 7.6269500000e-02
7.0510000000e+03 7.9048500000e-02
7.0519438480e+03 8.1669700000e-02
7.0520000000e+03 8.1865800000e-02
7.0530000000e+03 8.5358300000e-02
7.0540000000e+03 8.8840600000e-02
7.0550000000e+03 9.2328000000e-02
7.0560000000e+03 9.5813000000e-02
7.0570000000e+03 9.9286900000e-02
7.0580000000e+03 1.0276700000e-01
7.0590000000e+03 1.0624400000e-01
7.0600000000e+03 1.0972000000e-01
7.0610000000e+03 1.1318200000e-01
7.0619467770e+03 1.1646800000e-01
7.0620000000e+03 1.1666700000e-01
7.0630000000e+03 1.2040500000e-01
7.0640000000e+03 1.2413000000e-01
7.0650000000e+03 1.2786200000e-01
7.0660000000e+03 1.3159200000e-01
7.0670000000e+03 1.3532000000e-01
7.0680000000e+03 1.3903200000e-01
7.0690000000e+03 1.4275400000e-01
7.0700000000e+03 1.4647400000e-01
7.0710000000e+03 1.5017800000e-01
7.0719492190e+03 1.5370300000e-01
7.0720000000e+03 1.5386500000e-01
7.0730000000e+03 1.5705900000e-01
7.0740000000e+03 1.6025000000e-01
7.0750000000e+03 1.6342500000e-01
7.0760000000e+03 1.6661200000e-01
7.0770000000e+03 1.6979600000e-01
7.0780000000e+03 1.7297800000e-01
7.0790000000e+03 1.7614300000e-01
7.0800000000e+03 1.7932000000e-01
7.0810000000e+03 1.8249600000e-01
7.0819521480e+03 1.8550200000e-01
7.0820000000e+03 1.8560800000e-01
7.0830000000e+03 1.8783500000e-01
7.0840000000e+03 1.9006000000e-01
7.0850000000e+03 1.9228400000e-01
7.0860000000e+03 1.9449000000e-01
7.0870000000e+03 1.9671100000e-01
7.0880000000e+03 1.9893000000e-01
7.0890000000e+03 2.0113000000e-01
7.0900000000e+03 2.0334600000e-01
7.0910000000e+03 2.0556000000e-01
7.0919545900e+03 2.0767300000e-01
7.0920000000e+03 2.0773500000e-01
7.0930000000e+03 2.0908000000e-01
7.0940000000e+03 2.1044300000e-01
7.0950000000e+03 2.1180400000e-01
7.0960000000e+03 2.1314600000e-01
7.0970000000e+03 2.1450500000e-01
7.0980000000e+03 2.1586400000e-01
7.0990000000e+03 2.1722100000e-01
7.1000000000e+03 2.1855900000e-01
7.1010000000e+03 2.1991500000e-01
7.1019575200e+03 2.2121200000e-01
7.1020000000e+03 2.2124200000e-01
7.1030000000e+03 2.2193600000e-01
7.1040000000e+03 2.2264900000e-01
7.1050000000e+03 2.2336100000e-01
7.1060000000e+03 2.2407300000e-01
7.1070000000e+03 2.2476500000e-01
7.1080000000e+03 2.2547600000e-01
7.1090000000e+03 2.2618600000e-01
7.1100000000e+03 2.2687600000e-01
7.1110000000e+03 2.2758500000e-01
7.1119599610e+03 2.2826500000e-01
7.1120000000e+03 2.2827700000e-01
7.1130000000e+03 2.2857400000e-01
7.1140000000e+03 2.2885000000e-01
7.1150000000e+03 2.2914700000e-01
7.1160000000e+03 2.2944200000e-01
7.1170000000e+03 2.2971800000e-01
7.1180000000e+03 2.3001300000e-01
7.1190000000e+03 2.3030900000e-01
7.1200000000e+03 2.3058300000e-01
7.1210000000e+03 2.3087800000e-01
7.1219628910e+03 2.3116100000e-01
7.1220000000e+03 2.3116400000e-01
7.1230000000e+03 2.3124500000e-01
7.1240000000e+03 2.3130500000e-01
7.1250000000e+03 2.3138500000e-01
7.1260000000e+03 2.3146400000e-01
7.1270000000e+03 2.3152400000e-01
7.1280000000e+03 2.3160400000e-01
7.1290000000e+03 2.3168300000e-01
7.1300000000e+03 2.3176300000e-01
7.1310000000e+03 2.3182200000e-01
7.1319653320e+03 2.3189900000e-01
7.1320000000e+03 2.3189800000e-01
7.1330000000e+03 2.3188500000e-01
7.1340000000e+03 2.3185100000e-01
7.1350000000e+03 2.3183700000e-01
7.1360000000e+03 2.3182300000e-01
7.1370000000e+03 2.3181000000e-01
7.1380000000e+03 2.3177600000e-01
7.1390000000e+03 2.3176200000e-01
7.1400000000e+03 2.3174800000e-01
7.1410000000e+03 2.3171400000e-01
7.1419682620e+03 2.3170100000e-01
7.1420000000e+03 2.3169800000e-01
7.1430000000e+03 2.3162300000e-01
7.1440000000e+03 2.3152700000e-01
7.1450000000e+03 2.3145100000e-01
7.1460000000e+03 2.3137500000e-01
7.1470000000e+03 2.3129900000e-01
7.1480000000e+03 2.3120400000e-01
7.1490000000e+03 2.3112800000e-01
7.1500000000e+03 2.3105200000e-01
7.1510000000e+03 2.3095700000e-01
7.1519707030e+03 2.3088300000e-01
7.1520000000e+03 2.3088000000e-01
7.1530000000e+03 2.3078500000e-01
7.1540000000e+03 2.3069000000e-01
7.1550000000e+03 2.3057500000e-01
7.1560000000e+03 2.3048000000e-01
7.1570000000e+03 2.3038500000e-01
7.1580000000e+03 2.3027000000e-01
7.1590000000e+03 2.3017600000e-01
7.1600000000e+03 2.3008100000e-01
7.1610000000e+03 2.2996600000e-01
7.1619736330e+03 2.2987400000e-01
7.1620000000e+03 2.2987100000e-01
7.1630000000e+03 2.2974800000e-01
7.1640000000e+03 2.2962500000e-01
7.1650000000e+03 2.2948200000e-01
7.1660000000e+03 2.2935900000e-01
7.1670000000e+03 2.2923600000e-01
7.1680000000e+03 2.2909300000e-01
7.1690000000e+03 2.2897100000e-01
7.1700000000e+03 2.2884800000e-01
7.1710000000e+03 2.2870600000e-01
7.1719760740e+03 2.2858600000e-01
7.1720000000e+03 2.2858300000e-01
7.1730000000e+03 2.2844300000e-01
7.1740000000e+03 2.2830300000e-01
7.1750000000e+03 2.2814400000e-01
7.1760000000e+03 2.2800400000e-01
7.1770000000e+03 2.2786500000e-01
7.1780000000e+03 2.2770600000e-01
7.1790000000e+03 2.2756700000e-01
7.1800000000e+03 2.2742700000e-01
7.1810000000e+03 2.2726800000e-01
7.1819790040e+03 2.2713200000e-01
7.1820000000e+03 2.2712900000e-01
7.1830000000e+03 2.2696400000e-01
7.1840000000e+03 2.2680000000e-01
7.1850000000e+03 2.2661600000e-01
7.1860000000e+03 2.2645200000e-01
7.1870000000e+03 2.2628800000e-01
7.1880000000e+03 2.2610500000e-01
7.1890000000e+03 2.2594100000e-01
7.1900000000e+03 2.2577700000e-01
7.1910000000e+03 2.2559400000e-01
7.1919819340e+03 2.2543300000e-01
7.1920000000e+03 2.2543000000e-01
7.1930000000e+03 2.2526200000e-01
7.1940000000e+03 2.2509400000e-01
7.1950000000e+03 2.2490700000e-01
7.1960000000e+03 2.2474000000e-01
7.1970000000e+03 2.2457200000e-01
7.1980000000e+03 2.2438500000e-01
7.1990000000e+03 2.2421800000e-01
7.2000000000e+03 2.2405000000e-01
7.2010000000e+03 2.2386400000e-01
7.2019843750e+03 2.2369900000e-01
7.2020000000e+03 2.2369700000e-01
7.2030000000e+03 2.2352400000e-01
7.2040000000e+03 2.2333100000e-01
7.2050000000e+03 2.2315800000e-01
7.2060000000e+03 2.2298500000e-01
7.2070000000e+03 2.2281200000e-01
7.2080000000e+03 2.2262000000e-01
7.2090000000e+03 2.2244700000e-01
7.2100000000e+03 2.2227400000e-01
7.2110000000e+03 2.2208200000e-01
7.2119873050e+03 2.2191200000e-01
7.2120000000e+03 2.2191000000e-01
7.2130000000e+03 2.2175300000e-01
7.2140000000e+03 2.2157600000e-01
7.2150000000e+03 2.2141900000e-01
7.2160000000e+03 2.2126200000e-01
7.2170000000e+03 2.2110500000e-01
7.2180000000e+03 2.2092900000e-01
7.2190000000e+03 2.2077200000e-01
7.2200000000e+03 2.2061500000e-01
7.2210000000e+03 2.2043900000e-01
7.2219897460e+03 2.2028400000e-01
7.2220000000e+03 2.2028200000e-01
7.2230000000e+03 2.2012400000e-01
7.2240000000e+03 2.1994700000e-01
7.2250000000e+03 2.1978800000e-01
7.2260000000e+03 2.1963000000e-01
7.2270000000e+03 2.1945300000e-01
7.2280000000e+03 2.1929500000e-01
7.2290000000e+03 2.1913700000e-01
7.2300000000e+03 2.1898000000e-01
7.2310000000e+03 2.1879400000e-01
7.2319926760e+03 2.1862900000e-01
7.2320000000e+03 2.1862800000e-01
7.2330000000e+03 2.1850200000e-01
7.2340000000e+03 2.1835700000e-01
7.2350000000e+03 2.1823100000e-01
7.2360000000e+03 2.1810500000e-01
7.2370000000e+03 2.1796000000e-01
7.2380000000e+03 2.1783500000e-01
7.2390000000e+03 2.1770900000e-01
7.2400000000e+03 2.1756400000e-01
7.2410000000e+03 2.1743900000e-01
7.2419951170e+03 2.1731400000e-01
7.2420000000e+03 2.1731300000e-01
7.2430000000e+03 2.1719300000e-01
7.2440000000e+03 2.1709200000e-01
7.2450000000e+03 2.1699100000e-01
7.2460000000e+03 2.1688900000e-01
7.2470000000e+03 2.1676900000e-01
7.2480000000e+03 2.1666800000e-01
7.2490000000e+03 2.1656700000e-01
7.2500000000e+03 2.1644700000e-01
7.2510000000e+03 2.1634600000e-01
7.2519980470e+03 2.1624500000e-01
7.2520000000e+03 2.1624500000e-01
7.2530000000e+03 2.1617000000e-01
7.2540000000e+03 2.1611300000e-01
7.2550000000e+03 2.1605700000e-01
7.2560000000e+03 2.1598100000e-01
7.2570000000e+03 2.1592500000e-01
7.2580000000e+03 2.1586800000e-01
7.2590000000e+03 2.1579300000e-01
7.2600000000e+03 2.1573600000e-01
7.2610000000e+03 2.1568000000e-01
7.2620000000e+03 2.1562300000e-01
7.2620004880e+03 2.1562300000e-01
7.2630000000e+03 2.1555400000e-01
7.2640000000e+03 2.1550400000e-01
7.2650000000e+03 2.1545300000e-01
7.2660000000e+03 2.1538400000e-01
7.2670000000e+03 2.1533400000e-01
7.2680000000e+03 2.1528300000e-01
7.2690000000e+03 2.1521400000e-01
7.2700000000e+03 2.1516400000e-01
7.2710000000e+03 2.1511300000e-01
7.2720000000e+03 2.1504400000e-01
7.2720034180e+03 2.1504400000e-01
7.2730000000e+03 2.1504300000e-01
7.2740000000e+03 2.1504200000e-01
7.2750000000e+03 2.1502200000e-01
7.2760000000e+03 2.1502100000e-01
7.2770000000e+03 2.1502000000e-01
7.2780000000e+03 2.1500000000e-01
7.2790000000e+03 2.1499900000e-01
7.2800000000e+03 2.1499800000e-01
7.2810000000e+03 2.1499600000e-01
7.2820000000e+03 2.1497600000e-01
7.2820058590e+03 2.1497600000e-01
7.2830000000e+03 2.1498200000e-01
7.2840000000e+03 2.1498700000e-01
7.2850000000e+03 2.1497400000e-01
7.2860000000e+03 2.1497900000e-01
7.2870000000e+03 2.1498400000e-01
7.2880000000e+03 2.1497100000e-01
7.2890000000e+03 2.1497600000e-01
7.2900000000e+03 2.1498100000e-01
7.2910000000e+03 2.1496700000e-01
7.2920000000e+03 2.1497200000e-01
7.2920087890e+03 2.1497200000e-01
7.2930000000e+03 2.1501100000e-01
7.2940000000e+03 2.1503100000e-01
7.2950000000e+03 2.1507000000e-01
7.2960000000e+03 2.1510900000e-01
7.2970000000e+03 2.1512900000e-01
7.2980000000e+03 2.1516800000e-01
7.2990000000e+03 2.1520600000e-01
7.3000000000e+03 2.1522600000e-01
7.3010000000e+03 2.1526500000e-01
7.3020000000e+03 2.1530300000e-01
7.3020112300e+03 2.1530400000e-01
7.3030000000e+03 2.1534100000e-01
7.3040000000e+03 2.1535900000e-01
7.3050000000e+03 2.1539600000e-01
7.3060000000e+03 2.1543300000e-01
7.3070000000e+03 2.1545200000e-01
7.3080000000e+03 2.1548900000e-01
7.3090000000e+03 2.1552600000e-01
7.3100000000e+03 2.1554400000e-01
7.3110000000e+03 2.1558100000e-01
7.3120000000e+03 2.1561700000e-01
7.3120141600e+03 2.1561800000e-01
7.3130000000e+03 2.1565300000e-01
7.3140000000e+03 2.1570700000e-01
7.3150000000e+03 2.1576200000e-01
7.3160000000e+03 2.1579700000e-01
7.3170000000e+03 2.1585100000e-01
7.3180000000e+03 2.1590500000e-01
7.3190000000e+03 2.1594000000e-01
7.3200000000e+03 2.1599400000e-01
7.3210000000e+03 2.1604800000e-01
7.3220000000e+03 2.1608300000e-01
7.3220166020e+03 2.1608400000e-01
7.3230000000e+03 2.1613700000e-01
7.3240000000e+03 2.1619100000e-01
7.3250000000e+03 2.1622600000e-01
7.3260000000e+03 2.1628000000e-01
7.3270000000e+03 2.1633400000e-01
7.3280000000e+03 2.1636900000e-01
7.3290000000e+03 2.1642200000e-01
7.3300000000e+03 2.1647600000e-01
7.3310000000e+03 2.1651000000e-01
7.3320000000e+03 2.1656400000e-01
7.3320195310e+03 2.1656500000e-01
7.3330000000e+03 2.1660600000e-01
7.3340000000e+03 2.1662900000e-01
7.3350000000e+03 2.1667000000e-01
7.3360000000e+03 2.1671200000e-01
7.3370000000e+03 2.1673400000e-01
7.3380000000e+03 2.1677500000e-01
7.3390000000e+03 2.1681600000e-01
7.3400000000e+03 2.1685800000e-01
7.3410000000e+03 2.1688000000e-01
7.3420000000e+03 2.1692100000e-01
7.3420219730e+03 2.1692200000e-01
7.3430000000e+03 2.1696600000e-01
7.3440000000e+03 2.1699100000e-01
7.3450000000e+03 2.1703600000e-01
7.3460000000e+03 2.1708100000e-01
7.3470000000e+03 2.1710600000e-01
7.3480000000e+03 2.1715100000e-01
7.3490000000e+03 2.1719500000e-01
7.3500000000e+03 2.1722000000e-01
7.3510000000e+03 2.1726500000e-01
7.3520000000e+03 2.1730900000e-01
7.3520249020e+03 2.1730900000e-01
7.3530000000e+03 2.1729800000e-01
7.3540000000e+03 2.1730500000e-01
7.3550000000e+03 2.1731200000e-01
7.3560000000e+03 2.1730100000e-01
7.3570000000e+03 2.1730800000e-01
7.3580000000e+03 2.1731500000e-01
7.3590000000e+03 2.1730300000e-01
7.3600000000e+03 2.1731000000e-01
7.3610000000e+03 2.1731700000e-01
7.3620000000e+03 2.1730500000e-01
7.3620273440e+03 2.1730500000e-01
7.3630000000e+03 2.1729800000e-01
7.3640000000e+03 2.1729100000e-01
7.3650000000e+03 2.1726500000e-01
7.3660000000e+03 2.1725700000e-01
7.3670000000e+03 2.1725000000e-01
7.3680000000e+03 2.1722300000e-01
7.3690000000e+03 2.1721600000e-01
7.3700000000e+03 2.1720800000e-01
7.3710000000e+03 2.1718200000e-01
7.3720000000e+03 2.1717400000e-01
7.3720302730e+03 2.1717400000e-01
7.3730000000e+03 2.1713100000e-01
7.3740000000e+03 2.1706800000e-01
7.3750000000e+03 2.1702400000e-01
7.3760000000e+03 2.1698000000e-01
7.3770000000e+03 2.1691700000e-01
7.3780000000e+03 2.1687300000e-01
7.3790000000e+03 2.1682900000e-01
7.3800000000e+03 2.1676600000e-01
7.3810000000e+03 2.1672200000e-01
7.3820000000e+03 2.1667800000e-01
7.3820327150e+03 2.1667600000e-01
7.3830000000e+03 2.1659900000e-01
7.3840000000e+03 2.1654000000e-01
7.3850000000e+03 2.1648000000e-01
7.3860000000e+03 2.1640100000e-01
7.3870000000e+03 2.1634200000e-01
7.3880000000e+03 2.1628200000e-01
7.3890000000e+03 2.1620300000e-01
7.3900000000e+03 2.1614300000e-01
7.3910000000e+03 2.1608400000e-01
7.3920000000e+03 2.1600500000e-01
7.3920356450e+03 2.1600300000e-01
7.3930000000e+03 2.1593600000e-01
7.3940000000e+03 2.1586500000e-01
7.3950000000e+03 2.1577600000e-01
7.3960000000e+03 2.1570600000e-01
7.3970000000e+03 2.1563600000e-01
7.3980000000e+03 2.1554700000e-01
7.3990000000e+03 2.1547700000e-01
7.4000000000e+03 2.1540700000e-01
7.4010000000e+03 2.1531800000e-01
7.4020000000e+03 2.1524800000e-01
7.4020380860e+03 2.1524600000e-01
7.4030000000e+03 2.1512100000e-01
7.4040000000e+03 2.1497300000e-01
7.4050000000e+03 2.1484300000e-01
7.4060000000e+03 2.1471400000e-01
7.4070000000e+03 2.1456500000e-01
7.4080000000e+03 2.1443600000e-01
7.4090000000e+03 2.1430700000e-01
7.4100000000e+03 2.1415900000e-01
7.4110000000e+03 2.1403000000e-01
7.4120000000e+03 2.1388200000e-01
7.4120410160e+03 2.1387700000e-01
7.4130000000e+03 2.1375600000e-01
7.4140000000e+03 2.1363100000e-01
7.4150000000e+03 2.1348700000e-01
7.4160000000e+03 2.1336200000e-01
7.4170000000e+03 2.1323600000e-01
7.4180000000e+03 2.1309300000e-01
7.4190000000e+03 2.1296800000e-01
7.4200000000e+03 2.1284200000e-01
7.4210000000e+03 2.1269900000e-01
7.4220000000e+03 2.1257400000e-01
7.4220434570e+03 2.1256900000e-01
7.4230000000e+03 2.1241700000e-01
7.4240000000e+03 2.1224100000e-01
7.4250000000e+03 2.1208300000e-01
7.4260000000e+03 2.1192500000e-01
7.4270000000e+03 2.1174900000e-01
7.4280000000e+03 2.1159100000e-01
7.4290000000e+03 2.1143400000e-01
7.4300000000e+03 2.1125800000e-01
7.4310000000e+03 2.1111200000e-01
7.4320000000e+03 2.1096500000e-01
7.4320463870e+03 2.1095800000e-01
7.4330000000e+03 2.1080000000e-01
7.4340000000e+03 2.1065300000e-01
7.4350000000e+03 2.1050600000e-01
7.4360000000e+03 2.1034100000e-01
7.4370000000e+03 2.1019500000e-01
7.4380000000e+03 2.1004800000e-01
7.4390000000e+03 2.0988300000e-01
7.4400000000e+03 2.0973700000e-01
7.4410000000e+03 2.0959100000e-01
7.4420000000e+03 2.0942600000e-01
7.4420493160e+03 2.0941900000e-01
7.4430000000e+03 2.0927400000e-01
7.4440000000e+03 2.0912200000e-01
7.4450000000e+03 2.0895100000e-01
7.4460000000e+03 2.0879900000e-01
7.4470000000e+03 2.0864700000e-01
7.4480000000e+03 2.0847700000e-01
7.4490000000e+03 2.0832500000e-01
7.4500000000e+03 2.0815500000e-01
7.4510000000e+03 2.0800300000e-01
7.4520000000e+03 2.0785100000e-01
7.4520517580e+03 2.0784300000e-01
7.4530000000e+03 2.0768300000e-01
7.4540000000e+03 2.0753300000e-01
7.4550000000e+03 2.0738300000e-01
7.4560000000e+03 2.0721500000e-01
7.4570000000e+03 2.0706600000e-01
7.4580000000e+03 2.0691600000e-01
7.4590000000e+03 2.0674800000e-01
7.4600000000e+03 2.0659900000e-01
7.4610000000e+03 2.0645000000e-01
7.4620000000e+03 2.0628200000e-01
7.4620546880e+03 2.0627400000e-01
7.4630000000e+03 2.0613400000e-01
7.4640000000e+03 2.0598600000e-01
7.4650000000e+03 2.0582000000e-01
7.4660000000e+03 2.0567300000e-01
7.4670000000e+03 2.0552500000e-01
7.4680000000e+03 2.0535900000e-01
7.4690000000e+03 2.0521200000e-01
7.4700000000e+03 2.0506400000e-01
7.4710000000e+03 2.0489900000e-01
7.4720000000e+03 2.0475200000e-01
7.4720571290e+03 2.0474200000e-01
7.4730000000e+03 2.0458100000e-01
7.4740000000e+03 2.0442800000e-01
7.4750000000e+03 2.0427500000e-01
7.4760000000e+03 2.0410400000e-01
7.4770000000e+03 2.0395100000e-01
7.4780000000e+03 2.0379800000e-01
7.4790000000e+03 2.0362800000e-01
7.4800000000e+03 2.0347500000e-01
7.4810000000e+03 2.0332300000e-01
7.4820000000e+03 2.0315200000e-01
7.4820600590e+03 2.0314300000e-01
7.4830000000e+03 2.0305000000e-01
7.4840000000e+03 2.0295100000e-01
7.4850000000e+03 2.0283400000e-01
7.4860000000e+03 2.0273600000e-01
7.4870000000e+03 2.0263700000e-01
7.4880000000e+03 2.0252000000e-01
7.4890000000e+03 2.0242100000e-01
7.4900000000e+03 2.0230500000e-01
7.4910000000e+03 2.0220600000e-01
7.4920000000e+03 2.0210800000e-01
7.4920625000e+03 2.0210100000e-01
7.4930000000e+03 2.0198500000e-01
7.4940000000e+03 2.0188000000e-01
7.4950000000e+03 2.0177400000e-01
7.4960000000e+03 2.0165100000e-01
7.4970000000e+03 2.0154500000e-01
7.4980000000e+03 2.0144000000e-01
7.4990000000e+03 2.0131700000e-01
7.5000000000e+03 2.0121100000e-01
7.5010000000e+03 2.0110000000e-01
7.5020000000e+03 2.0097000000e-01
7.5020654300e+03 2.0096300000e-01
7.5030000000e+03 2.0089900000e-01
7.5040000000e+03 2.0083000000e-01
7.5050000000e+03 2.0074400000e-01
7.5060000000e+03 2.0067600000e-01
7.5070000000e+03 2.0059000000e-01
7.5080000000e+03 2.0052200000e-01
7.5090000000e+03 2.0045400000e-01
7.5100000000e+03 2.0036800000e-01
7.5110000000e+03 2.0030000000e-01
7.5120000000e+03 2.0023200000e-01
7.5120678710e+03 2.0022600000e-01
7.5130000000e+03 2.0014300000e-01
7.5140000000e+03 2.0007100000e-01
7.5150000000e+03 1.9999900000e-01
7.5160000000e+03 1.9990900000e-01
7.5170000000e+03 1.9983700000e-01
7.5180000000e+03 1.9976500000e-01
7.5190000000e+03 1.9967600000e-01
7.5200000000e+03 1.9960400000e-01
7.5210000000e+03 1.9951500000e-01
7.5220000000e+03 1.9944300000e-01
7.5220708010e+03 1.9943800000e-01
7.5230000000e+03 1.9939900000e-01
7.5240000000e+03 1.9934000000e-01
7.5250000000e+03 1.9929900000e-01
7.5260000000e+03 1.9925700000e-01
7.5270000000e+03 1.9919800000e-01
7.5280000000e+03 1.9915700000e-01
7.5290000000e+03 1.9911500000e-01
7.5300000000e+03 1.9905600000e-01
7.5310000000e+03 1.9901500000e-01
7.5320000000e+03 1.9897300000e-01
7.5320732420e+03 1.9896900000e-01
7.5330000000e+03 1.9892700000e-01
7.5340000000e+03 1.9889900000e-01
7.5350000000e+03 1.9885300000e-01
7.5360000000e+03 1.9882500000e-01
7.5370000000e+03 1.9879700000e-01
7.5380000000e+03 1.9875200000e-01
7.5390000000e+03 1.9872400000e-01
7.5400000000e+03 1.9869500000e-01
7.5410000000e+03 1.9865000000e-01
7.5420000000e+03 1.9862200000e-01
7.5420761720e+03 1.9862000000e-01
7.5430000000e+03 1.9861500000e-01
7.5440000000e+03 1.9859300000e-01
7.5450000000e+03 1.9858800000e-01
7.5460000000e+03 1.9856500000e-01
7.5470000000e+03 1.9856000000e-01
7.5480000000e+03 1.9855500000e-01
7.5490000000e+03 1.9853300000e-01
7.5500000000e+03 1.9852800000e-01
7.5510000000e+03 1.9852200000e-01
7.5520000000e+03 1.9850000000e-01
7.5520786130e+03 1.9849900000e-01
7.5530000000e+03 1.9851300000e-01
7.5540000000e+03 1.9852700000e-01
7.5550000000e+03 1.9852400000e-01
7.5560000000e+03 1.9853900000e-01
7.5570000000e+03 1.9853600000e-01
7.5580000000e+03 1.9855000000e-01
7.5590000000e+03 1.9856400000e-01
7.5600000000e+03 1.9856100000e-01
7.5610000000e+03 1.9857500000e-01
7.5620000000e+03 1.9859000000e-01
7.5620815430e+03 1.9858900000e-01
7.5630000000e+03 1.9859300000e-01
7.5640000000e+03 1.9861500000e-01
7.5650000000e+03 1.9863600000e-01
7.5660000000e+03 1.9864000000e-01
7.5670000000e+03 1.9866100000e-01
7.5680000000e+03 1.9866500000e-01
7.5690000000e+03 1.9868600000e-01
7.5700000000e+03 1.9870800000e-01
7.5710000000e+03 1.9871100000e-01
7.5720000000e+03 1.9873200000e-01
7.5720839840e+03 1.9873400000e-01
7.5730000000e+03 1.9874400000e-01
7.5740000000e+03 1.9873600000e-01
7.5750000000e+03 1.9874700000e-01
7.5760000000e+03 1.9875700000e-01
7.5770000000e+03 1.9875000000e-01
7.5780000000e+03 1.9876000000e-01
7.5790000000e+03 1.9875200000e-01
7.5800000000e+03 1.9876200000e-01
7.5810000000e+03 1.9877200000e-01
7.5820000000e+03 1.9876500000e-01
7.5820869140e+03 1.9876500000e-01
7.5830000000e+03 1.9879900000e-01
7.5840000000e+03 1.9883500000e-01
7.5850000000e+03 1.9885300000e-01
7.5860000000e+03 1.9888900000e-01
7.5870000000e+03 1.9890700000e-01
7.5880000000e+03 1.9894300000e-01
7.5890000000e+03 1.9897900000e-01
7.5900000000e+03 1.9899700000e-01
7.5910000000e+03 1.9903300000e-01
7.5920000000e+03 1.9906800000e-01
7.5920898440e+03 1.9907000000e-01
7.5930000000e+03 1.9904300000e-01
7.5940000000e+03 1.9903200000e-01
7.5950000000e+03 1.9902000000e-01
7.5960000000e+03 1.9899100000e-01
7.5970000000e+03 1.9898000000e-01
7.5980000000e+03 1.9895000000e-01
7.5990000000e+03 1.9893900000e-01
7.6000000000e+03 1.9892700000e-01
7.6010000000e+03 1.9889800000e-01
7.6020000000e+03 1.9888600000e-01
7.6020922850e+03 1.9888500000e-01
7.6030000000e+03 1.9890300000e-01
7.6040000000e+03 1.9890600000e-01
7.6050000000e+03 1.9892500000e-01
7.6060000000e+03 1.9892800000e-01
7.6070000000e+03 1.9894800000e-01
7.6080000000e+03 1.9896700000e-01
7.6090000000e+03 1.9896900000e-01
7.6100000000e+03 1.9898900000e-01
7.6110000000e+03 1.9900900000e-01
7.6120000000e+03 1.9901100000e-01
7.6120952150e+03 1.9901200000e-01
7.6130000000e+03 1.9899200000e-01
7.6140000000e+03 1.9895200000e-01
7.6150000000e+03 1.9893000000e-01
7.6160000000e+03 1.9890800000e-01
7.6170000000e+03 1.9886800000e-01
7.6180000000e+03 1.9884500000e-01
7.6190000000e+03 1.9882300000e-01
7.6200000000e+03 1.9878300000e-01
7.6210000000e+03 1.9876000000e-01
7.6220000000e+03 1.9872000000e-01
7.6220976560e+03 1.9871800000e-01
7.6230000000e+03 1.9867700000e-01
7.6240000000e+03 1.9863100000e-01
7.6250000000e+03 1.9856700000e-01
7.6260000000e+03 1.9852200000e-01
7.6270000000e+03 1.9847600000e-01
7.6280000000e+03 1.9841300000e-01
7.6290000000e+03 1.9836700000e-01
7.6300000000e+03 1.9830300000e-01
7.6310000000e+03 1.9823500000e-01
7.6320000000e+03 1.9816800000e-01
7.6321005860e+03 1.9815900000e-01
7.6330000000e+03 1.9807000000e-01
7.6340000000e+03 1.9799000000e-01
7.6350000000e+03 1.9790900000e-01
7.6360000000e+03 1.9781100000e-01
7.6370000000e+03 1.9773000000e-01
7.6380000000e+03 1.9763200000e-01
7.6390000000e+03 1.9755100000e-01
7.6400000000e+03 1.9747000000e-01
7.6410000000e+03 1.9737200000e-01
7.6420000000e+03 1.9729100000e-01
7.6421030270e+03 1.9728300000e-01
7.6430000000e+03 1.9718800000e-01
7.6440000000e+03 1.9706400000e-01
7.6450000000e+03 1.9695800000e-01
7.6460000000e+03 1.9683500000e-01
7.6470000000e+03 1.9672900000e-01
7.6480000000e+03 1.9662300000e-01
7.6490000000e+03 1.9650000000e-01
7.6500000000e+03 1.9639400000e-01
7.6510000000e+03 1.9628800000e-01
7.6520000000e+03 1.9616500000e-01
7.6521059570e+03 1.9615400000e-01
7.6530000000e+03 1.9604100000e-01
7.6540000000e+03 1.9589800000e-01
7.6550000000e+03 1.9577200000e-01
7.6560000000e+03 1.9564600000e-01
7.6570000000e+03 1.9550300000e-01
7.6580000000e+03 1.9537700000e-01
7.6590000000e+03 1.9523400000e-01
7.6600000000e+03 1.9510800000e-01
7.6610000000e+03 1.9498200000e-01
7.6620000000e+03 1.9484000000e-01
7.6621083980e+03 1.9482600000e-01
7.6630000000e+03 1.9471000000e-01
7.6640000000e+03 1.9458000000e-01
7.6650000000e+03 1.9443300000e-01
7.6660000000e+03 1.9430300000e-01
7.6670000000e+03 1.9415600000e-01
7.6680000000e+03 1.9402600000e-01
7.6690000000e+03 1.9389700000e-01
7.6700000000e+03 1.9375000000e-01
7.6710000000e+03 1.9362100000e-01
7.6720000000e+03 1.9349100000e-01
7.6721113280e+03 1.9347500000e-01
7.6730000000e+03 1.9331900000e-01
7.6740000000e+03 1.9316100000e-01
7.6750000000e+03 1.9298600000e-01
7.6760000000e+03 1.9282900000e-01
7.6770000000e+03 1.9267100000e-01
7.6780000000e+03 1.9249600000e-01
7.6790000000e+03 1.9233900000e-01
7.6800000000e+03 1.9216500000e-01
7.6810000000e+03 1.9200700000e-01
7.6820000000e+03 1.9185000000e-01
7.6821137700e+03 1.9183000000e-01
7.6830000000e+03 1.9167000000e-01
7.6840000000e+03 1.9150700000e-01
7.6850000000e+03 1.9134300000e-01
7.6860000000e+03 1.9116300000e-01
7.6870000000e+03 1.9100000000e-01
7.6880000000e+03 1.9082000000e-01
7.6890000000e+03 1.9065700000e-01
7.6900000000e+03 1.9049400000e-01
7.6910000000e+03 1.9031500000e-01
7.6920000000e+03 1.9015200000e-01
7.6921166990e+03 1.9013100000e-01
7.6930000000e+03 1.8997700000e-01
7.6940000000e+03 1.8982000000e-01
7.6950000000e+03 1.8966300000e-01
7.6960000000e+03 1.8949000000e-01
7.6970000000e+03 1.8933300000e-01
7.6980000000e+03 1.8915900000e-01
7.6990000000e+03 1.8900300000e-01
7.7000000000e+03 1.8884600000e-01
7.7010000000e+03 1.8867300000e-01
7.7020000000e+03 1.8851700000e-01
7.7021191410e+03 1.8849800000e-01
7.7030000000e+03 1.8834900000e-01
7.7040000000e+03 1.8816300000e-01
7.7050000000e+03 1.8799400000e-01
7.7060000000e+03 1.8780800000e-01
7.7070000000e+03 1.8763900000e-01
7.7080000000e+03 1.8747000000e-01
7.7090000000e+03 1.8728500000e-01
7.7100000000e+03 1.8711700000e-01
7.7110000000e+03 1.8693200000e-01
7.7120000000e+03 1.8676300000e-01
7.7121220700e+03 1.8674300000e-01
7.7130000000e+03 1.8660200000e-01
7.7140000000e+03 1.8642500000e-01
7.7150000000e+03 1.8626500000e-01
7.7160000000e+03 1.8608800000e-01
7.7170000000e+03 1.8592800000e-01
7.7180000000e+03 1.8576800000e-01
7.7190000000e+03 1.8559200000e-01
7.7200000000e+03 1.8543200000e-01
7.7210000000e+03 1.8527300000e-01
7.7220000000e+03 1.8509700000e-01
7.7221245120e+03 1.8507700000e-01
7.7230000000e+03 1.8494100000e-01
7.7240000000e+03 1.8477000000e-01
7.7250000000e+03 1.8461600000e-01
7.7260000000e+03 1.8446100000e-01
7.7270000000e+03 1.8429000000e-01
7.7280000000e+03 1.8413600000e-01
7.7290000000e+03 1.8396500000e-01
7.7300000000e+03 1.8381100000e-01
7.7310000000e+03 1.8365700000e-01
7.7320000000e+03 1.8348700000e-01
7.7321274410e+03 1.8346700000e-01
7.7330000000e+03 1.8333500000e-01
7.7340000000e+03 1.8316600000e-01
7.7350000000e+03 1.8301500000e-01
7.7360000000e+03 1.8286300000e-01
7.7370000000e+03 1.8269500000e-01
7.7380000000e+03 1.8254400000e-01
7.7390000000e+03 1.8237600000e-01
7.7400000000e+03 1.8222500000e-01
7.7410000000e+03 1.8207300000e-01
7.7420000000e+03 1.8190600000e-01
7.7421298830e+03 1.8188700000e-01
7.7430000000e+03 1.8177100000e-01
7.7440000000e+03 1.8162200000e-01
7.7450000000e+03 1.8149000000e-01
7.7460000000e+03 1.8135700000e-01
7.7470000000e+03 1.8120800000e-01
7.7480000000e+03 1.8107600000e-01
7.7490000000e+03 1.8092800000e-01
7.7500000000e+03 1.8079500000e-01
7.7510000000e+03 1.8066300000e-01
7.7520000000e+03 1.8051500000e-01
7.7521328120e+03 1.8049800000e-01
7.7530000000e+03 1.8039700000e-01
7.7540000000e+03 1.8026600000e-01
7.7550000000e+03 1.8015100000e-01
7.7560000000e+03 1.8003600000e-01
7.7570000000e+03 1.7990400000e-01
7.7580000000e+03 1.7978900000e-01
7.7590000000e+03 1.7967400000e-01
7.7600000000e+03 1.7954300000e-01
7.7610000000e+03 1.7942800000e-01
7.7620000000e+03 1.7929700000e-01
7.7621352540e+03 1.7928200000e-01
7.7630000000e+03 1.7918800000e-01
7.7640000000e+03 1.7908100000e-01
7.7650000000e+03 1.7895700000e-01
7.7660000000e+03 1.7884900000e-01
7.7670000000e+03 1.7872500000e-01
7.7680000000e+03 1.7861800000e-01
7.7690000000e+03 1.7851000000e-01
7.7700000000e+03 1.7838600000e-01
7.7710000000e+03 1.7827900000e-01
7.7720000000e+03 1.7815500000e-01
7.7721381840e+03 1.7814100000e-01
7.7730000000e+03 1.7807100000e-01
7.7740000000e+03 1.7799100000e-01
7.7750000000e+03 1.7789500000e-01
7.7760000000e+03 1.7781400000e-01
7.7770000000e+03 1.7771800000e-01
7.7780000000e+03 1.7763800000e-01
7.7790000000e+03 1.7755800000e-01
7.7800000000e+03 1.7746200000e-01
7.7810000000e+03 1.7738200000e-01
7.7820000000e+03 1.7728600000e-01
7.7821406250e+03 1.7727400000e-01
7.7830000000e+03 1.7718800000e-01
7.7840000000e+03 1.7708800000e-01
7.7850000000e+03 1.7697200000e-01
7.7860000000e+03 1.7687200000e-01
7.7870000000e+03 1.7675700000e-01
7.7880000000e+03 1.7665700000e-01
7.7890000000e+03 1.7654100000e-01
7.7900000000e+03 1.7644200000e-01
7.7910000000e+03 1.7634200000e-01
7.7920000000e+03 1.7622600000e-01
7.7921435550e+03 1.7621200000e-01
7.7930000000e+03 1.7616300000e-01
7.7940000000e+03 1.7608900000e-01
7.7950000000e+03 1.7603100000e-01
7.7960000000e+03 1.7597400000e-01
7.7970000000e+03 1.7590000000e-01
7.7980000000e+03 1.7584200000e-01
7.7990000000e+03 1.7576900000e-01
7.8000000000e+03 1.7571100000e-01
7.8010000000e+03 1.7565300000e-01
7.8020000000e+03 1.7558000000e-01
7.8021459960e+03 1.7557100000e-01
7.8030000000e+03 1.7551000000e-01
7.8040000000e+03 1.7542300000e-01
7.8050000000e+03 1.7535200000e-01
7.8060000000e+03 1.7528000000e-01
7.8070000000e+03 1.7519300000e-01
7.8080000000e+03 1.7512200000e-01
7.8090000000e+03 1.7503500000e-01
7.8100000000e+03 1.7496300000e-01
7.8110000000e+03 1.7489200000e-01
7.8120000000e+03 1.7480500000e-01
7.8121489260e+03 1.7479400000e-01
7.8130000000e+03 1.7477100000e-01
7.8140000000e+03 1.7472900000e-01
7.8150000000e+03 1.7470200000e-01
7.8160000000e+03 1.7467500000e-01
7.8170000000e+03 1.7463200000e-01
7.8180000000e+03 1.7460500000e-01
7.8190000000e+03 1.7456300000e-01
7.8200000000e+03 1.7453600000e-01
7.8210000000e+03 1.7450800000e-01
7.8220000000e+03 1.7446600000e-01
7.8221513670e+03 1.7446200000e-01
7.8230000000e+03 1.7442100000e-01
7.8240000000e+03 1.7435700000e-01
7.8250000000e+03 1.7430900000e-01
7.8260000000e+03 1.7424500000e-01
7.8270000000e+03 1.7419700000e-01
7.8280000000e+03 1.7414900000e-01
7.8290000000e+03 1.7408500000e-01
7.8300000000e+03 1.7403700000e-01
7.8310000000e+03 1.7399000000e-01
7.8320000000e+03 1.7395800000e-01
7.8321542970e+03 1.7395300000e-01
7.8330000000e+03 1.7392400000e-01
7.8340000000e+03 1.7387500000e-01
7.8350000000e+03 1.7384100000e-01
7.8360000000e+03 1.7379200000e-01
7.8370000000e+03 1.7375800000e-01
7.8380000000e+03 1.7372400000e-01
7.8390000000e+03 1.7367500000e-01
7.8400000000e+03 1.7364100000e-01
7.8410000000e+03 1.7359100000e-01
7.8420000000e+03 1.7355700000e-01
7.8421572270e+03 1.7355000000e-01
7.8430000000e+03 1.7351400000e-01
7.8440000000e+03 1.7348700000e-01
7.8450000000e+03 1.7346000000e-01
7.8460000000e+03 1.7341700000e-01
7.8470000000e+03 1.7339000000e-01
7.8480000000e+03 1.7334800000e-01
7.8490000000e+03 1.7332100000e-01
7.8500000000e+03 1.7329400000e-01
7.8510000000e+03 1.7325100000e-01
7.8520000000e+03 1.7322400000e-01
7.8521596680e+03 1.7321700000e-01
7.8530000000e+03 1.7317100000e-01
7.8540000000e+03 1.7313100000e-01
7.8550000000e+03 1.7309100000e-01
7.8560000000e+03 1.7303600000e-01
7.8570000000e+03 1.7299600000e-01
7.8580000000e+03 1.7294100000e-01
7.8590000000e+03 1.7290100000e-01
7.8600000000e+03 1.7284600000e-01
7.8610000000e+03 1.7280600000e-01
7.8620000000e+03 1.7276600000e-01
7.8621625980e+03 1.7275700000e-01
7.8630000000e+03 1.7273200000e-01
7.8640000000e+03 1.7271800000e-01
7.8650000000e+03 1.7268800000e-01
7.8660000000e+03 1.7267300000e-01
7.8670000000e+03 1.7265900000e-01
7.8680000000e+03 1.7262900000e-01
7.8690000000e+03 1.7261400000e-01
7.8700000000e+03 1.7258400000e-01
7.8710000000e+03 1.7256900000e-01
7.8720000000e+03 1.7253900000e-01
7.8721650390e+03 1.7253700000e-01
7.8730000000e+03 1.7249200000e-01
7.8740000000e+03 1.7243800000e-01
7.8750000000e+03 1.7236900000e-01
7.8760000000e+03 1.7231500000e-01
7.8770000000e+03 1.7224500000e-01
7.8780000000e+03 1.7219200000e-01
7.8790000000e+03 1.7213800000e-01
7.8800000000e+03 1.7206800000e-01
7.8810000000e+03 1.7201400000e-01
7.8820000000e+03 1.7194500000e-01
7.8821679690e+03 1.7193600000e-01
7.8830000000e+03 1.7190800000e-01
7.8840000000e+03 1.7185800000e-01
7.8850000000e+03 1.7182400000e-01
7.8860000000e+03 1.7179000000e-01
7.8870000000e+03 1.7174000000e-01
7.8880000000e+03 1.7170600000e-01
7.8890000000e+03 1.7165600000e-01
7.8900000000e+03 1.7162200000e-01
7.8910000000e+03 1.7157200000e-01
7.8920000000e+03 1.7153800000e-01
7.8921704100e+03 1.7153200000e-01
7.8930000000e+03 1.7148200000e-01
7.8940000000e+03 1.7140700000e-01
7.8950000000e+03 1.7134700000e-01
7.8960000000e+03 1.7127200000e-01
7.8970000000e+03 1.7121200000e-01
7.8980000000e+03 1.7115200000e-01
7.8990000000e+03 1.7107700000e-01
7.9000000000e+03 1.7101700000e-01
7.9010000000e+03 1.7094200000e-01
7.9020000000e+03 1.7088200000e-01
7.9021733400e+03 1.7086900000e-01
7.9030000000e+03 1.7079500000e-01
7.9040000000e+03 1.7072000000e-01
7.9050000000e+03 1.7064600000e-01
7.9060000000e+03 1.7055700000e-01
7.9070000000e+03 1.7048200000e-01
7.9080000000e+03 1.7039300000e-01
7.9090000000e+03 1.7031900000e-01
7.9100000000e+03 1.7023000000e-01
7.9110000000e+03 1.7015600000e-01
7.9120000000e+03 1.7008100000e-01
7.9121757810e+03 1.7006600000e-01
7.9130000000e+03 1.7001000000e-01
7.9140000000e+03 1.6995800000e-01
7.9150000000e+03 1.6989100000e-01
7.9160000000e+03 1.6983800000e-01
7.9170000000e+03 1.6978600000e-01
7.9180000000e+03 1.6971900000e-01
7.9190000000e+03 1.6966700000e-01
7.9200000000e+03 1.6959900000e-01
7.9210000000e+03 1.6954700000e-01
7.9220000000e+03 1.6948000000e-01
7.9221787110e+03 1.6947100000e-01
7.9230000000e+03 1.6940800000e-01
7.9240000000e+03 1.6933200000e-01
7.9250000000e+03 1.6924100000e-01
7.9260000000e+03 1.6916500000e-01
7.9270000000e+03 1.6907400000e-01
7.9280000000e+03 1.6899800000e-01
7.9290000000e+03 1.6890700000e-01
7.9300000000e+03 1.6883100000e-01
7.9310000000e+03 1.6875500000e-01
7.9320000000e+03 1.6866400000e-01
7.9321811520e+03 1.6865000000e-01
7.9330000000e+03 1.6859900000e-01
7.9340000000e+03 1.6852200000e-01
7.9350000000e+03 1.6845900000e-01
7.9360000000e+03 1.6838200000e-01
7.9370000000e+03 1.6832000000e-01
7.9380000000e+03 1.6825700000e-01
7.9390000000e+03 1.6818000000e-01
7.9400000000e+03 1.6811700000e-01
7.9410000000e+03 1.6804000000e-01
7.9420000000e+03 1.6797800000e-01
7.9421840820e+03 1.6796400000e-01
7.9430000000e+03 1.6788800000e-01
7.9440000000e+03 1.6780900000e-01
7.9450000000e+03 1.6773100000e-01
7.9460000000e+03 1.6763800000e-01
7.9470000000e+03 1.6755900000e-01
7.9480000000e+03 1.6746600000e-01
7.9490000000e+03 1.6738800000e-01
7.9500000000e+03 1.6729500000e-01
7.9510000000e+03 1.6721600000e-01
7.9520000000e+03 1.6713800000e-01
7.9521865230e+03 1.6712100000e-01
7.9530000000e+03 1.6705500000e-01
7.9540000000e+03 1.6698800000e-01
7.9550000000e+03 1.6690700000e-01
7.9560000000e+03 1.6684000000e-01
7.9570000000e+03 1.6675900000e-01
7.9580000000e+03 1.6669200000e-01
7.9590000000e+03 1.6662500000e-01
7.9600000000e+03 1.6654400000e-01
7.9610000000e+03 1.6647700000e-01
7.9620000000e+03 1.6639600000e-01
7.9621894530e+03 1.6638400000e-01
7.9630000000e+03 1.6633000000e-01
7.9640000000e+03 1.6624800000e-01
7.9650000000e+03 1.6618200000e-01
7.9660000000e+03 1.6611500000e-01
7.9670000000e+03 1.6603400000e-01
7.9680000000e+03 1.6596800000e-01
7.9690000000e+03 1.6588600000e-01
7.9700000000e+03 1.6582000000e-01
7.9710000000e+03 1.6573900000e-01
7.9720000000e+03 1.6567300000e-01
7.9721918950e+03 1.6565700000e-01
7.9730000000e+03 1.6559900000e-01
7.9740000000e+03 1.6554200000e-01
7.9750000000e+03 1.6548500000e-01
7.9760000000e+03 1.6541300000e-01
7.9770000000e+03 1.6535600000e-01
7.9780000000e+03 1.6528400000e-01
7.9790000000e+03 1.6522700000e-01
7.9800000000e+03 1.6515500000e-01
7.9810000000e+03 1.6509900000e-01
7.9820000000e+03 1.6504300000e-01
7.9821948240e+03 1.6502900000e-01
7.9830000000e+03 1.6496300000e-01
7.9840000000e+03 1.6489600000e-01
7.9850000000e+03 1.6481300000e-01
7.9860000000e+03 1.6474600000e-01
7.9870000000e+03 1.6466300000e-01
7.9880000000e+03 1.6459600000e-01
7.9890000000e+03 1.6452800000e-01
7.9900000000e+03 1.6444600000e-01
7.9910000000e+03 1.6438200000e-01
7.9920000000e+03 1.6430200000e-01
7.9921977540e+03 1.6428900000e-01
7.9930000000e+03 1.6423700000e-01
7.9940000000e+03 1.6415700000e-01
7.9950000000e+03 1.6409200000e-01
7.9960000000e+03 1.6401300000e-01
7.9970000000e+03 1.6394800000e-01
7.9980000000e+03 1.6388300000e-01
7.9990000000e+03 1.6380300000e-01
8.0000000000e+03 1.6373800000e-01
8.0010000000e+03 1.6364300000e-01
8.0020000000e+03 1.6356400000e-01
8.0022001950e+03 1.6354500000e-01
8.0030000000e+03 1.6348500000e-01
8.0040000000e+03 1.6342400000e-01
8.0050000000e+03 1.6334900000e-01
8.0060000000e+03 1.6328900000e-01
8.0070000000e+03 1.6322800000e-01
8.0080000000e+03 1.6315300000e-01
8.0090000000e+03 1.6309300000e-01
8.0100000000e+03 1.6301800000e-01
8.0110000000e+03 1.6296000000e-01
8.0120000000e+03 1.6288700000e-01
8.0122031250e+03 1.6287500000e-01
8.0130000000e+03 1.6283100000e-01
8.0140000000e+03 1.6277600000e-01
8.0150000000e+03 1.6270700000e-01
8.0160000000e+03 1.6265200000e-01
8.0170000000e+03 1.6258200000e-01
8.0180000000e+03 1.6252700000e-01
8.0190000000e+03 1.6245800000e-01
8.0200000000e+03 1.6240300000e-01
8.0210000000e+03 1.6233400000e-01
8.0220000000e+03 1.6228000000e-01
8.0222055660e+03 1.6226900000e-01
8.0230000000e+03 1.6221900000e-01
8.0240000000e+03 1.6214000000e-01
8.0250000000e+03 1.6207700000e-01
8.0260000000e+03 1.6199900000e-01
8.0270000000e+03 1.6193500000e-01
8.0280000000e+03 1.6185700000e-01
8.0290000000e+03 1.6179300000e-01
8.0300000000e+03 1.6171500000e-01
8.0310000000e+03 1.6165300000e-01
8.0320000000e+03 1.6159200000e-01
8.0322084960e+03 1.6157600000e-01
8.0330000000e+03 1.6153400000e-01
8.0340000000e+03 1.6149400000e-01
8.0350000000e+03 1.6144100000e-01
8.0360000000e+03 1.6140100000e-01
8.0370000000e+03 1.6134800000e-01
8.0380000000e+03 1.6130800000e-01
8.0390000000e+03 1.6125500000e-01
8.0400000000e+03 1.6121500000e-01
8.0410000000e+03 1.6117600000e-01
8.0420000000e+03 1.6112200000e-01
8.0422109380e+03 1.6111400000e-01
8.0430000000e+03 1.6105300000e-01
8.0440000000e+03 1.6096100000e-01
8.0450000000e+03 1.6088300000e-01
8.0460000000e+03 1.6079100000e-01
8.0470000000e+03 1.6071300000e-01
8.0480000000e+03 1.6062100000e-01
8.0490000000e+03 1.6054300000e-01
8.0500000000e+03 1.6046600000e-01
8.0510000000e+03 1.6037400000e-01
8.0520000000e+03 1.6029600000e-01
8.0522138670e+03 1.6027600000e-01
8.0530000000e+03 1.6023600000e-01
8.0540000000e+03 1.6020000000e-01
8.0550000000e+03 1.6014900000e-01
8.0560000000e+03 1.6011200000e-01
8.0570000000e+03 1.6006100000e-01
8.0580000000e+03 1.6002400000e-01
8.0590000000e+03 1.5998700000e-01
8.0600000000e+03 1.5993600000e-01
8.0610000000e+03 1.5989900000e-01
8.0620000000e+03 1.5984800000e-01
8.0622163090e+03 1.5984000000e-01
8.0630000000e+03 1.5978100000e-01
8.0640000000e+03 1.5969000000e-01
8.0650000000e+03 1.5961400000e-01
8.0660000000e+03 1.5952400000e-01
8.0670000000e+03 1.5944800000e-01
8.0680000000e+03 1.5935700000e-01
8.0690000000e+03 1.5928100000e-01
8.0700000000e+03 1.5920500000e-01
8.0710000000e+03 1.5911500000e-01
8.0720000000e+03 1.5903900000e-01
8.0722192380e+03 1.5901900000e-01
8.0730000000e+03 1.5895300000e-01
8.0740000000e+03 1.5888200000e-01
8.0750000000e+03 1.5879700000e-01
8.0760000000e+03 1.5872600000e-01
8.0770000000e+03 1.5864100000e-01
8.0780000000e+03 1.5857100000e-01
8.0790000000e+03 1.5850000000e-01
8.0800000000e+03 1.5841500000e-01
8.0810000000e+03 1.5834400000e-01
8.0820000000e+03 1.5825900000e-01
8.0822216800e+03 1.5824400000e-01
8.0830000000e+03 1.5818300000e-01
8.0840000000e+03 1.5809100000e-01
8.0850000000e+03 1.5801300000e-01
8.0860000000e+03 1.5792000000e-01
8.0870000000e+03 1.5784200000e-01
8.0880000000e+03 1.5775000000e-01
8.0890000000e+03 1.5767200000e-01
8.0900000000e+03 1.5759400000e-01
8.0910000000e+03 1.5750200000e-01
8.0920000000e+03 1.5742300000e-01
8.0922246090e+03 1.5740300000e-01
8.0930000000e+03 1.5731700000e-01
8.0940000000e+03 1.5722000000e-01
8.0950000000e+03 1.5710900000e-01
8.0960000000e+03 1.5701200000e-01
8.0970000000e+03 1.5690200000e-01
8.0980000000e+03 1.5680500000e-01
8.0990000000e+03 1.5669400000e-01
8.1000000000e+03 1.5659800000e-01
8.1010000000e+03 1.5650100000e-01
8.1020000000e+03 1.5639100000e-01
8.1022275390e+03 1.5636900000e-01
8.1030000000e+03 1.5629500000e-01
8.1040000000e+03 1.5618500000e-01
8.1050000000e+03 1.5608900000e-01
8.1060000000e+03 1.5597900000e-01
8.1070000000e+03 1.5588300000e-01
8.1080000000e+03 1.5577300000e-01
8.1090000000e+03 1.5567700000e-01
8.1100000000e+03 1.5556800000e-01
8.1110000000e+03 1.5547200000e-01
8.1120000000e+03 1.5537600000e-01
8.1122299800e+03 1.5535100000e-01
8.1130000000e+03 1.5525700000e-01
8.1140000000e+03 1.5514800000e-01
8.1150000000e+03 1.5502500000e-01
8.1160000000e+03 1.5491700000e-01
8.1170000000e+03 1.5479400000e-01
8.1180000000e+03 1.5468600000e-01
8.1190000000e+03 1.5456400000e-01
8.1200000000e+03 1.5445500000e-01
8.1210000000e+03 1.5433300000e-01
8.1220000000e+03 1.5422500000e-01
8.1222329100e+03 1.5419600000e-01
8.1230000000e+03 1.5409300000e-01
8.1240000000e+03 1.5397200000e-01
8.1250000000e+03 1.5385200000e-01
8.1260000000e+03 1.5371700000e-01
8.1270000000e+03 1.5359600000e-01
8.1280000000e+03 1.5346200000e-01
8.1290000000e+03 1.5334200000e-01
8.1300000000e+03 1.5320700000e-01
8.1310000000e+03 1.5308700000e-01
8.1320000000e+03 1.5295300000e-01
8.1322353520e+03 1.5292500000e-01
8.1330000000e+03 1.5281800000e-01
8.1340000000e+03 1.5266600000e-01
8.1350000000e+03 1.5252700000e-01
8.1360000000e+03 1.5237500000e-01
8.1370000000e+03 1.5223600000e-01
8.1380000000e+03 1.5209800000e-01
8.1390000000e+03 1.5194600000e-01
8.1400000000e+03 1.5180700000e-01
8.1410000000e+03 1.5165500000e-01
8.1420000000e+03 1.5151700000e-01
8.1422382810e+03 1.5148100000e-01
8.1430000000e+03 1.5137000000e-01
8.1440000000e+03 1.5123900000e-01
8.1450000000e+03 1.5109400000e-01
8.1460000000e+03 1.5096300000e-01
8.1470000000e+03 1.5081800000e-01
8.1480000000e+03 1.5068600000e-01
8.1490000000e+03 1.5054200000e-01
8.1500000000e+03 1.5041100000e-01
8.1510000000e+03 1.5028000000e-01
8.1520000000e+03 1.5013500000e-01
8.1522407230e+03 1.5010400000e-01
8.1530000000e+03 1.5001000000e-01
8.1540000000e+03 1.4987300000e-01
8.1550000000e+03 1.4975000000e-01
8.1560000000e+03 1.4961300000e-01
8.1570000000e+03 1.4949000000e-01
8.1580000000e+03 1.4935400000e-01
8.1590000000e+03 1.4923100000e-01
8.1600000000e+03 1.4909400000e-01
8.1610000000e+03 1.4897200000e-01
8.1620000000e+03 1.4883500000e-01
8.1622436520e+03 1.4880500000e-01
8.1630000000e+03 1.4869000000e-01
8.1640000000e+03 1.4852400000e-01
8.1650000000e+03 1.4837200000e-01
8.1660000000e+03 1.4821900000e-01
8.1670000000e+03 1.4805400000e-01
8.1680000000e+03 1.4790100000e-01
8.1690000000e+03 1.4773600000e-01
8.1700000000e+03 1.4758400000e-01
8.1710000000e+03 1.4741900000e-01
8.1720000000e+03 1.4726700000e-01
8.1722460940e+03 1.4722600000e-01
8.1730000000e+03 1.4710300000e-01
8.1740000000e+03 1.4695200000e-01
8.1750000000e+03 1.4678900000e-01
8.1760000000e+03 1.4663900000e-01
8.1770000000e+03 1.4647500000e-01
8.1780000000e+03 1.4632500000e-01
8.1790000000e+03 1.4616200000e-01
8.1800000000e+03 1.4601200000e-01
8.1810000000e+03 1.4586300000e-01
8.1820000000e+03 1.4570000000e-01
8.1822490230e+03 1.4566200000e-01
8.1830000000e+03 1.4556000000e-01
8.1840000000e+03 1.4541200000e-01
8.1850000000e+03 1.4527600000e-01
8.1860000000e+03 1.4512700000e-01
8.1870000000e+03 1.4499100000e-01
8.1880000000e+03 1.4484300000e-01
8.1890000000e+03 1.4470700000e-01
8.1900000000e+03 1.4455900000e-01
8.1910000000e+03 1.4442400000e-01
8.1920000000e+03 1.4427600000e-01
8.1922519530e+03 1.4424200000e-01
8.1930000000e+03 1.4413700000e-01
8.1940000000e+03 1.4398300000e-01
8.1950000000e+03 1.4384300000e-01
8.1960000000e+03 1.4369000000e-01
8.1970000000e+03 1.4355000000e-01
8.1980000000e+03 1.4341000000e-01
8.1990000000e+03 1.4325700000e-01
8.2000000000e+03 1.4311700000e-01
8.2010000000e+03 1.4296700000e-01
8.2020000000e+03 1.4282900000e-01
8.2022539060e+03 1.4279100000e-01
8.2030000000e+03 1.4268800000e-01
8.2040000000e+03 1.4256200000e-01
8.2050000000e+03 1.4242400000e-01
8.2060000000e+03 1.4229900000e-01
8.2070000000e+03 1.4216100000e-01
8.2080000000e+03 1.4203600000e-01
8.2090000000e+03 1.4189800000e-01
8.2100000000e+03 1.4177300000e-01
8.2110000000e+03 1.4163600000e-01
8.2120000000e+03 1.4151100000e-01
8.2122568360e+03 1.4147600000e-01
8.2130000000e+03 1.4137200000e-01
8.2140000000e+03 1.4124600000e-01
8.2150000000e+03 1.4110700000e-01
8.2160000000e+03 1.4098100000e-01
8.2170000000e+03 1.4085500000e-01
8.2180000000e+03 1.4071700000e-01
8.2190000000e+03 1.4059100000e-01
8.2200000000e+03 1.4045200000e-01
8.2210000000e+03 1.4032700000e-01
8.2220000000e+03 1.4018800000e-01
8.2222597660e+03 1.4015600000e-01
8.2230000000e+03 1.4007500000e-01
8.2240000000e+03 1.3995400000e-01
8.2250000000e+03 1.3984500000e-01
8.2260000000e+03 1.3972400000e-01
8.2270000000e+03 1.3961600000e-01
8.2280000000e+03 1.3949500000e-01
8.2290000000e+03 1.3938600000e-01
8.2300000000e+03 1.3926500000e-01
8.2310000000e+03 1.3916500000e-01
8.2320000000e+03 1.3905300000e-01
8.2322626950e+03 1.3902600000e-01
8.2330000000e+03 1.3895900000e-01
8.2340000000e+03 1.3885500000e-01
8.2350000000e+03 1.3876300000e-01
8.2360000000e+03 1.3865900000e-01
8.2370000000e+03 1.3856700000e-01
8.2380000000e+03 1.3847600000e-01
8.2390000000e+03 1.3837200000e-01
8.2400000000e+03 1.3828000000e-01
8.2410000000e+03 1.3817700000e-01
8.2420000000e+03 1.3808500000e-01
8.2422646480e+03 1.3805800000e-01
8.2430000000e+03 1.3800100000e-01
8.2440000000e+03 1.3793500000e-01
8.2450000000e+03 1.3785700000e-01
8.2460000000e+03 1.3779200000e-01
8.2470000000e+03 1.3771400000e-01
8.2480000000e+03 1.3764900000e-01
8.2490000000e+03 1.3757100000e-01
8.2500000000e+03 1.3750600000e-01
8.2510000000e+03 1.3742800000e-01
8.2520000000e+03 1.3736300000e-01
8.2522675780e+03 1.3734200000e-01
8.2530000000e+03 1.3728400000e-01
8.2540000000e+03 1.3721800000e-01
8.2550000000e+03 1.3713900000e-01
8.2560000000e+03 1.3707300000e-01
8.2570000000e+03 1.3699400000e-01
8.2580000000e+03 1.3692800000e-01
8.2590000000e+03 1.3684900000e-01
8.2600000000e+03 1.3678300000e-01
8.2610000000e+03 1.3670400000e-01
8.2620000000e+03 1.3663800000e-01
8.2622705080e+03 1.3662000000e-01
8.2630000000e+03 1.3657800000e-01
8.2640000000e+03 1.3650700000e-01
8.2650000000e+03 1.3644900000e-01
8.2660000000e+03 1.3637900000e-01
8.2670000000e+03 1.3632000000e-01
8.2680000000e+03 1.3625000000e-01
8.2690000000e+03 1.3619200000e-01
8.2700000000e+03 1.3612100000e-01
8.2710000000e+03 1.3606300000e-01
8.2720000000e+03 1.3599300000e-01
8.2722734380e+03 1.3597700000e-01
8.2730000000e+03 1.3595100000e-01
8.2740000000e+03 1.3590400000e-01
8.2750000000e+03 1.3586900000e-01
8.2760000000e+03 1.3582200000e-01
8.2770000000e+03 1.3578600000e-01
8.2780000000e+03 1.3573900000e-01
8.2790000000e+03 1.3570400000e-01
8.2800000000e+03 1.3565600000e-01
8.2810000000e+03 1.3562100000e-01
8.2820000000e+03 1.3557300000e-01
8.2822763670e+03 1.3556400000e-01
8.2830000000e+03 1.3553900000e-01
8.2840000000e+03 1.3549200000e-01
8.2850000000e+03 1.3545700000e-01
8.2860000000e+03 1.3541000000e-01
8.2870000000e+03 1.3537500000e-01
8.2880000000e+03 1.3532800000e-01
8.2890000000e+03 1.3529300000e-01
8.2900000000e+03 1.3524500000e-01
8.2910000000e+03 1.3521000000e-01
8.2920000000e+03 1.3516300000e-01
8.2922783200e+03 1.3515300000e-01
8.2930000000e+03 1.3515100000e-01
8.2940000000e+03 1.3513600000e-01
8.2950000000e+03 1.3513300000e-01
8.2960000000e+03 1.3511800000e-01
8.2970000000e+03 1.3511500000e-01
8.2980000000e+03 1.3509900000e-01
8.2990000000e+03 1.3509600000e-01
8.3000000000e+03 1.3509300000e-01
8.3010000000e+03 1.3507700000e-01
8.3020000000e+03 1.3507400000e-01
8.3022812500e+03 1.3507000000e-01
8.3030000000e+03 1.3504300000e-01
8.3040000000e+03 1.3501800000e-01
8.3050000000e+03 1.3498100000e-01
8.3060000000e+03 1.3495700000e-01
8.3070000000e+03 1.3491900000e-01
8.3080000000e+03 1.3489500000e-01
8.3090000000e+03 1.3485700000e-01
8.3100000000e+03 1.3483300000e-01
8.3110000000e+03 1.3479500000e-01
8.3120000000e+03 1.3477000000e-01
8.3122841800e+03 1.3476000000e-01
8.3130000000e+03 1.3475000000e-01
8.3140000000e+03 1.3474900000e-01
8.3150000000e+03 1.3473600000e-01
8.3160000000e+03 1.3473500000e-01
8.3170000000e+03 1.3472200000e-01
8.3180000000e+03 1.3472100000e-01
8.3190000000e+03 1.3470700000e-01
8.3200000000e+03 1.3470600000e-01
8.3210000000e+03 1.3469200000e-01
8.3220000000e+03 1.3469100000e-01
8.3222871090e+03 1.3468700000e-01
8.3230000000e+03 1.3468200000e-01
8.3240000000e+03 1.3468800000e-01
8.3250000000e+03 1.3468200000e-01
8.3260000000e+03 1.3468700000e-01
8.3270000000e+03 1.3468100000e-01
8.3280000000e+03 1.3468600000e-01
8.3290000000e+03 1.3468000000e-01
8.3300000000e+03 1.3468500000e-01
8.3310000000e+03 1.3467800000e-01
8.3320000000e+03 1.3468400000e-01
8.3322890620e+03 1.3468200000e-01
8.3330000000e+03 1.3468200000e-01
8.3340000000e+03 1.3469500000e-01
8.3350000000e+03 1.3469600000e-01
8.3360000000e+03 1.3470900000e-01
8.3370000000e+03 1.3471000000e-01
8.3380000000e+03 1.3472300000e-01
8.3390000000e+03 1.3472300000e-01
8.3400000000e+03 1.3473600000e-01
8.3410000000e+03 1.3473700000e-01
8.3420000000e+03 1.3474900000e-01
8.3422919920e+03 1.3474900000e-01
8.3430000000e+03 1.3474400000e-01
8.3440000000e+03 1.3474800000e-01
8.3450000000e+03 1.3474000000e-01
8.3460000000e+03 1.3474400000e-01
8.3470000000e+03 1.3473600000e-01
8.3480000000e+03 1.3474000000e-01
8.3490000000e+03 1.3473200000e-01
8.3500000000e+03 1.3473600000e-01
8.3510000000e+03 1.3472700000e-01
8.3520000000e+03 1.3473100000e-01
8.3522949220e+03 1.3472900000e-01
8.3530000000e+03 1.3471800000e-01
8.3540000000e+03 1.3471500000e-01
8.3550000000e+03 1.3470000000e-01
8.3560000000e+03 1.3469700000e-01
8.3570000000e+03 1.3468100000e-01
8.3580000000e+03 1.3467800000e-01
8.3590000000e+03 1.3466300000e-01
8.3600000000e+03 1.3466000000e-01
8.3610000000e+03 1.3464400000e-01
8.3620000000e+03 1.3464100000e-01
8.3622978520e+03 1.3463600000e-01
8.3630000000e+03 1.3462800000e-01
8.3640000000e+03 1.3462800000e-01
8.3650000000e+03 1.3461600000e-01
8.3660000000e+03 1.3461700000e-01
8.3670000000e+03 1.3460500000e-01
8.3680000000e+03 1.3460500000e-01
8.3690000000e+03 1.3459300000e-01
8.3700000000e+03 1.3459300000e-01
8.3710000000e+03 1.3458000000e-01
8.3720000000e+03 1.3458000000e-01
8.3722998050e+03 1.3457700000e-01
8.3730000000e+03 1.3456900000e-01
8.3740000000e+03 1.3457000000e-01
8.3750000000e+03 1.3455900000e-01
8.3760000000e+03 1.3456000000e-01
8.3770000000e+03 1.3454900000e-01
8.3780000000e+03 1.3455000000e-01
8.3790000000e+03 1.3453900000e-01
8.3800000000e+03 1.3454000000e-01
8.3810000000e+03 1.3452900000e-01
8.3820000000e+03 1.3452900000e-01
8.3823027340e+03 1.3452600000e-01
8.3830000000e+03 1.3450900000e-01
8.3840000000e+03 1.3449700000e-01
8.3850000000e+03 1.3447300000e-01
8.3860000000e+03 1.3446100000e-01
8.3870000000e+03 1.3443600000e-01
8.3880000000e+03 1.3442400000e-01
8.3890000000e+03 1.3440000000e-01
8.3900000000e+03 1.3438700000e-01
8.3910000000e+03 1.3436300000e-01
8.3920000000e+03 1.3435000000e-01
8.3923056640e+03 1.3434300000e-01
8.3930000000e+03 1.3432100000e-01
8.3940000000e+03 1.3430300000e-01
8.3950000000e+03 1.3427200000e-01
8.3960000000e+03 1.3425400000e-01
8.3970000000e+03 1.3422300000e-01
8.3980000000e+03 1.3420400000e-01
8.3990000000e+03 1.3417300000e-01
8.4000000000e+03 1.3415400000e-01
8.4010000000e+03 1.3413300000e-01
8.4020000000e+03 1.3412400000e-01
8.4023085940e+03 1.3411700000e-01
8.4030000000e+03 1.3408400000e-01
8.4040000000e+03 1.3404900000e-01
8.4050000000e+03 1.3400200000e-01
8.4060000000e+03 1.3396600000e-01
8.4070000000e+03 1.3391900000e-01
8.4080000000e+03 1.3388400000e-01
8.4090000000e+03 1.3383600000e-01
8.4100000000e+03 1.3380100000e-01
8.4110000000e+03 1.3375300000e-01
8.4120000000e+03 1.3371800000e-01
8.4123105470e+03 1.3370300000e-01
8.4130000000e+03 1.3367400000e-01
8.4140000000e+03 1.3364500000e-01
8.4150000000e+03 1.3360300000e-01
8.4160000000e+03 1.3357400000e-01
8.4170000000e+03 1.3353200000e-01
8.4180000000e+03 1.3350300000e-01
8.4190000000e+03 1.3346100000e-01
8.4200000000e+03 1.3343200000e-01
8.4210000000e+03 1.3339000000e-01
8.4220000000e+03 1.3336100000e-01
8.4223134770e+03 1.3334800000e-01
8.4230000000e+03 1.3330400000e-01
8.4240000000e+03 1.3325300000e-01
8.4250000000e+03 1.3318900000e-01
8.4260000000e+03 1.3313800000e-01
8.4270000000e+03 1.3307500000e-01
8.4280000000e+03 1.3302300000e-01
8.4290000000e+03 1.3296000000e-01
8.4300000000e+03 1.3290800000e-01
8.4310000000e+03 1.3285700000e-01
8.4320000000e+03 1.3280600000e-01
8.4323164060e+03 1.3279400000e-01
8.4330000000e+03 1.3276000000e-01
8.4340000000e+03 1.3269900000e-01
8.4350000000e+03 1.3265000000e-01
8.4360000000e+03 1.3258900000e-01
8.4370000000e+03 1.3254000000e-01
8.4380000000e+03 1.3247900000e-01
8.4390000000e+03 1.3243000000e-01
8.4400000000e+03 1.3236900000e-01
8.4410000000e+03 1.3232000000e-01
8.4420000000e+03 1.3225800000e-01
8.4423193360e+03 1.3224300000e-01
8.4430000000e+03 1.3219600000e-01
8.4440000000e+03 1.3211500000e-01
8.4450000000e+03 1.3204500000e-01
8.4460000000e+03 1.3196400000e-01
8.4470000000e+03 1.3189500000e-01
8.4480000000e+03 1.3181400000e-01
8.4490000000e+03 1.3174500000e-01
8.4500000000e+03 1.3166300000e-01
8.4510000000e+03 1.3159400000e-01
8.4520000000e+03 1.3151300000e-01
8.4523222660e+03 1.3149100000e-01
8.4530000000e+03 1.3145200000e-01
8.4540000000e+03 1.3138300000e-01
8.4550000000e+03 1.3132600000e-01
8.4560000000e+03 1.3125700000e-01
8.4570000000e+03 1.3120000000e-01
8.4580000000e+03 1.3113000000e-01
8.4590000000e+03 1.3107300000e-01
8.4600000000e+03 1.3100400000e-01
8.4610000000e+03 1.3094700000e-01
8.4620000000e+03 1.3087800000e-01
8.4623242190e+03 1.3085900000e-01
8.4630000000e+03 1.3081900000e-01
8.4640000000e+03 1.3074900000e-01
8.4650000000e+03 1.3069000000e-01
8.4660000000e+03 1.3061900000e-01
8.4670000000e+03 1.3054800000e-01
8.4680000000e+03 1.3048900000e-01
8.4690000000e+03 1.3041900000e-01
8.4700000000e+03 1.3036000000e-01
8.4710000000e+03 1.3028900000e-01
8.4720000000e+03 1.3023000000e-01
8.4723271480e+03 1.3020700000e-01
8.4730000000e+03 1.3014500000e-01
8.4740000000e+03 1.3006500000e-01
8.4750000000e+03 1.2997300000e-01
8.4760000000e+03 1.2989300000e-01
8.4770000000e+03 1.2980100000e-01
8.4780000000e+03 1.2972100000e-01
8.4790000000e+03 1.2963000000e-01
8.4800000000e+03 1.2955000000e-01
8.4810000000e+03 1.2945800000e-01
8.4820000000e+03 1.2937800000e-01
8.4823300780e+03 1.2934800000e-01
8.4830000000e+03 1.2919100000e-01
8.4840000000e+03 1.2896900000e-01
8.4850000000e+03 1.2873500000e-01
8.4860000000e+03 1.2851300000e-01
8.4870000000e+03 1.2827900000e-01
8.4880000000e+03 1.2805700000e-01
8.4890000000e+03 1.2782400000e-01
8.4900000000e+03 1.2760200000e-01
8.4910000000e+03 1.2736900000e-01
8.4920000000e+03 1.2713600000e-01
8.4923330080e+03 1.2706300000e-01
8.4930000000e+03 1.2700300000e-01
8.4940000000e+03 1.2690100000e-01
8.4950000000e+03 1.2681100000e-01
8.4960000000e+03 1.2670900000e-01
8.4970000000e+03 1.2661900000e-01
8.4980000000e+03 1.2651800000e-01
8.4990000000e+03 1.2642800000e-01
8.5000000000e+03 1.2632600000e-01
8.5010000000e+03 1.2622100000e-01
8.5020000000e+03 1.2610400000e-01
8.5023349610e+03 1.2606800000e-01
8.5030000000e+03 1.2601500000e-01
8.5040000000e+03 1.2592300000e-01
8.5050000000e+03 1.2584300000e-01
8.5060000000e+03 1.2575100000e-01
8.5070000000e+03 1.2567000000e-01
8.5080000000e+03 1.2557800000e-01
8.5090000000e+03 1.2549800000e-01
8.5100000000e+03 1.2540600000e-01
8.5110000000e+03 1.2532600000e-01
8.5120000000e+03 1.2523400000e-01
8.5123378910e+03 1.2520700000e-01
8.5130000000e+03 1.2512000000e-01
8.5140000000e+03 1.2497600000e-01
8.5150000000e+03 1.2483300000e-01
8.5160000000e+03 1.2470100000e-01
8.5170000000e+03 1.2455800000e-01
8.5180000000e+03 1.2442600000e-01
8.5190000000e+03 1.2428300000e-01
8.5200000000e+03 1.2415100000e-01
8.5210000000e+03 1.2400800000e-01
8.5220000000e+03 1.2387700000e-01
8.5223408200e+03 1.2382800000e-01
8.5230000000e+03 1.2377300000e-01
8.5240000000e+03 1.2370200000e-01
8.5250000000e+03 1.2361800000e-01
8.5260000000e+03 1.2354700000e-01
8.5270000000e+03 1.2346300000e-01
8.5280000000e+03 1.2339100000e-01
8.5290000000e+03 1.2330800000e-01
8.5300000000e+03 1.2323600000e-01
8.5310000000e+03 1.2315300000e-01
8.5320000000e+03 1.2307000000e-01
8.5323437500e+03 1.2304500000e-01
8.5330000000e+03 1.2298300000e-01
8.5340000000e+03 1.2287700000e-01
8.5350000000e+03 1.2278200000e-01
8.5360000000e+03 1.2267600000e-01
8.5370000000e+03 1.2258100000e-01
8.5380000000e+03 1.2247500000e-01
8.5390000000e+03 1.2238100000e-01
8.5400000000e+03 1.2227500000e-01
8.5410000000e+03 1.2218000000e-01
8.5420000000e+03 1.2207400000e-01
8.5423466800e+03 1.2204100000e-01
8.5430000000e+03 1.2198200000e-01
8.5440000000e+03 1.2188000000e-01
8.5450000000e+03 1.2178900000e-01
8.5460000000e+03 1.2168700000e-01
8.5470000000e+03 1.2159600000e-01
8.5480000000e+03 1.2149400000e-01
8.5490000000e+03 1.2139200000e-01
8.5500000000e+03 1.2130100000e-01
8.5510000000e+03 1.2119900000e-01
8.5520000000e+03 1.2110800000e-01
8.5523486330e+03 1.2107200000e-01
8.5530000000e+03 1.2101400000e-01
8.5540000000e+03 1.2093500000e-01
8.5550000000e+03 1.2084500000e-01
8.5560000000e+03 1.2076600000e-01
8.5570000000e+03 1.2067600000e-01
8.5580000000e+03 1.2059700000e-01
8.5590000000e+03 1.2050700000e-01
8.5600000000e+03 1.2042800000e-01
8.5610000000e+03 1.2033800000e-01
8.5620000000e+03 1.2025800000e-01
8.5623515620e+03 1.2022700000e-01
8.5630000000e+03 1.2016700000e-01
8.5640000000e+03 1.2008500000e-01
8.5650000000e+03 1.1999200000e-01
8.5660000000e+03 1.1990000000e-01
8.5670000000e+03 1.1981800000e-01
8.5680000000e+03 1.1972500000e-01
8.5690000000e+03 1.1964400000e-01
8.5700000000e+03 1.1955100000e-01
8.5710000000e+03 1.1947000000e-01
8.5720000000e+03 1.1937700000e-01
8.5723544920e+03 1.1934800000e-01
8.5730000000e+03 1.1930700000e-01
8.5740000000e+03 1.1923300000e-01
8.5750000000e+03 1.1917000000e-01
8.5760000000e+03 1.1909600000e-01
8.5770000000e+03 1.1903200000e-01
8.5780000000e+03 1.1895800000e-01
8.5790000000e+03 1.1888400000e-01
8.5800000000e+03 1.1882100000e-01
8.5810000000e+03 1.1874600000e-01
8.5820000000e+03 1.1868300000e-01
8.5823574220e+03 1.1865600000e-01
8.5830000000e+03 1.1859800000e-01
8.5840000000e+03 1.1851700000e-01
8.5850000000e+03 1.1842500000e-01
8.5860000000e+03 1.1834500000e-01
8.5870000000e+03 1.1825300000e-01
8.5880000000e+03 1.1817200000e-01
8.5890000000e+03 1.1808100000e-01
8.5900000000e+03 1.1800000000e-01
8.5910000000e+03 1.1790900000e-01
8.5920000000e+03 1.1781700000e-01
8.5923593750e+03 1.1778800000e-01
8.5930000000e+03 1.1776300000e-01
8.5940000000e+03 1.1771300000e-01
8.5950000000e+03 1.1767400000e-01
8.5960000000e+03 1.1762500000e-01
8.5970000000e+03 1.1758500000e-01
8.5980000000e+03 1.1753600000e-01
8.5990000000e+03 1.1749600000e-01
8.6000000000e+03 1.1744600000e-01
8.6010000000e+03 1.1740700000e-01
8.6020000000e+03 1.1735700000e-01
8.6023623050e+03 1.1734300000e-01
8.6030000000e+03 1.1730900000e-01
8.6040000000e+03 1.1724600000e-01
8.6050000000e+03 1.1718400000e-01
8.6060000000e+03 1.1713100000e-01
8.6070000000e+03 1.1706800000e-01
8.6080000000e+03 1.1701600000e-01
8.6090000000e+03 1.1695300000e-01
8.6100000000e+03 1.1690100000e-01
8.6110000000e+03 1.1683700000e-01
8.6120000000e+03 1.1678500000e-01
8.6123652340e+03 1.1676200000e-01
8.6130000000e+03 1.1672400000e-01
8.6140000000e+03 1.1667400000e-01
8.6150000000e+03 1.1661400000e-01
8.6160000000e+03 1.1656400000e-01
8.6170000000e+03 1.1650400000e-01
8.6180000000e+03 1.1644400000e-01
8.6190000000e+03 1.1639400000e-01
8.6200000000e+03 1.1633400000e-01
8.6210000000e+03 1.1628400000e-01
8.6220000000e+03 1.1622400000e-01
8.6223681640e+03 1.1620500000e-01
8.6230000000e+03 1.1618000000e-01
8.6240000000e+03 1.1612800000e-01
8.6250000000e+03 1.1608800000e-01
8.6260000000e+03 1.1603600000e-01
8.6270000000e+03 1.1599500000e-01
8.6280000000e+03 1.1594400000e-01
8.6290000000e+03 1.1589200000e-01
8.6300000000e+03 1.1585100000e-01
8.6310000000e+03 1.1582300000e-01
8.6320000000e+03 1.1580500000e-01
8.6323701170e+03 1.1579400000e-01
8.6330000000e+03 1.1577800000e-01
8.6340000000e+03 1.1576300000e-01
8.6350000000e+03 1.1573700000e-01
8.6360000000e+03 1.1572100000e-01
8.6370000000e+03 1.1569500000e-01
8.6380000000e+03 1.1567900000e-01
8.6390000000e+03 1.1565300000e-01
8.6400000000e+03 1.1562700000e-01
8.6410000000e+03 1.1561100000e-01
8.6420000000e+03 1.1558400000e-01
8.6423730470e+03 1.1557800000e-01
8.6430000000e+03 1.1558700000e-01
8.6440000000e+03 1.1558900000e-01
8.6450000000e+03 1.1560200000e-01
8.6460000000e+03 1.1560500000e-01
8.6470000000e+03 1.1561800000e-01
8.6480000000e+03 1.1562000000e-01
8.6490000000e+03 1.1563300000e-01
8.6500000000e+03 1.1563500000e-01
8.6510000000e+03 1.1563600000e-01
8.6520000000e+03 1.1564900000e-01
8.6523759770e+03 1.1565000000e-01
8.6530000000e+03 1.1563000000e-01
8.6540000000e+03 1.1561000000e-01
8.6550000000e+03 1.1557900000e-01
8.6560000000e+03 1.1555900000e-01
8.6570000000e+03 1.1552700000e-01
8.6580000000e+03 1.1550700000e-01
8.6590000000e+03 1.1547600000e-01
8.6600000000e+03 1.1545500000e-01
8.6610000000e+03 1.1542400000e-01
8.6620000000e+03 1.1539200000e-01
8.6623789060e+03 1.1538400000e-01
8.6630000000e+03 1.1539100000e-01
8.6640000000e+03 1.1539200000e-01
8.6650000000e+03 1.1540400000e-01
8.6660000000e+03 1.1540500000e-01
8.6670000000e+03 1.1541600000e-01
8.6680000000e+03 1.1541700000e-01
8.6690000000e+03 1.1542800000e-01
8.6700000000e+03 1.1542900000e-01
8.6710000000e+03 1.1542900000e-01
8.6720000000e+03 1.1544000000e-01
8.6723818360e+03 1.1544000000e-01
8.6730000000e+03 1.1543300000e-01
8.6740000000e+03 1.1543100000e-01
8.6750000000e+03 1.1541900000e-01
8.6760000000e+03 1.1541800000e-01
8.6770000000e+03 1.1540600000e-01
8.6780000000e+03 1.1540400000e-01
8.6790000000e+03 1.1539200000e-01
8.6800000000e+03 1.1537900000e-01
8.6810000000e+03 1.1537700000e-01
8.6820000000e+03 1.1536500000e-01
8.6823837890e+03 1.1536400000e-01
8.6830000000e+03 1.1536200000e-01
8.6840000000e+03 1.1534800000e-01
8.6850000000e+03 1.1534500000e-01
8.6860000000e+03 1.1533100000e-01
8.6870000000e+03 1.1532800000e-01
8.6880000000e+03 1.1531400000e-01
8.6890000000e+03 1.1530000000e-01
8.6900000000e+03 1.1529600000e-01
8.6910000000e+03 1.1528200000e-01
8.6920000000e+03 1.1527800000e-01
8.6923867190e+03 1.1527200000e-01
8.6930000000e+03 1.1525800000e-01
8.6940000000e+03 1.1524600000e-01
8.6950000000e+03 1.1522300000e-01
8.6960000000e+03 1.1521100000e-01
8.6970000000e+03 1.1518800000e-01
8.6980000000e+03 1.1516500000e-01
8.6990000000e+03 1.1515200000e-01
8.7000000000e+03 1.1512900000e-01
8.7010000000e+03 1.1511600000e-01
8.7020000000e+03 1.1509300000e-01
8.7023896480e+03 1.1508800000e-01
8.7030000000e+03 1.1507200000e-01
8.7040000000e+03 1.1503600000e-01
8.7050000000e+03 1.1501100000e-01
8.7060000000e+03 1.1497500000e-01
8.7070000000e+03 1.1493900000e-01
8.7080000000e+03 1.1491300000e-01
8.7090000000e+03 1.1487700000e-01
8.7100000000e+03 1.1485100000e-01
8.7110000000e+03 1.1481500000e-01
8.7120000000e+03 1.1478900000e-01
8.7123925780e+03 1.1477500000e-01
8.7130000000e+03 1.1477300000e-01
8.7140000000e+03 1.1478000000e-01
8.7150000000e+03 1.1477600000e-01
8.7160000000e+03 1.1477300000e-01
8.7170000000e+03 1.1478000000e-01
8.7180000000e+03 1.1477600000e-01
8.7190000000e+03 1.1478300000e-01
8.7200000000e+03 1.1477900000e-01
8.7210000000e+03 1.1478500000e-01
8.7220000000e+03 1.1478100000e-01
8.7223945310e+03 1.1478300000e-01
8.7230000000e+03 1.1476700000e-01
8.7240000000e+03 1.1473000000e-01
8.7250000000e+03 1.1469300000e-01
8.7260000000e+03 1.1466600000e-01
8.7270000000e+03 1.1462800000e-01
8.7280000000e+03 1.1460100000e-01
8.7290000000e+03 1.1456300000e-01
8.7300000000e+03 1.1453600000e-01
8.7310000000e+03 1.1449900000e-01
8.7320000000e+03 1.1446100000e-01
8.7323974610e+03 1.1445000000e-01
8.7330000000e+03 1.1444800000e-01
8.7340000000e+03 1.1443500000e-01
8.7350000000e+03 1.1443200000e-01
8.7360000000e+03 1.1441900000e-01
8.7370000000e+03 1.1441600000e-01
8.7380000000e+03 1.1440300000e-01
8.7390000000e+03 1.1439900000e-01
8.7400000000e+03 1.1438600000e-01
8.7410000000e+03 1.1437200000e-01
8.7420000000e+03 1.1436900000e-01
8.7424003910e+03 1.1436300000e-01
8.7430000000e+03 1.1435500000e-01
8.7440000000e+03 1.1435200000e-01
8.7450000000e+03 1.1433800000e-01
8.7460000000e+03 1.1433500000e-01
8.7470000000e+03 1.1432100000e-01
8.7480000000e+03 1.1430700000e-01
8.7490000000e+03 1.1430300000e-01
8.7500000000e+03 1.1428900000e-01
8.7510000000e+03 1.1428500000e-01
8.7520000000e+03 1.1427100000e-01
8.7524033200e+03 1.1426900000e-01
8.7530000000e+03 1.1424800000e-01
8.7540000000e+03 1.1420300000e-01
8.7550000000e+03 1.1416700000e-01
8.7560000000e+03 1.1412100000e-01
8.7570000000e+03 1.1407600000e-01
8.7580000000e+03 1.1404000000e-01
8.7590000000e+03 1.1399400000e-01
8.7600000000e+03 1.1395900000e-01
8.7610000000e+03 1.1391200000e-01
8.7620000000e+03 1.1387700000e-01
8.7624052730e+03 1.1385800000e-01
8.7630000000e+03 1.1383400000e-01
8.7640000000e+03 1.1379300000e-01
8.7650000000e+03 1.1376300000e-01
8.7660000000e+03 1.1372300000e-01
8.7670000000e+03 1.1369200000e-01
8.7680000000e+03 1.1365200000e-01
8.7690000000e+03 1.1362100000e-01
8.7700000000e+03 1.1358000000e-01
8.7710000000e+03 1.1353900000e-01
8.7720000000e+03 1.1350900000e-01
8.7724082030e+03 1.1349200000e-01
8.7730000000e+03 1.1345800000e-01
8.7740000000e+03 1.1341000000e-01
8.7750000000e+03 1.1335200000e-01
8.7760000000e+03 1.1330500000e-01
8.7770000000e+03 1.1324600000e-01
8.7780000000e+03 1.1318800000e-01
8.7790000000e+03 1.1314000000e-01
8.7800000000e+03 1.1308200000e-01
8.7810000000e+03 1.1303400000e-01
8.7820000000e+03 1.1297600000e-01
8.7824111330e+03 1.1295600000e-01
8.7830000000e+03 1.1294300000e-01
8.7840000000e+03 1.1290900000e-01
8.7850000000e+03 1.1287500000e-01
8.7860000000e+03 1.1285200000e-01
8.7870000000e+03 1.1281800000e-01
8.7880000000e+03 1.1279400000e-01
8.7890000000e+03 1.1276000000e-01
8.7900000000e+03 1.1273700000e-01
8.7910000000e+03 1.1270200000e-01
8.7920000000e+03 1.1266800000e-01
8.7924140620e+03 1.1265800000e-01
8.7930000000e+03 1.1262900000e-01
8.7940000000e+03 1.1256900000e-01
8.7950000000e+03 1.1252000000e-01
8.7960000000e+03 1.1246000000e-01
8.7970000000e+03 1.1241000000e-01
8.7980000000e+03 1.1235000000e-01
8.7990000000e+03 1.1228900000e-01
8.8000000000e+03 1.1223900000e-01
8.8010000000e+03 1.1216400000e-01
8.8020000000e+03 1.1210000000e-01
8.8024160160e+03 1.1206900000e-01
8.8030000000e+03 1.1202000000e-01
8.8040000000e+03 1.1194700000e-01
8.8050000000e+03 1.1186300000e-01
8.8060000000e+03 1.1178000000e-01
8.8070000000e+03 1.1170700000e-01
8.8080000000e+03 1.1162300000e-01
8.8090000000e+03 1.1155000000e-01
8.8100000000e+03 1.1146600000e-01
8.8110000000e+03 1.1139300000e-01
8.8120000000e+03 1.1130900000e-01
8.8124189450e+03 1.1127400000e-01
8.8130000000e+03 1.1123500000e-01
8.8140000000e+03 1.1117700000e-01
8.8150000000e+03 1.1110900000e-01
8.8160000000e+03 1.1105200000e-01
8.8170000000e+03 1.1098400000e-01
8.8180000000e+03 1.1092600000e-01
8.8190000000e+03 1.1085800000e-01
8.8200000000e+03 1.1079000000e-01
8.8210000000e+03 1.1073200000e-01
8.8220000000e+03 1.1066400000e-01
8.8224218750e+03 1.1063900000e-01
8.8230000000e+03 1.1059400000e-01
8.8240000000e+03 1.1050400000e-01
8.8250000000e+03 1.1041500000e-01
8.8260000000e+03 1.1033600000e-01
8.8270000000e+03 1.1024700000e-01
8.8280000000e+03 1.1016800000e-01
8.8290000000e+03 1.1007900000e-01
8.8300000000e+03 1.1000000000e-01
8.8310000000e+03 1.0992900000e-01
8.8320000000e+03 1.0985700000e-01
8.8324248050e+03 1.0983100000e-01
8.8330000000e+03 1.0980800000e-01
8.8340000000e+03 1.0975700000e-01
8.8350000000e+03 1.0971600000e-01
8.8360000000e+03 1.0966400000e-01
8.8370000000e+03 1.0962300000e-01
8.8380000000e+03 1.0957200000e-01
8.8390000000e+03 1.0952000000e-01
8.8400000000e+03 1.0947900000e-01
8.8410000000e+03 1.0942700000e-01
8.8420000000e+03 1.0938600000e-01
8.8424277340e+03 1.0936400000e-01
8.8430000000e+03 1.0931900000e-01
8.8440000000e+03 1.0924000000e-01
8.8450000000e+03 1.0917100000e-01
8.8460000000e+03 1.0909200000e-01
8.8470000000e+03 1.0902400000e-01
8.8480000000e+03 1.0894500000e-01
8.8490000000e+03 1.0887600000e-01
8.8500000000e+03 1.0879700000e-01
8.8510000000e+03 1.0871800000e-01
8.8520000000e+03 1.0864900000e-01
8.8524296880e+03 1.0861500000e-01
8.8530000000e+03 1.0857900000e-01
8.8540000000e+03 1.0852600000e-01
8.8550000000e+03 1.0846300000e-01
8.8560000000e+03 1.0840900000e-01
8.8570000000e+03 1.0834600000e-01
8.8580000000e+03 1.0828300000e-01
8.8590000000e+03 1.0822900000e-01
8.8600000000e+03 1.0816600000e-01
8.8610000000e+03 1.0811200000e-01
8.8620000000e+03 1.0804900000e-01
8.8624326170e+03 1.0802100000e-01
8.8630000000e+03 1.0798600000e-01
8.8640000000e+03 1.0793400000e-01
8.8650000000e+03 1.0787300000e-01
8.8660000000e+03 1.0782100000e-01
8.8670000000e+03 1.0775900000e-01
8.8680000000e+03 1.0769700000e-01
8.8690000000e+03 1.0764600000e-01
8.8700000000e+03 1.0758400000e-01
8.8710000000e+03 1.0753200000e-01
8.8720000000e+03 1.0746900000e-01
8.8724355470e+03 1.0744700000e-01
8.8730000000e+03 1.0740800000e-01
8.8740000000e+03 1.0733000000e-01
8.8750000000e+03 1.0725200000e-01
8.8760000000e+03 1.0718400000e-01
8.8770000000e+03 1.0710600000e-01
8.8780000000e+03 1.0703800000e-01
8.8790000000e+03 1.0695900000e-01
8.8800000000e+03 1.0688100000e-01
8.8810000000e+03 1.0681300000e-01
8.8820000000e+03 1.0673400000e-01
8.8824384770e+03 1.0670400000e-01
8.8830000000e+03 1.0667500000e-01
8.8840000000e+03 1.0661300000e-01
8.8850000000e+03 1.0656100000e-01
8.8860000000e+03 1.0649800000e-01
8.8870000000e+03 1.0643600000e-01
8.8880000000e+03 1.0638300000e-01
8.8890000000e+03 1.0632100000e-01
8.8900000000e+03 1.0626800000e-01
8.8910000000e+03 1.0620600000e-01
8.8920000000e+03 1.0614300000e-01
8.8924404300e+03 1.0612000000e-01
8.8930000000e+03 1.0608700000e-01
8.8940000000e+03 1.0601700000e-01
8.8950000000e+03 1.0595800000e-01
8.8960000000e+03 1.0588800000e-01
8.8970000000e+03 1.0581900000e-01
8.8980000000e+03 1.0575900000e-01
8.8990000000e+03 1.0569000000e-01
8.9000000000e+03 1.0563000000e-01
8.9010000000e+03 1.0556000000e-01
8.9020000000e+03 1.0550000000e-01
8.9024433590e+03 1.0546900000e-01
8.9030000000e+03 1.0543000000e-01
8.9040000000e+03 1.0535900000e-01
8.9050000000e+03 1.0529800000e-01
8.9060000000e+03 1.0522700000e-01
8.9070000000e+03 1.0516600000e-01
8.9080000000e+03 1.0509500000e-01
8.9090000000e+03 1.0502400000e-01
8.9100000000e+03 1.0496300000e-01
8.9110000000e+03 1.0489200000e-01
8.9120000000e+03 1.0483000000e-01
8.9124462890e+03 1.0479900000e-01
8.9130000000e+03 1.0475700000e-01
8.9140000000e+03 1.0468100000e-01
8.9150000000e+03 1.0461500000e-01
8.9160000000e+03 1.0453900000e-01
8.9170000000e+03 1.0447300000e-01
8.9180000000e+03 1.0439700000e-01
8.9190000000e+03 1.0432100000e-01
8.9200000000e+03 1.0425500000e-01
8.9210000000e+03 1.0417900000e-01
8.9220000000e+03 1.0411200000e-01
8.9224492190e+03 1.0407800000e-01
8.9230000000e+03 1.0404500000e-01
8.9240000000e+03 1.0398600000e-01
8.9250000000e+03 1.0393600000e-01
8.9260000000e+03 1.0387600000e-01
8.9270000000e+03 1.0382600000e-01
8.9280000000e+03 1.0376600000e-01
8.9290000000e+03 1.0371500000e-01
8.9300000000e+03 1.0365500000e-01
8.9310000000e+03 1.0359500000e-01
8.9320000000e+03 1.0354500000e-01
8.9324521480e+03 1.0351800000e-01
8.9330000000e+03 1.0348100000e-01
8.9340000000e+03 1.0342300000e-01
8.9350000000e+03 1.0335600000e-01
8.9360000000e+03 1.0328900000e-01
8.9370000000e+03 1.0323100000e-01
8.9380000000e+03 1.0316400000e-01
8.9390000000e+03 1.0310600000e-01
8.9400000000e+03 1.0303900000e-01
8.9410000000e+03 1.0297100000e-01
8.9420000000e+03 1.0291400000e-01
8.9424541020e+03 1.0288300000e-01
8.9430000000e+03 1.0284600000e-01
8.9440000000e+03 1.0278800000e-01
8.9450000000e+03 1.0272100000e-01
8.9460000000e+03 1.0265300000e-01
8.9470000000e+03 1.0259500000e-01
8.9480000000e+03 1.0252800000e-01
8.9490000000e+03 1.0247000000e-01
8.9500000000e+03 1.0240200000e-01
8.9510000000e+03 1.0233400000e-01
8.9520000000e+03 1.0227600000e-01
8.9524570310e+03 1.0224500000e-01
8.9530000000e+03 1.0220900000e-01
8.9540000000e+03 1.0215400000e-01
8.9550000000e+03 1.0208900000e-01
8.9560000000e+03 1.0202300000e-01
8.9570000000e+03 1.0196800000e-01
8.9580000000e+03 1.0190200000e-01
8.9590000000e+03 1.0184600000e-01
8.9600000000e+03 1.0178100000e-01
8.9610000000e+03 1.0171500000e-01
8.9620000000e+03 1.0165900000e-01
8.9624599610e+03 1.0162900000e-01
8.9630000000e+03 1.0159400000e-01
8.9640000000e+03 1.0154000000e-01
8.9650000000e+03 1.0147600000e-01
8.9660000000e+03 1.0141100000e-01
8.9670000000e+03 1.0135600000e-01
8.9680000000e+03 1.0129200000e-01
8.9690000000e+03 1.0123700000e-01
8.9700000000e+03 1.0117300000e-01
8.9710000000e+03 1.0110800000e-01
8.9720000000e+03 1.0105300000e-01
8.9724628910e+03 1.0102300000e-01
8.9730000000e+03 1.0099500000e-01
8.9740000000e+03 1.0095200000e-01
8.9750000000e+03 1.0089900000e-01
8.9760000000e+03 1.0084600000e-01
8.9770000000e+03 1.0080300000e-01
8.9780000000e+03 1.0075000000e-01
8.9790000000e+03 1.0070600000e-01
8.9800000000e+03 1.0065300000e-01
8.9810000000e+03 1.0060000000e-01
8.9820000000e+03 1.0055600000e-01
8.9824648440e+03 1.0053100000e-01
8.9830000000e+03 1.0049800000e-01
8.9840000000e+03 1.0044500000e-01
8.9850000000e+03 1.0038300000e-01
8.9860000000e+03 1.0032100000e-01
8.9870000000e+03 1.0026800000e-01
8.9880000000e+03 1.0020600000e-01
8.9890000000e+03 1.0014400000e-01
8.9900000000e+03 1.0009100000e-01
8.9910000000e+03 1.0002800000e-01
8.9920000000e+03 9.9974900000e-02
8.9924677730e+03 9.9945700000e-02
8.9930000000e+03 9.9914100000e-02
8.9940000000e+03 9.9854800000e-02
8.9950000000e+03 9.9804800000e-02
8.9960000000e+03 9.9745300000e-02
8.9970000000e+03 9.9695100000e-02
8.9980000000e+03 9.9635500000e-02
8.9990000000e+03 9.9575900000e-02
9.0000000000e+03 9.9525500000e-02
9.0010000000e+03 9.9452800000e-02
9.0020000000e+03 9.9389400000e-02
9.0024707030e+03 9.9355200000e-02
9.0030000000e+03 9.9317900000e-02
9.0040000000e+03 9.9247500000e-02
9.0050000000e+03 9.9186400000e-02
9.0060000000e+03 9.9115900000e-02
9.0070000000e+03 9.9054700000e-02
9.0080000000e+03 9.8984100000e-02
9.0090000000e+03 9.8913500000e-02
9.0100000000e+03 9.8852100000e-02
9.0110000000e+03 9.8781500000e-02
9.0120000000e+03 9.8720200000e-02
9.0124736330e+03 9.8686800000e-02
9.0130000000e+03 9.8651700000e-02
9.0140000000e+03 9.8585000000e-02
9.0150000000e+03 9.8527500000e-02
9.0160000000e+03 9.8460800000e-02
9.0170000000e+03 9.8393900000e-02
9.0180000000e+03 9.8336300000e-02
9.0190000000e+03 9.8269400000e-02
9.0200000000e+03 9.8211600000e-02
9.0210000000e+03 9.8144700000e-02
9.0220000000e+03 9.8077800000e-02
9.0224765620e+03 9.8050200000e-02
9.0230000000e+03 9.8015900000e-02
9.0240000000e+03 9.7941000000e-02
9.0250000000e+03 9.7875300000e-02
9.0260000000e+03 9.7800300000e-02
9.0270000000e+03 9.7725300000e-02
9.0280000000e+03 9.7659400000e-02
9.0290000000e+03 9.7584300000e-02
9.0300000000e+03 9.7518400000e-02
9.0310000000e+03 9.7449400000e-02
9.0320000000e+03 9.7380500000e-02
9.0324785160e+03 9.7351800000e-02
9.0330000000e+03 9.7327100000e-02
9.0340000000e+03 9.7270300000e-02
9.0350000000e+03 9.7213600000e-02
9.0360000000e+03 9.7165800000e-02
9.0370000000e+03 9.7108900000e-02
9.0380000000e+03 9.7061100000e-02
9.0390000000e+03 9.7004000000e-02
9.0400000000e+03 9.6946900000e-02
9.0410000000e+03 9.6899000000e-02
9.0420000000e+03 9.6841900000e-02
9.0424814450e+03 9.6818800000e-02
9.0430000000e+03 9.6792700000e-02
9.0440000000e+03 9.6733300000e-02
9.0450000000e+03 9.6673800000e-02
9.0460000000e+03 9.6623400000e-02
9.0470000000e+03 9.6563800000e-02
9.0480000000e+03 9.6504100000e-02
9.0490000000e+03 9.6453400000e-02
9.0500000000e+03 9.6393600000e-02
9.0510000000e+03 9.6343000000e-02
9.0520000000e+03 9.6283200000e-02
9.0524843750e+03 9.6254200000e-02
9.0530000000e+03 9.6221800000e-02
9.0540000000e+03 9.6168100000e-02
9.0550000000e+03 9.6105200000e-02
9.0560000000e+03 9.6051300000e-02
9.0570000000e+03 9.5988300000e-02
9.0580000000e+03 9.5925200000e-02
9.0590000000e+03 9.5871100000e-02
9.0600000000e+03 9.5807900000e-02
9.0610000000e+03 9.5744800000e-02
9.0620000000e+03 9.5690700000e-02
9.0624873050e+03 9.5659900000e-02
9.0630000000e+03 9.5630900000e-02
9.0640000000e+03 9.5583300000e-02
9.0650000000e+03 9.5526700000e-02
9.0660000000e+03 9.5470000000e-02
9.0670000000e+03 9.5422200000e-02
9.0680000000e+03 9.5365300000e-02
9.0690000000e+03 9.5317400000e-02
9.0700000000e+03 9.5260400000e-02
9.0710000000e+03 9.5203500000e-02
9.0720000000e+03 9.5155500000e-02
9.0724892580e+03 9.5127500000e-02
9.0730000000e+03 9.5096100000e-02
9.0740000000e+03 9.5034600000e-02
9.0750000000e+03 9.4981900000e-02
9.0760000000e+03 9.4920200000e-02
9.0770000000e+03 9.4867400000e-02
9.0780000000e+03 9.4805600000e-02
9.0790000000e+03 9.4743700000e-02
9.0800000000e+03 9.4690700000e-02
9.0810000000e+03 9.4628800000e-02
9.0820000000e+03 9.4566800000e-02
9.0824921880e+03 9.4540700000e-02
9.0830000000e+03 9.4513500000e-02
9.0840000000e+03 9.4451100000e-02
9.0850000000e+03 9.4397600000e-02
9.0860000000e+03 9.4335000000e-02
9.0870000000e+03 9.4272400000e-02
9.0880000000e+03 9.4218700000e-02
9.0890000000e+03 9.4155900000e-02
9.0900000000e+03 9.4102000000e-02
9.0910000000e+03 9.4039300000e-02
9.0920000000e+03 9.3976500000e-02
9.0924951170e+03 9.3949800000e-02
9.0930000000e+03 9.3927600000e-02
9.0940000000e+03 9.3874800000e-02
9.0950000000e+03 9.3822000000e-02
9.0960000000e+03 9.3777900000e-02
9.0970000000e+03 9.3724800000e-02
9.0980000000e+03 9.3680500000e-02
9.0990000000e+03 9.3627400000e-02
9.1000000000e+03 9.3574100000e-02
9.1010000000e+03 9.3529600000e-02
9.1020000000e+03 9.3476300000e-02
9.1024980470e+03 9.3449700000e-02
9.1030000000e+03 9.3415900000e-02
9.1040000000e+03 9.3357400000e-02
9.1050000000e+03 9.3290100000e-02
9.1060000000e+03 9.3231400000e-02
9.1070000000e+03 9.3163900000e-02
9.1080000000e+03 9.3096400000e-02
9.1090000000e+03 9.3037500000e-02
9.1100000000e+03 9.2969900000e-02
9.1110000000e+03 9.2902300000e-02
9.1120000000e+03 9.2843400000e-02
9.1125000000e+03 9.2809500000e-02
9.1130000000e+03 9.2780400000e-02
9.1140000000e+03 9.2730700000e-02
9.1150000000e+03 9.2672300000e-02
9.1160000000e+03 9.2613700000e-02
9.1170000000e+03 9.2563900000e-02
9.1180000000e+03 9.2505200000e-02
9.1190000000e+03 9.2446400000e-02
9.1200000000e+03 9.2396300000e-02
9.1210000000e+03 9.2337500000e-02
9.1220000000e+03 9.2287300000e-02
9.1225029300e+03 9.2257600000e-02
9.1230000000e+03 9.2226500000e-02
9.1240000000e+03 9.2163900000e-02
9.1250000000e+03 9.2109900000e-02
9.1260000000e+03 9.2047100000e-02
9.1270000000e+03 9.1984200000e-02
9.1280000000e+03 9.1930000000e-02
9.1290000000e+03 9.1867000000e-02
9.1300000000e+03 9.1803900000e-02
9.1310000000e+03 9.1749500000e-02
9.1320000000e+03 9.1686400000e-02
9.1325058590e+03 9.1658900000e-02
9.1330000000e+03 9.1632500000e-02
9.1340000000e+03 9.1570500000e-02
9.1350000000e+03 9.1508300000e-02
9.1360000000e+03 9.1454800000e-02
9.1370000000e+03 9.1392500000e-02
9.1380000000e+03 9.1330100000e-02
9.1390000000e+03 9.1276300000e-02
9.1400000000e+03 9.1213800000e-02
9.1410000000e+03 9.1160000000e-02
9.1420000000e+03 9.1097400000e-02
9.1425087890e+03 9.1065600000e-02
9.1430000000e+03 9.1032600000e-02
9.1440000000e+03 9.0974000000e-02
9.1450000000e+03 9.0906700000e-02
9.1460000000e+03 9.0839400000e-02
9.1470000000e+03 9.0780500000e-02
9.1480000000e+03 9.0713000000e-02
9.1490000000e+03 9.0654100000e-02
9.1500000000e+03 9.0586400000e-02
9.1510000000e+03 9.0518800000e-02
9.1520000000e+03 9.0459700000e-02
9.1525107420e+03 9.0425200000e-02
9.1530000000e+03 9.0390900000e-02
9.1540000000e+03 9.0320800000e-02
9.1550000000e+03 9.0259200000e-02
9.1560000000e+03 9.0189000000e-02
9.1570000000e+03 9.0118700000e-02
9.1580000000e+03 9.0056900000e-02
9.1590000000e+03 8.9986500000e-02
9.1600000000e+03 8.9924600000e-02
9.1610000000e+03 8.9854100000e-02
9.1620000000e+03 8.9783600000e-02
9.1625136720e+03 8.9751700000e-02
9.1630000000e+03 8.9721700000e-02
9.1640000000e+03 8.9651500000e-02
9.1650000000e+03 8.9581200000e-02
9.1660000000e+03 8.9519300000e-02
9.1670000000e+03 8.9448800000e-02
9.1680000000e+03 8.9378300000e-02
9.1690000000e+03 8.9316200000e-02
9.1700000000e+03 8.9245500000e-02
9.1710000000e+03 8.9183400000e-02
9.1720000000e+03 8.9112700000e-02
9.1725166020e+03 8.9076200000e-02
9.1730000000e+03 8.9042600000e-02
9.1740000000e+03 8.8981500000e-02
9.1750000000e+03 8.8911900000e-02
9.1760000000e+03 8.8842200000e-02
9.1770000000e+03 8.8780900000e-02
9.1780000000e+03 8.8711100000e-02
9.1790000000e+03 8.8641200000e-02
9.1800000000e+03 8.8579700000e-02
9.1810000000e+03 8.8509700000e-02
9.1820000000e+03 8.8448100000e-02
9.1825195310e+03 8.8411700000e-02
9.1830000000e+03 8.8374800000e-02
9.1840000000e+03 8.8297800000e-02
9.1850000000e+03 8.8229200000e-02
9.1860000000e+03 8.8152100000e-02
9.1870000000e+03 8.8075000000e-02
9.1880000000e+03 8.8006200000e-02
9.1890000000e+03 8.7929000000e-02
9.1900000000e+03 8.7851700000e-02
9.1910000000e+03 8.7782800000e-02
9.1920000000e+03 8.7705500000e-02
9.1925224610e+03 8.7669400000e-02
9.1930000000e+03 8.7635600000e-02
9.1940000000e+03 8.7556500000e-02
9.1950000000e+03 8.7477400000e-02
9.1960000000e+03 8.7406400000e-02
9.1970000000e+03 8.7327200000e-02
9.1980000000e+03 8.7247900000e-02
9.1990000000e+03 8.7176800000e-02
9.2000000000e+03 8.7097400000e-02
9.2010000000e+03 8.7012400000e-02
9.2020000000e+03 8.6935600000e-02
9.2025244140e+03 8.6891000000e-02
9.2030000000e+03 8.6852400000e-02
9.2040000000e+03 8.6771300000e-02
9.2050000000e+03 8.6698400000e-02
9.2060000000e+03 8.6617200000e-02
9.2070000000e+03 8.6544100000e-02
9.2080000000e+03 8.6462800000e-02
9.2090000000e+03 8.6381500000e-02
9.2100000000e+03 8.6308300000e-02
9.2110000000e+03 8.6226900000e-02
9.2120000000e+03 8.6145500000e-02
9.2125273440e+03 8.6106800000e-02
9.2130000000e+03 8.6067500000e-02
9.2140000000e+03 8.5976100000e-02
9.2150000000e+03 8.5884700000e-02
9.2160000000e+03 8.5801500000e-02
9.2170000000e+03 8.5710000000e-02
9.2180000000e+03 8.5618500000e-02
9.2190000000e+03 8.5535100000e-02
9.2200000000e+03 8.5443500000e-02
9.2210000000e+03 8.5360100000e-02
9.2220000000e+03 8.5268600000e-02
9.2225302730e+03 8.5220100000e-02
9.2230000000e+03 8.5174500000e-02
9.2240000000e+03 8.5085500000e-02
9.2250000000e+03 8.4988500000e-02
9.2260000000e+03 8.4891400000e-02
9.2270000000e+03 8.4802300000e-02
9.2280000000e+03 8.4705200000e-02
9.2290000000e+03 8.4608100000e-02
9.2300000000e+03 8.4519000000e-02
9.2310000000e+03 8.4425500000e-02
9.2320000000e+03 8.4332000000e-02
9.2325332030e+03 8.4286400000e-02
9.2330000000e+03 8.4248300000e-02
9.2340000000e+03 8.4158600000e-02
9.2350000000e+03 8.4076900000e-02
9.2360000000e+03 8.3987200000e-02
9.2370000000e+03 8.3897400000e-02
9.2380000000e+03 8.3815500000e-02
9.2390000000e+03 8.3725700000e-02
9.2400000000e+03 8.3635800000e-02
9.2410000000e+03 8.3553800000e-02
9.2420000000e+03 8.3463900000e-02
9.2425351560e+03 8.3415800000e-02
9.2430000000e+03 8.3372800000e-02
9.2440000000e+03 8.3288200000e-02
9.2450000000e+03 8.3195600000e-02
9.2460000000e+03 8.3103100000e-02
9.2470000000e+03 8.3018300000e-02
9.2480000000e+03 8.2925700000e-02
9.2490000000e+03 8.2833000000e-02
9.2500000000e+03 8.2748200000e-02
9.2510000000e+03 8.2655500000e-02
9.2520000000e+03 8.2570600000e-02
9.2525380860e+03 8.2520700000e-02
9.2530000000e+03 8.2476200000e-02
9.2540000000e+03 8.2379700000e-02
9.2550000000e+03 8.2291100000e-02
9.2560000000e+03 8.2194600000e-02
9.2570000000e+03 8.2098100000e-02
9.2580000000e+03 8.2009400000e-02
9.2590000000e+03 8.1912800000e-02
9.2600000000e+03 8.1816200000e-02
9.2610000000e+03 8.1727400000e-02
9.2620000000e+03 8.1630800000e-02
9.2625410160e+03 8.1578600000e-02
9.2630000000e+03 8.1533000000e-02
9.2640000000e+03 8.1441500000e-02
9.2650000000e+03 8.1342200000e-02
9.2660000000e+03 8.1242900000e-02
9.2670000000e+03 8.1151300000e-02
9.2680000000e+03 8.1052000000e-02
9.2690000000e+03 8.0952600000e-02
9.2700000000e+03 8.0861000000e-02
9.2710000000e+03 8.0761600000e-02
9.2720000000e+03 8.0662200000e-02
9.2725439450e+03 8.0612400000e-02
9.2730000000e+03 8.0572200000e-02
9.2740000000e+03 8.0476600000e-02
9.2750000000e+03 8.0388600000e-02
9.2760000000e+03 8.0292900000e-02
9.2770000000e+03 8.0197100000e-02
9.2780000000e+03 8.0109000000e-02
9.2790000000e+03 8.0013200000e-02
9.2800000000e+03 7.9917400000e-02
9.2810000000e+03 7.9829200000e-02
9.2820000000e+03 7.9733400000e-02
9.2825468750e+03 7.9681000000e-02
9.2830000000e+03 7.9635700000e-02
9.2840000000e+03 7.9543500000e-02
9.2850000000e+03 7.9443700000e-02
9.2860000000e+03 7.9343800000e-02
9.2870000000e+03 7.9251500000e-02
9.2880000000e+03 7.9151600000e-02
9.2890000000e+03 7.9051700000e-02
9.2900000000e+03 7.8959400000e-02
9.2910000000e+03 7.8859500000e-02
9.2920000000e+03 7.8759600000e-02
9.2925488280e+03 7.8708800000e-02
9.2930000000e+03 7.8669800000e-02
9.2940000000e+03 7.8575900000e-02
9.2950000000e+03 7.8482000000e-02
9.2960000000e+03 7.8395400000e-02
9.2970000000e+03 7.8301400000e-02
9.2980000000e+03 7.8207400000e-02
9.2990000000e+03 7.8120700000e-02
9.3000000000e+03 7.8026600000e-02
9.3010000000e+03 7.7932500000e-02
9.3020000000e+03 7.7845800000e-02
9.3025517580e+03 7.7793800000e-02
9.3030000000e+03 7.7751300000e-02
9.3040000000e+03 7.7656300000e-02
9.3050000000e+03 7.7568700000e-02
9.3060000000e+03 7.7473600000e-02
9.3070000000e+03 7.7385900000e-02
9.3080000000e+03 7.7290800000e-02
9.3090000000e+03 7.7195700000e-02
9.3100000000e+03 7.7107900000e-02
9.3110000000e+03 7.7012700000e-02
9.3120000000e+03 7.6917500000e-02
9.3125546880e+03 7.6868800000e-02
9.3130000000e+03 7.6830000000e-02
9.3140000000e+03 7.6735400000e-02
9.3150000000e+03 7.6640900000e-02
9.3160000000e+03 7.6553600000e-02
9.3170000000e+03 7.6459000000e-02
9.3180000000e+03 7.6364400000e-02
9.3190000000e+03 7.6277000000e-02
9.3200000000e+03 7.6182300000e-02
9.3210000000e+03 7.6087600000e-02
9.3220000000e+03 7.6000100000e-02
9.3225576170e+03 7.5947200000e-02
9.3230000000e+03 7.5907100000e-02
9.3240000000e+03 7.5816400000e-02
9.3250000000e+03 7.5732800000e-02
9.3260000000e+03 7.5642000000e-02
9.3270000000e+03 7.5551100000e-02
9.3280000000e+03 7.5467500000e-02
9.3290000000e+03 7.5376500000e-02
9.3300000000e+03 7.5285600000e-02
9.3310000000e+03 7.5201800000e-02
9.3320000000e+03 7.5110700000e-02
9.3325595700e+03 7.5059800000e-02
9.3330000000e+03 7.5023300000e-02
9.3340000000e+03 7.4947500000e-02
9.3350000000e+03 7.4864400000e-02
9.3360000000e+03 7.4781400000e-02
9.3370000000e+03 7.4705400000e-02
9.3380000000e+03 7.4622200000e-02
9.3390000000e+03 7.4538900000e-02
9.3400000000e+03 7.4462700000e-02
9.3410000000e+03 7.4379400000e-02
9.3420000000e+03 7.4296000000e-02
9.3425625000e+03 7.4253000000e-02
9.3430000000e+03 7.4218700000e-02
9.3440000000e+03 7.4133200000e-02
9.3450000000e+03 7.4047600000e-02
9.3460000000e+03 7.3969000000e-02
9.3470000000e+03 7.3883300000e-02
9.3480000000e+03 7.3797500000e-02
9.3490000000e+03 7.3718800000e-02
9.3500000000e+03 7.3632900000e-02
9.3510000000e+03 7.3547000000e-02
9.3520000000e+03 7.3468100000e-02
9.3525654300e+03 7.3419400000e-02
9.3530000000e+03 7.3384000000e-02
9.3540000000e+03 7.3302400000e-02
9.3550000000e+03 7.3227700000e-02
9.3560000000e+03 7.3145900000e-02
9.3570000000e+03 7.3064100000e-02
9.3580000000e+03 7.2989200000e-02
9.3590000000e+03 7.2907200000e-02
9.3600000000e+03 7.2825200000e-02
9.3610000000e+03 7.2750100000e-02
9.3620000000e+03 7.2668000000e-02
9.3625683590e+03 7.2621300000e-02
9.3630000000e+03 7.2587500000e-02
9.3640000000e+03 7.2516100000e-02
9.3650000000e+03 7.2437700000e-02
9.3660000000e+03 7.2359300000e-02
9.3670000000e+03 7.2287600000e-02
9.3680000000e+03 7.2209000000e-02
9.3690000000e+03 7.2130300000e-02
9.3700000000e+03 7.2058400000e-02
9.3710000000e+03 7.1979600000e-02
9.3720000000e+03 7.1900700000e-02
9.3725703120e+03 7.1859600000e-02
9.3730000000e+03 7.1830500000e-02
9.3740000000e+03 7.1756000000e-02
9.3750000000e+03 7.1681300000e-02
9.3760000000e+03 7.1613500000e-02
9.3770000000e+03 7.1538700000e-02
9.3780000000e+03 7.1463800000e-02
9.3790000000e+03 7.1395600000e-02
9.3800000000e+03 7.1320600000e-02
9.3810000000e+03 7.1245400000e-02
9.3820000000e+03 7.1177100000e-02
9.3825732420e+03 7.1133900000e-02
9.3830000000e+03 7.1101500000e-02
9.3840000000e+03 7.1025400000e-02
9.3850000000e+03 7.0956000000e-02
9.3860000000e+03 7.0879800000e-02
9.3870000000e+03 7.0803400000e-02
9.3880000000e+03 7.0733800000e-02
9.3890000000e+03 7.0657300000e-02
9.3900000000e+03 7.0580700000e-02
9.3910000000e+03 7.0510800000e-02
9.3920000000e+03 7.0434100000e-02
9.3925761720e+03 7.0389800000e-02
9.3930000000e+03 7.0357300000e-02
9.3940000000e+03 7.0287100000e-02
9.3950000000e+03 7.0210100000e-02
9.3960000000e+03 7.0133000000e-02
9.3970000000e+03 7.0062500000e-02
9.3980000000e+03 6.9985200000e-02
9.3990000000e+03 6.9907900000e-02
9.4000000000e+03 6.9837100000e-02
9.4010000000e+03 6.9752300000e-02
9.4020000000e+03 6.9667400000e-02
9.4025791020e+03 6.9622100000e-02
9.4030000000e+03 6.9589300000e-02
9.4040000000e+03 6.9504700000e-02
9.4050000000e+03 6.9420100000e-02
9.4060000000e+03 6.9335400000e-02
9.4070000000e+03 6.9257200000e-02
9.4080000000e+03 6.9172400000e-02
9.4090000000e+03 6.9087500000e-02
9.4100000000e+03 6.9009100000e-02
9.4110000000e+03 6.8924000000e-02
9.4120000000e+03 6.8838900000e-02
9.4125820310e+03 6.8793200000e-02
9.4130000000e+03 6.8758500000e-02
9.4140000000e+03 6.8669000000e-02
9.4150000000e+03 6.8579400000e-02
9.4160000000e+03 6.8496400000e-02
9.4170000000e+03 6.8406700000e-02
9.4180000000e+03 6.8317000000e-02
9.4190000000e+03 6.8233700000e-02
9.4200000000e+03 6.8143900000e-02
9.4210000000e+03 6.8054000000e-02
9.4220000000e+03 6.7970600000e-02
9.4225839840e+03 6.7918000000e-02
9.4230000000e+03 6.7877700000e-02
9.4240000000e+03 6.7780600000e-02
9.4250000000e+03 6.7690100000e-02
9.4260000000e+03 6.7593000000e-02
9.4270000000e+03 6.7495800000e-02
9.4280000000e+03 6.7405100000e-02
9.4290000000e+03 6.7307900000e-02
9.4300000000e+03 6.7210700000e-02
9.4310000000e+03 6.7124300000e-02
9.4320000000e+03 6.7031400000e-02
9.4325869140e+03 6.6976800000e-02
9.4330000000e+03 6.6935100000e-02
9.4340000000e+03 6.6834000000e-02
9.4350000000e+03 6.6739400000e-02
9.4360000000e+03 6.6638200000e-02
9.4370000000e+03 6.6537100000e-02
9.4380000000e+03 6.6442300000e-02
9.4390000000e+03 6.6341100000e-02
9.4400000000e+03 6.6239900000e-02
9.4410000000e+03 6.6145100000e-02
9.4420000000e+03 6.6043800000e-02
9.4425898440e+03 6.5984000000e-02
9.4430000000e+03 6.5939300000e-02
9.4440000000e+03 6.5836500000e-02
9.4450000000e+03 6.5727300000e-02
9.4460000000e+03 6.5618200000e-02
9.4470000000e+03 6.5515300000e-02
9.4480000000e+03 6.5406200000e-02
9.4490000000e+03 6.5297000000e-02
9.4500000000e+03 6.5194100000e-02
9.4510000000e+03 6.5084900000e-02
9.4520000000e+03 6.4975700000e-02
9.4525927730e+03 6.4914700000e-02
9.4530000000e+03 6.4869500000e-02
9.4540000000e+03 6.4752200000e-02
9.4550000000e+03 6.4634900000e-02
9.4560000000e+03 6.4517700000e-02
9.4570000000e+03 6.4406600000e-02
9.4580000000e+03 6.4289400000e-02
9.4590000000e+03 6.4172200000e-02
9.4600000000e+03 6.4061200000e-02
9.4610000000e+03 6.3944100000e-02
9.4620000000e+03 6.3826900000e-02
9.4625947270e+03 6.3760900000e-02
9.4630000000e+03 6.3712900000e-02
9.4640000000e+03 6.3588500000e-02
9.4650000000e+03 6.3464100000e-02
9.4660000000e+03 6.3345800000e-02
9.4670000000e+03 6.3221500000e-02
9.4680000000e+03 6.3097200000e-02
9.4690000000e+03 6.2979100000e-02
9.4700000000e+03 6.2854900000e-02
9.4710000000e+03 6.2730700000e-02
9.4720000000e+03 6.2612600000e-02
9.4725976560e+03 6.2538500000e-02
9.4730000000e+03 6.2484900000e-02
9.4740000000e+03 6.2351900000e-02
9.4750000000e+03 6.2219000000e-02
9.4760000000e+03 6.2092200000e-02
9.4770000000e+03 6.1959400000e-02
9.4780000000e+03 6.1826700000e-02
9.4790000000e+03 6.1700000000e-02
9.4800000000e+03 6.1567400000e-02
9.4810000000e+03 6.1434900000e-02
9.4820000000e+03 6.1308300000e-02
9.4826005860e+03 6.1228800000e-02
9.4830000000e+03 6.1173000000e-02
9.4840000000e+03 6.1033400000e-02
9.4850000000e+03 6.0899700000e-02
9.4860000000e+03 6.0760200000e-02
9.4870000000e+03 6.0620900000e-02
9.4880000000e+03 6.0487400000e-02
9.4890000000e+03 6.0348200000e-02
9.4900000000e+03 6.0209100000e-02
9.4910000000e+03 6.0070100000e-02
9.4920000000e+03 5.9937000000e-02
9.4926035160e+03 5.9853200000e-02
9.4930000000e+03 5.9796300000e-02
9.4940000000e+03 5.9652800000e-02
9.4950000000e+03 5.9515200000e-02
9.4960000000e+03 5.9372000000e-02
9.4970000000e+03 5.9228800000e-02
9.4980000000e+03 5.9091500000e-02
9.4990000000e+03 5.8948600000e-02
9.5000000000e+03 5.8805700000e-02
9.5010000000e+03 5.8705300000e-02
9.5020000000e+03 5.8599300000e-02
9.5026064450e+03 5.8535000000e-02
9.5030000000e+03 5.8491000000e-02
9.5040000000e+03 5.8379200000e-02
9.5050000000e+03 5.8273200000e-02
9.5060000000e+03 5.8161600000e-02
9.5070000000e+03 5.8050100000e-02
9.5080000000e+03 5.7944200000e-02
9.5090000000e+03 5.7832800000e-02
9.5100000000e+03 5.7721500000e-02
9.5110000000e+03 5.7615900000e-02
9.5120000000e+03 5.7504700000e-02
9.5126083980e+03 5.7437100000e-02
9.5130000000e+03 5.7390500000e-02
9.5140000000e+03 5.7277100000e-02
9.5150000000e+03 5.7158300000e-02
9.5160000000e+03 5.7039600000e-02
9.5170000000e+03 5.6921000000e-02
9.5180000000e+03 5.6807900000e-02
9.5190000000e+03 5.6689500000e-02
9.5200000000e+03 5.6571100000e-02
9.5210000000e+03 5.6458300000e-02
9.5220000000e+03 5.6340100000e-02
9.5226113280e+03 5.6267900000e-02
9.5230000000e+03 5.6219800000e-02
9.5240000000e+03 5.6101300000e-02
9.5250000000e+03 5.5977600000e-02
9.5260000000e+03 5.5853900000e-02
9.5270000000e+03 5.5735800000e-02
9.5280000000e+03 5.5612300000e-02
9.5290000000e+03 5.5489000000e-02
9.5300000000e+03 5.5365700000e-02
9.5310000000e+03 5.5247900000e-02
9.5320000000e+03 5.5124900000e-02
9.5326142580e+03 5.5049300000e-02
9.5330000000e+03 5.4991500000e-02
9.5340000000e+03 5.4847100000e-02
9.5350000000e+03 5.4697600000e-02
9.5360000000e+03 5.4548200000e-02
9.5370000000e+03 5.4404200000e-02
9.5380000000e+03 5.4255200000e-02
9.5390000000e+03 5.4106200000e-02
9.5400000000e+03 5.3957500000e-02
9.5410000000e+03 5.3814100000e-02
9.5420000000e+03 5.3665700000e-02
9.5426171880e+03 5.3574100000e-02
9.5430000000e+03 5.3501900000e-02
9.5440000000e+03 5.3318500000e-02
9.5450000000e+03 5.3130200000e-02
9.5460000000e+03 5.2942200000e-02
9.5470000000e+03 5.2759500000e-02
9.5480000000e+03 5.2572000000e-02
9.5490000000e+03 5.2384700000e-02
9.5500000000e+03 5.2197600000e-02
9.5510000000e+03 5.2015800000e-02
9.5520000000e+03 5.1829200000e-02
9.5526191410e+03 5.1713800000e-02
9.5530000000e+03 5.1623400000e-02
9.5540000000e+03 5.1391100000e-02
9.5550000000e+03 5.1154200000e-02
9.5560000000e+03 5.0917600000e-02
9.5570000000e+03 5.0686300000e-02
9.5580000000e+03 5.0450400000e-02
9.5590000000e+03 5.0214900000e-02
9.5600000000e+03 4.9979800000e-02
9.5610000000e+03 4.9749800000e-02
9.5620000000e+03 4.9515300000e-02
9.5626220700e+03 4.9369700000e-02
9.5630000000e+03 4.9244600000e-02
9.5640000000e+03 4.8918600000e-02
9.5650000000e+03 4.8588500000e-02
9.5660000000e+03 4.8259000000e-02
9.5670000000e+03 4.7934600000e-02
9.5680000000e+03 4.7606200000e-02
9.5690000000e+03 4.7278300000e-02
9.5700000000e+03 4.6951100000e-02
9.5710000000e+03 4.6628800000e-02
9.5720000000e+03 4.6302600000e-02
9.5726250000e+03 4.6099100000e-02
9.5730000000e+03 4.5929300000e-02
9.5740000000e+03 4.5481700000e-02
9.5750000000e+03 4.5030500000e-02
9.5760000000e+03 4.4580100000e-02
9.5770000000e+03 4.4134900000e-02
9.5780000000e+03 4.3686200000e-02
9.5790000000e+03 4.3238400000e-02
9.5800000000e+03 4.2791400000e-02
9.5810000000e+03 4.2349400000e-02
9.5820000000e+03 4.1904100000e-02
9.5826279300e+03 4.1624900000e-02
9.5830000000e+03 4.1432100000e-02
9.5840000000e+03 4.0918600000e-02
9.5850000000e+03 4.0402100000e-02
9.5860000000e+03 3.9886700000e-02
9.5870000000e+03 3.9372300000e-02
9.5880000000e+03 3.8862700000e-02
9.5890000000e+03 3.8350300000e-02
9.5900000000e+03 3.7838900000e-02
9.5910000000e+03 3.7332100000e-02
9.5920000000e+03 3.6822700000e-02
9.5926308590e+03 3.6501900000e-02
9.5930000000e+03 3.6281200000e-02
9.5940000000e+03 3.5687500000e-02
9.5950000000e+03 3.5091600000e-02
9.5960000000e+03 3.4496900000e-02
9.5970000000e+03 3.3903500000e-02
9.5980000000e+03 3.3314500000e-02
9.5990000000e+03 3.2723500000e-02
9.6000000000e+03 3.2133700000e-02
9.6010000000e+03 3.1547000000e-02
9.6020000000e+03 3.0958600000e-02
9.6026328120e+03 3.0586800000e-02
9.6030000000e+03 3.0350900000e-02
9.6040000000e+03 2.9709400000e-02
9.6050000000e+03 2.9072200000e-02
9.6060000000e+03 2.8433500000e-02
9.6070000000e+03 2.7796300000e-02
9.6080000000e+03 2.7163100000e-02
9.6090000000e+03 2.6528600000e-02
9.6100000000e+03 2.5895500000e-02
9.6110000000e+03 2.5263900000e-02
9.6120000000e+03 2.4636000000e-02
9.6126357420e+03 2.4236100000e-02
9.6130000000e+03 2.4031500000e-02
9.6140000000e+03 2.3470600000e-02
9.6150000000e+03 2.2913200000e-02
9.6160000000e+03 2.2354800000e-02
9.6170000000e+03 2.1797700000e-02
9.6180000000e+03 2.1241900000e-02
9.6190000000e+03 2.0689300000e-02
9.6200000000e+03 2.0135900000e-02
9.6210000000e+03 1.9583800000e-02
9.6220000000e+03 1.9034900000e-02
9.6226386720e+03 1.8683700000e-02
9.6230000000e+03 1.8509000000e-02
9.6240000000e+03 1.8026300000e-02
9.6250000000e+03 1.7546400000e-02
9.6260000000e+03 1.7065800000e-02
9.6270000000e+03 1.6586400000e-02
9.6280000000e+03 1.6108100000e-02
9.6290000000e+03 1.5632400000e-02
9.6300000000e+03 1.5156300000e-02
9.6310000000e+03 1.4681200000e-02
9.6320000000e+03 1.4208700000e-02
9.6326416020e+03 1.3905200000e-02
9.6330000000e+03 1.3761100000e-02
9.6340000000e+03 1.3359600000e-02
9.6350000000e+03 1.2959100000e-02
9.6360000000e+03 1.2560800000e-02
9.6370000000e+03 1.2162200000e-02
9.6380000000e+03 1.1764500000e-02
9.6390000000e+03 1.1368900000e-02
9.6400000000e+03 1.0973100000e-02
9.6410000000e+03 1.0578200000e-02
9.6420000000e+03 1.0184300000e-02
9.6426435550e+03 9.9319500000e-03
9.6430000000e+03 9.8308700000e-03
9.6440000000e+03 9.5467900000e-03
9.6450000000e+03 9.2634000000e-03
9.6460000000e+03 8.9815700000e-03
9.6470000000e+03 8.6995300000e-03
9.6480000000e+03 8.4181700000e-03
9.6490000000e+03 8.1374900000e-03
9.6500000000e+03 7.8582700000e-03
9.6510000000e+03 7.5789400000e-03
9.6520000000e+03 7.3002900000e-03
9.6526464840e+03 7.1209700000e-03
9.6530000000e+03 7.0481800000e-03
9.6540000000e+03 6.8419300000e-03
9.6550000000e+03 6.6361800000e-03
9.6560000000e+03 6.4309400000e-03
9.6570000000e+03 6.2268200000e-03
9.6580000000e+03 6.0225700000e-03
9.6590000000e+03 5.8188300000e-03
9.6600000000e+03 5.6156000000e-03
9.6610000000e+03 5.4134000000e-03
9.6620000000e+03 5.2111500000e-03
9.6626494140e+03 5.0800800000e-03
9.6630000000e+03 5.0257100000e-03
9.6640000000e+03 4.8713400000e-03
9.6650000000e+03 4.7168800000e-03
9.6660000000e+03 4.5628000000e-03
9.6670000000e+03 4.4091000000e-03
9.6680000000e+03 4.2562100000e-03
9.6690000000e+03 4.1032800000e-03
9.6700000000e+03 3.9507300000e-03
9.6710000000e+03 3.7989400000e-03
9.6720000000e+03 3.6471600000e-03
9.6726523440e+03 3.5483500000e-03
9.6730000000e+03 3.5124400000e-03
9.6740000000e+03 3.4093200000e-03
9.6750000000e+03 3.3067900000e-03
9.6760000000e+03 3.2041900000e-03
9.6770000000e+03 3.1018500000e-03
9.6780000000e+03 3.0000700000e-03
9.6790000000e+03 2.8982400000e-03
9.6800000000e+03 2.7966700000e-03
9.6810000000e+03 2.6953700000e-03
9.6820000000e+03 2.5945800000e-03
9.6826552730e+03 2.5285100000e-03
9.6830000000e+03 2.5041000000e-03
9.6840000000e+03 2.4334400000e-03
9.6850000000e+03 2.3629700000e-03
9.6860000000e+03 2.2929000000e-03
9.6870000000e+03 2.2227700000e-03
9.6880000000e+03 2.1528300000e-03
9.6890000000e+03 2.0832800000e-03
9.6900000000e+03 2.0137000000e-03
9.6910000000e+03 1.9443000000e-03
9.6920000000e+03 1.8750800000e-03
9.6926572270e+03 1.8298000000e-03
9.6930000000e+03 1.8119200000e-03
9.6940000000e+03 1.7596500000e-03
9.6950000000e+03 1.7075300000e-03
9.6960000000e+03 1.6557000000e-03
9.6970000000e+03 1.6038400000e-03
9.6980000000e+03 1.5521200000e-03
9.6990000000e+03 1.5005300000e-03
9.7000000000e+03 1.4492300000e-03
9.7010000000e+03 1.3979100000e-03
9.7020000000e+03 1.3467300000e-03
9.7026601560e+03 1.3130200000e-03
9.7030000000e+03 1.3004100000e-03
9.7040000000e+03 1.2634800000e-03
9.7050000000e+03 1.2265200000e-03
9.7060000000e+03 1.1896700000e-03
9.7070000000e+03 1.1530200000e-03
9.7080000000e+03 1.1163600000e-03
9.7090000000e+03 1.0797900000e-03
9.7100000000e+03 1.0433300000e-03
9.7110000000e+03 1.0070600000e-03
9.7120000000e+03 9.7078500000e-04
9.7126630860e+03 9.4678700000e-04
9.7130000000e+03 9.3829200000e-04
9.7140000000e+03 9.1312400000e-04
9.7150000000e+03 8.8811000000e-04
9.7160000000e+03 8.6307500000e-04
9.7170000000e+03 8.3810700000e-04
9.7180000000e+03 8.1328800000e-04
9.7190000000e+03 7.8845400000e-04
9.7200000000e+03 7.6368800000e-04
9.7210000000e+03 7.3899000000e-04
9.7220000000e+03 7.1443000000e-04
9.7226660160e+03 6.9806200000e-04
9.7230000000e+03 6.9208200000e-04
9.7240000000e+03 6.7421200000e-04
9.7250000000e+03 6.5639100000e-04
9.7260000000e+03 6.3868200000e-04
9.7270000000e+03 6.2095700000e-04
9.7280000000e+03 6.0328100000e-04
9.7290000000e+03 5.8571200000e-04
9.7300000000e+03 5.6813300000e-04
9.7310000000e+03 5.5060200000e-04
9.7320000000e+03 5.3312000000e-04
9.7326679690e+03 5.2150400000e-04
9.7330000000e+03 5.1692100000e-04
9.7340000000e+03 5.0309000000e-04
9.7350000000e+03 4.8929900000e-04
9.7360000000e+03 4.7554600000e-04
9.7370000000e+03 4.6187700000e-04
9.7380000000e+03 4.4820000000e-04
9.7390000000e+03 4.3456200000e-04
9.7400000000e+03 4.2096300000e-04
9.7410000000e+03 4.0744100000e-04
9.7420000000e+03 3.9391800000e-04
9.7426708980e+03 3.8486600000e-04
9.7430000000e+03 3.8189700000e-04
9.7440000000e+03 3.7292600000e-04
9.7450000000e+03 3.6394300000e-04
9.7460000000e+03 3.5498500000e-04
9.7470000000e+03 3.4605300000e-04
9.7480000000e+03 3.3718000000e-04
9.7490000000e+03 3.2829800000e-04
9.7500000000e+03 3.1944100000e-04
9.7510000000e+03 3.1061000000e-04
9.7520000000e+03 3.0183300000e-04
9.7526738280e+03 2.9591300000e-04
9.7530000000e+03 2.9369100000e-04
9.7540000000e+03 2.8688900000e-04
9.7550000000e+03 2.8010700000e-04
9.7560000000e+03 2.7337100000e-04
9.7570000000e+03 2.6662700000e-04
9.7580000000e+03 2.5990300000e-04
9.7590000000e+03 2.5322300000e-04
9.7600000000e+03 2.4653700000e-04
9.7610000000e+03 2.3987000000e-04
9.7620000000e+03 2.3322300000e-04
9.7626767580e+03 2.2875100000e-04
9.7630000000e+03 2.2687000000e-04
9.7640000000e+03 2.2103800000e-04
9.7650000000e+03 2.1522400000e-04
9.7660000000e+03 2.0942700000e-04
9.7670000000e+03 2.0366700000e-04
9.7680000000e+03 1.9790400000e-04
9.7690000000e+03 1.9215800000e-04
9.7700000000e+03 1.8642900000e-04
9.7710000000e+03 1.8073400000e-04
9.7720000000e+03 1.7503900000e-04
9.7726796880e+03 1.7117800000e-04
9.7730000000e+03 1.7014000000e-04
9.7740000000e+03 1.6692000000e-04
9.7750000000e+03 1.6369400000e-04
9.7760000000e+03 1.6047600000e-04
9.7770000000e+03 1.5726900000e-04
9.7780000000e+03 1.5408600000e-04
9.7790000000e+03 1.5089600000e-04
9.7800000000e+03 1.4771700000e-04
9.7810000000e+03 1.4454600000e-04
9.7820000000e+03 1.4140000000e-04
9.7826816410e+03 1.3925000000e-04
9.7830000000e+03 1.3846400000e-04
9.7840000000e+03 1.3600000000e-04
9.7850000000e+03 1.3354300000e-04
9.7860000000e+03 1.3110600000e-04
9.7870000000e+03 1.2866300000e-04
9.7880000000e+03 1.2622800000e-04
9.7890000000e+03 1.2380000000e-04
9.7900000000e+03 1.2139100000e-04
9.7910000000e+03 1.1897700000e-04
9.7920000000e+03 1.1657000000e-04
9.7926845700e+03 1.1492700000e-04
9.7930000000e+03 1.1393100000e-04
9.7940000000e+03 1.1079200000e-04
9.7950000000e+03 1.0765100000e-04
9.7960000000e+03 1.0452100000e-04
9.7970000000e+03 1.0140000000e-04
9.7980000000e+03 9.8298500000e-05
9.7990000000e+03 9.5197100000e-05
9.8000000000e+03 9.2105600000e-05
9.8010000000e+03 8.9027500000e-05
9.8020000000e+03 8.5950500000e-05
9.8026875000e+03 8.3841000000e-05
9.8030000000e+03 8.3423200000e-05
9.8040000000e+03 8.2088800000e-05
9.8050000000e+03 8.0766600000e-05
9.8060000000e+03 7.9440400000e-05
9.8070000000e+03 7.8118500000e-05
9.8080000000e+03 7.6800700000e-05
9.8090000000e+03 7.5494500000e-05
9.8100000000e+03 7.4184900000e-05
9.8110000000e+03 7.2879400000e-05
9.8120000000e+03 7.1578000000e-05
9.8126904300e+03 7.0686800000e-05
9.8130000000e+03 7.0479800000e-05
9.8140000000e+03 6.9805500000e-05
9.8150000000e+03 6.9133000000e-05
9.8160000000e+03 6.8462600000e-05
9.8170000000e+03 6.7800700000e-05
9.8180000000e+03 6.7134100000e-05
9.8190000000e+03 6.6469400000e-05
9.8200000000e+03 6.5806700000e-05
9.8210000000e+03 6.5152300000e-05
9.8220000000e+03 6.4493300000e-05
9.8226923830e+03 6.4038200000e-05
9.8230000000e+03 6.3395300000e-05
9.8240000000e+03 6.1309900000e-05
9.8250000000e+03 5.9237600000e-05
9.8260000000e+03 5.7166500000e-05
9.8270000000e+03 5.5102700000e-05
9.8280000000e+03 5.3046000000e-05
9.8290000000e+03 5.1001700000e-05
9.8300000000e+03 4.8959300000e-05
9.8310000000e+03 4.6925900000e-05
