# photband: HST_ACS_WFC_F814W
# source: SVO Filter Profile Service
# svo_id: HST/ACS_WFC.F814W
# detector_type: 1
# response_type: photon
# components: Filter + CCD + Instrument
# profile_reference: https://stsynphot.readthedocs.io/en/latest/stsynphot/appendixb.html
# wavelength_unit: Angstrom
# columns: wavelength transmission
6.7375000000e+03 9.9853100000e-05
6.7380000000e+03 1.1407900000e-04
6.7385000000e+03 1.2830400000e-04
6.7390000000e+03 1.4252900000e-04
6.7395000000e+03 1.5675300000e-04
6.7400000000e+03 1.7097600000e-04
6.7405000000e+03 1.8520300000e-04
6.7410000000e+03 1.9943000000e-04
6.7415000000e+03 2.1365700000e-04
6.7420000000e+03 2.2788400000e-04
6.7425000000e+03 2.4211000000e-04
6.7430000000e+03 2.5633700000e-04
6.7435000000e+03 2.7056400000e-04
6.7440000000e+03 2.8479200000e-04
6.7445000000e+03 2.9901800000e-04
6.7450000000e+03 3.1324500000e-04
6.7455000000e+03 3.2747100000e-04
6.7460000000e+03 3.4169800000e-04
6.7465000000e+03 3.5592500000e-04
6.7470000000e+03 3.7015100000e-04
6.7475000000e+03 3.8437800000e-04
6.7480000000e+03 3.9860600000e-04
6.7485000000e+03 4.1283200000e-04
6.7490000000e+03 4.2705800000e-04
6.7495000000e+03 4.4128400000e-04
6.7500000000e+03 4.5551100000e-04
6.7505000000e+03 4.6976000000e-04
6.7510000000e+03 4.8401100000e-04
6.7515000000e+03 4.9826300000e-04
6.7520000000e+03 5.1251600000e-04
6.7525000000e+03 5.2677000000e-04
6.7530000000e+03 5.4102500000e-04
6.7535000000e+03 5.5528300000e-04
6.7540000000e+03 5.6954200000e-04
6.7545000000e+03 5.8380100000e-04
6.7550000000e+03 5.9806100000e-04
6.7555000000e+03 6.1232400000e-04
6.7560000000e+03 6.2658800000e-04
6.7565000000e+03 6.4085300000e-04
6.7570000000e+03 6.5511900000e-04
6.7575000000e+03 6.6938700000e-04
6.7580000000e+03 6.8365700000e-04
6.7585000000e+03 6.9792700000e-04
6.7590000000e+03 7.1219900000e-04
6.7595000000e+03 7.2647200000e-04
6.7600000000e+03 7.4074600000e-04
6.7605000000e+03 7.5494300000e-04
6.7610000000e+03 7.6913800000e-04
6.7615000000e+03 7.8333000000e-04
6.7620000000e+03 7.9751900000e-04
6.7625000000e+03 8.1170900000e-04
6.7630000000e+03 8.2589600000e-04
6.7635000000e+03 8.4008200000e-04
6.7640000000e+03 8.5426600000e-04
6.7645000000e+03 8.6844800000e-04
6.7650000000e+03 8.8262800000e-04
6.7655000000e+03 8.9680800000e-04
6.7660000000e+03 9.1098500000e-04
6.7665000000e+03 9.2516100000e-04
6.7670000000e+03 9.3933500000e-04
6.7675000000e+03 9.5350700000e-04
6.7680000000e+03 9.6767700000e-04
6.7685000000e+03 9.8184500000e-04
6.7690000000e+03 9.9601200000e-04
6.7695000000e+03 1.0101800000e-03
6.7700000000e+03 1.0243400000e-03
6.7705000000e+03 1.0385800000e-03
6.7710000000e+03 1.0528300000e-03
6.7715000000e+03 1.0670700000e-03
6.7720000000e+03 1.0813200000e-03
6.7725000000e+03 1.0955700000e-03
6.7730000000e+03 1.1098100000e-03
6.7735000000e+03 1.1240600000e-03
6.7740000000e+03 1.1383000000e-03
6.7745000000e+03 1.1525500000e-03
6.7750000000e+03 1.1668000000e-03
6.7755000000e+03 1.1810500000e-03
6.7760000000e+03 1.1953000000e-03
6.7765000000e+03 1.2095500000e-03
6.7770000000e+03 1.2238000000e-03
6.7775000000e+03 1.2380500000e-03
6.7780000000e+03 1.2523000000e-03
6.7785000000e+03 1.2665500000e-03
6.7790000000e+03 1.2808100000e-03
6.7795000000e+03 1.2950600000e-03
6.7800000000e+03 1.3093100000e-03
6.7805000000e+03 1.3235600000e-03
6.7810000000e+03 1.3378100000e-03
6.7815000000e+03 1.3520500000e-03
6.7820000000e+03 1.3663000000e-03
6.7825000000e+03 1.3805500000e-03
6.7830000000e+03 1.3947900000e-03
6.7835000000e+03 1.4090400000e-03
6.7840000000e+03 1.4232900000e-03
6.7845000000e+03 1.4375400000e-03
6.7850000000e+03 1.4517900000e-03
6.7855000000e+03 1.4660400000e-03
6.7860000000e+03 1.4802900000e-03
6.7865000000e+03 1.4945400000e-03
6.7870000000e+03 1.5087900000e-03
6.7875000000e+03 1.5230400000e-03
6.7880000000e+03 1.5372900000e-03
6.7885000000e+03 1.5515400000e-03
6.7890000000e+03 1.5657900000e-03
6.7895000000e+03 1.5800400000e-03
6.7900000000e+03 1.5942900000e-03
6.7905000000e+03 1.6085100000e-03
6.7910000000e+03 1.6227200000e-03
6.7915000000e+03 1.6369300000e-03
6.7920000000e+03 1.6511300000e-03
6.7925000000e+03 1.6653400000e-03
6.7930000000e+03 1.6795500000e-03
6.7935000000e+03 1.6937600000e-03
6.7940000000e+03 1.7079600000e-03
6.7945000000e+03 1.7221700000e-03
6.7950000000e+03 1.7363800000e-03
6.7955000000e+03 1.7505800000e-03
6.7960000000e+03 1.7647900000e-03
6.7965000000e+03 1.7789900000e-03
6.7970000000e+03 1.7931900000e-03
6.7975000000e+03 1.8074000000e-03
6.7980000000e+03 1.8216000000e-03
6.7985000000e+03 1.8358100000e-03
6.7990000000e+03 1.8500100000e-03
6.7995000000e+03 1.8642100000e-03
6.8000000000e+03 1.8784100000e-03
6.8005000000e+03 1.8926100000e-03
6.8010000000e+03 1.9068000000e-03
6.8015000000e+03 1.9210000000e-03
6.8020000000e+03 1.9351900000e-03
6.8025000000e+03 1.9493800000e-03
6.8030000000e+03 1.9635700000e-03
6.8035000000e+03 1.9777700000e-03
6.8040000000e+03 1.9919600000e-03
6.8045000000e+03 2.0061500000e-03
6.8050000000e+03 2.0203400000e-03
6.8055000000e+03 2.0345300000e-03
6.8060000000e+03 2.0487200000e-03
6.8065000000e+03 2.0629100000e-03
6.8070000000e+03 2.0771000000e-03
6.8075000000e+03 2.0912800000e-03
6.8080000000e+03 2.1054700000e-03
6.8085000000e+03 2.1196600000e-03
6.8090000000e+03 2.1338400000e-03
6.8095000000e+03 2.1480300000e-03
6.8100000000e+03 2.1622200000e-03
6.8105000000e+03 2.1763700000e-03
6.8110000000e+03 2.1905200000e-03
6.8115000000e+03 2.2046600000e-03
6.8120000000e+03 2.2188100000e-03
6.8125000000e+03 2.2329600000e-03
6.8130000000e+03 2.2471000000e-03
6.8135000000e+03 2.2612500000e-03
6.8140000000e+03 2.2753900000e-03
6.8145000000e+03 2.2895300000e-03
6.8150000000e+03 2.3036700000e-03
6.8155000000e+03 2.3178100000e-03
6.8160000000e+03 2.3319500000e-03
6.8165000000e+03 2.3460900000e-03
6.8170000000e+03 2.3602300000e-03
6.8175000000e+03 2.3743700000e-03
6.8180000000e+03 2.3885000000e-03
6.8185000000e+03 2.4026400000e-03
6.8190000000e+03 2.4167700000e-03
6.8195000000e+03 2.4309100000e-03
6.8200000000e+03 2.4450400000e-03
6.8205000000e+03 2.4592700000e-03
6.8210000000e+03 2.4735100000e-03
6.8215000000e+03 2.4877400000e-03
6.8220000000e+03 2.5019800000e-03
6.8225000000e+03 2.5162200000e-03
6.8230000000e+03 2.5304500000e-03
6.8235000000e+03 2.5446900000e-03
6.8240000000e+03 2.5589300000e-03
6.8245000000e+03 2.5731700000e-03
6.8250000000e+03 2.5874000000e-03
6.8255000000e+03 2.6016400000e-03
6.8260000000e+03 2.6158800000e-03
6.8265000000e+03 2.6301200000e-03
6.8270000000e+03 2.6443500000e-03
6.8275000000e+03 2.6585900000e-03
6.8280000000e+03 2.6728300000e-03
6.8285000000e+03 2.6870700000e-03
6.8290000000e+03 2.7013100000e-03
6.8295000000e+03 2.7155500000e-03
6.8300000000e+03 2.7297900000e-03
6.8305000000e+03 2.7440000000e-03
6.8310000000e+03 2.7582100000e-03
6.8315000000e+03 2.7724100000e-03
6.8320000000e+03 2.7866200000e-03
6.8325000000e+03 2.8008300000e-03
6.8330000000e+03 2.8150400000e-03
6.8335000000e+03 2.8292500000e-03
6.8340000000e+03 2.8434600000e-03
6.8345000000e+03 2.8576700000e-03
6.8350000000e+03 2.8718800000e-03
6.8355000000e+03 2.8860900000e-03
6.8360000000e+03 2.9003000000e-03
6.8365000000e+03 2.9145100000e-03
6.8370000000e+03 2.9287100000e-03
6.8375000000e+03 2.9429200000e-03
6.8380000000e+03 2.9571300000e-03
6.8385000000e+03 2.9713400000e-03
6.8390000000e+03 2.9855400000e-03
6.8395000000e+03 2.9997500000e-03
6.8400000000e+03 3.0139700000e-03
6.8405000000e+03 3.0280400000e-03
6.8410000000e+03 3.0421000000e-03
6.8415000000e+03 3.0561700000e-03
6.8420000000e+03 3.0702400000e-03
6.8425000000e+03 3.0843000000e-03
6.8430000000e+03 3.0983600000e-03
6.8435000000e+03 3.1124300000e-03
6.8440000000e+03 3.1264900000e-03
6.8445000000e+03 3.1405500000e-03
6.8450000000e+03 3.1546000000e-03
6.8455000000e+03 3.1686600000e-03
6.8460000000e+03 3.1827200000e-03
6.8465000000e+03 3.1967700000e-03
6.8470000000e+03 3.2108200000e-03
6.8475000000e+03 3.2248800000e-03
6.8480000000e+03 3.2389300000e-03
6.8485000000e+03 3.2529800000e-03
6.8490000000e+03 3.2670300000e-03
6.8495000000e+03 3.2810800000e-03
6.8500000000e+03 3.2951200000e-03
6.8505000000e+03 3.3092900000e-03
6.8510000000e+03 3.3234600000e-03
6.8515000000e+03 3.3376300000e-03
6.8520000000e+03 3.3518100000e-03
6.8525000000e+03 3.3659800000e-03
6.8530000000e+03 3.3801500000e-03
6.8535000000e+03 3.3943200000e-03
6.8540000000e+03 3.4084900000e-03
6.8545000000e+03 3.4226600000e-03
6.8550000000e+03 3.4368300000e-03
6.8555000000e+03 3.4510000000e-03
6.8560000000e+03 3.4651600000e-03
6.8565000000e+03 3.4793300000e-03
6.8570000000e+03 3.4935000000e-03
6.8575000000e+03 3.5076700000e-03
6.8580000000e+03 3.5218400000e-03
6.8585000000e+03 3.5360100000e-03
6.8590000000e+03 3.5501800000e-03
6.8595000000e+03 3.5643500000e-03
6.8600000000e+03 3.5785200000e-03
6.8605000000e+03 3.5928000000e-03
6.8610000000e+03 3.6070800000e-03
6.8615000000e+03 3.6213600000e-03
6.8620000000e+03 3.6356400000e-03
6.8625000000e+03 3.6499200000e-03
6.8630000000e+03 3.6642100000e-03
6.8635000000e+03 3.6785000000e-03
6.8640000000e+03 3.6927800000e-03
6.8645000000e+03 3.7070700000e-03
6.8650000000e+03 3.8097300000e-03
6.8655000000e+03 3.9123900000e-03
6.8660000000e+03 4.0150600000e-03
6.8665000000e+03 4.1177300000e-03
6.8670000000e+03 4.2204200000e-03
6.8675000000e+03 4.3231000000e-03
6.8680000000e+03 4.4257900000e-03
6.8685000000e+03 4.5284800000e-03
6.8690000000e+03 4.6311800000e-03
6.8695000000e+03 4.7338800000e-03
6.8700000000e+03 4.8365900000e-03
6.8705000000e+03 4.9391100000e-03
6.8710000000e+03 5.0416400000e-03
6.8715000000e+03 5.1441500000e-03
6.8720000000e+03 5.2466600000e-03
6.8725000000e+03 5.3491700000e-03
6.8730000000e+03 5.4516800000e-03
6.8735000000e+03 5.5542000000e-03
6.8740000000e+03 5.6567000000e-03
6.8745000000e+03 5.7812500000e-03
6.8750000000e+03 5.9057900000e-03
6.8755000000e+03 6.0303400000e-03
6.8760000000e+03 6.1548900000e-03
6.8765000000e+03 6.2794200000e-03
6.8770000000e+03 6.4039600000e-03
6.8775000000e+03 6.5284900000e-03
6.8780000000e+03 6.6530100000e-03
6.8785000000e+03 6.7775300000e-03
6.8790000000e+03 6.9020400000e-03
6.8795000000e+03 7.0265500000e-03
6.8800000000e+03 7.1510600000e-03
6.8805000000e+03 7.2756700000e-03
6.8810000000e+03 7.4002800000e-03
6.8815000000e+03 7.5248800000e-03
6.8820000000e+03 7.6494800000e-03
6.8825000000e+03 7.7740800000e-03
6.8830000000e+03 7.8986800000e-03
6.8835000000e+03 8.0232800000e-03
6.8840000000e+03 8.1478800000e-03
6.8845000000e+03 8.3443700000e-03
6.8850000000e+03 8.5408600000e-03
6.8855000000e+03 8.7373600000e-03
6.8860000000e+03 8.9338500000e-03
6.8865000000e+03 9.1303300000e-03
6.8870000000e+03 9.3268200000e-03
6.8875000000e+03 9.5232900000e-03
6.8880000000e+03 9.7197700000e-03
6.8885000000e+03 9.9162500000e-03
6.8890000000e+03 1.0112700000e-02
6.8895000000e+03 1.0309200000e-02
6.8900000000e+03 1.0505700000e-02
6.8905000000e+03 1.0701900000e-02
6.8910000000e+03 1.0898100000e-02
6.8915000000e+03 1.1094200000e-02
6.8920000000e+03 1.1290300000e-02
6.8925000000e+03 1.1486500000e-02
6.8930000000e+03 1.1682600000e-02
6.8935000000e+03 1.1878700000e-02
6.8940000000e+03 1.2074800000e-02
6.8945000000e+03 1.2318800000e-02
6.8950000000e+03 1.2562800000e-02
6.8955000000e+03 1.2806700000e-02
6.8960000000e+03 1.3050700000e-02
6.8965000000e+03 1.3294600000e-02
6.8970000000e+03 1.3538500000e-02
6.8975000000e+03 1.3782400000e-02
6.8980000000e+03 1.4026300000e-02
6.8985000000e+03 1.4270200000e-02
6.8990000000e+03 1.4514000000e-02
6.8995000000e+03 1.4757900000e-02
6.9000000000e+03 1.5001700000e-02
6.9005000000e+03 1.5245700000e-02
6.9010000000e+03 1.5489700000e-02
6.9015000000e+03 1.5733700000e-02
6.9020000000e+03 1.5977700000e-02
6.9025000000e+03 1.6221600000e-02
6.9030000000e+03 1.6465600000e-02
6.9035000000e+03 1.6709500000e-02
6.9040000000e+03 1.6953500000e-02
6.9045000000e+03 1.7271600000e-02
6.9050000000e+03 1.7589800000e-02
6.9055000000e+03 1.7907900000e-02
6.9060000000e+03 1.8226000000e-02
6.9065000000e+03 1.8544100000e-02
6.9070000000e+03 1.8862200000e-02
6.9075000000e+03 1.9180300000e-02
6.9080000000e+03 1.9498400000e-02
6.9085000000e+03 1.9816400000e-02
6.9090000000e+03 2.0134500000e-02
6.9095000000e+03 2.0452500000e-02
6.9100000000e+03 2.0770600000e-02
6.9105000000e+03 2.1090200000e-02
6.9110000000e+03 2.1409800000e-02
6.9115000000e+03 2.1729400000e-02
6.9120000000e+03 2.2049100000e-02
6.9125000000e+03 2.2368800000e-02
6.9130000000e+03 2.2688500000e-02
6.9135000000e+03 2.3008300000e-02
6.9140000000e+03 2.3328100000e-02
6.9145000000e+03 2.3734200000e-02
6.9150000000e+03 2.4140300000e-02
6.9155000000e+03 2.4546400000e-02
6.9160000000e+03 2.4952600000e-02
6.9165000000e+03 2.5358900000e-02
6.9170000000e+03 2.5765200000e-02
6.9175000000e+03 2.6171500000e-02
6.9180000000e+03 2.6577900000e-02
6.9185000000e+03 2.6984300000e-02
6.9190000000e+03 2.7390700000e-02
6.9195000000e+03 2.7797200000e-02
6.9200000000e+03 2.8203800000e-02
6.9205000000e+03 2.8608000000e-02
6.9210000000e+03 2.9012300000e-02
6.9215000000e+03 2.9416500000e-02
6.9220000000e+03 2.9820700000e-02
6.9225000000e+03 3.0224900000e-02
6.9230000000e+03 3.0629100000e-02
6.9235000000e+03 3.1033200000e-02
6.9240000000e+03 3.1437300000e-02
6.9245000000e+03 3.1910800000e-02
6.9250000000e+03 3.2384400000e-02
6.9255000000e+03 3.2857900000e-02
6.9260000000e+03 3.3331400000e-02
6.9265000000e+03 3.3804900000e-02
6.9270000000e+03 3.4278300000e-02
6.9275000000e+03 3.4751700000e-02
6.9280000000e+03 3.5225000000e-02
6.9285000000e+03 3.5698400000e-02
6.9290000000e+03 3.6171700000e-02
6.9295000000e+03 3.6645000000e-02
6.9300000000e+03 3.7118200000e-02
6.9305000000e+03 3.7590700000e-02
6.9310000000e+03 3.8063200000e-02
6.9315000000e+03 3.8535600000e-02
6.9320000000e+03 3.9008000000e-02
6.9325000000e+03 3.9480400000e-02
6.9330000000e+03 3.9952600000e-02
6.9335000000e+03 4.0424900000e-02
6.9340000000e+03 4.0897000000e-02
6.9345000000e+03 4.1484100000e-02
6.9350000000e+03 4.2071100000e-02
6.9355000000e+03 4.2658100000e-02
6.9360000000e+03 4.3245000000e-02
6.9365000000e+03 4.3831800000e-02
6.9370000000e+03 4.4418600000e-02
6.9375000000e+03 4.5005200000e-02
6.9380000000e+03 4.5591800000e-02
6.9385000000e+03 4.6178500000e-02
6.9390000000e+03 4.6765000000e-02
6.9395000000e+03 4.7351500000e-02
6.9400000000e+03 4.7937900000e-02
6.9405000000e+03 4.8527200000e-02
6.9410000000e+03 4.9116500000e-02
6.9415000000e+03 4.9705800000e-02
6.9420000000e+03 5.0295100000e-02
6.9425000000e+03 5.0884400000e-02
6.9430000000e+03 5.1473700000e-02
6.9435000000e+03 5.2063100000e-02
6.9440000000e+03 5.2652400000e-02
6.9445000000e+03 5.3275300000e-02
6.9450000000e+03 5.3898200000e-02
6.9455000000e+03 5.4521000000e-02
6.9460000000e+03 5.5143900000e-02
6.9465000000e+03 5.5766800000e-02
6.9470000000e+03 5.6389800000e-02
6.9475000000e+03 5.7012600000e-02
6.9480000000e+03 5.7635500000e-02
6.9485000000e+03 5.8258500000e-02
6.9490000000e+03 5.8881500000e-02
6.9495000000e+03 5.9504400000e-02
6.9500000000e+03 6.0127300000e-02
6.9505000000e+03 6.0745300000e-02
6.9510000000e+03 6.1363200000e-02
6.9515000000e+03 6.1980800000e-02
6.9520000000e+03 6.2598400000e-02
6.9525000000e+03 6.3216000000e-02
6.9530000000e+03 6.3833500000e-02
6.9535000000e+03 6.4450800000e-02
6.9540000000e+03 6.5068000000e-02
6.9545000000e+03 6.5780900000e-02
6.9550000000e+03 6.6493600000e-02
6.9555000000e+03 6.7206200000e-02
6.9560000000e+03 6.7918700000e-02
6.9565000000e+03 6.8631100000e-02
6.9570000000e+03 6.9343400000e-02
6.9575000000e+03 7.0055700000e-02
6.9580000000e+03 7.0767800000e-02
6.9585000000e+03 7.1479800000e-02
6.9590000000e+03 7.2191600000e-02
6.9595000000e+03 7.2903300000e-02
6.9600000000e+03 7.3614900000e-02
6.9605000000e+03 7.4327300000e-02
6.9610000000e+03 7.5039700000e-02
6.9615000000e+03 7.5751900000e-02
6.9620000000e+03 7.6464100000e-02
6.9625000000e+03 7.7176200000e-02
6.9630000000e+03 7.7888200000e-02
6.9635000000e+03 7.8600000000e-02
6.9640000000e+03 7.9311800000e-02
6.9645000000e+03 8.0119000000e-02
6.9650000000e+03 8.0926100000e-02
6.9655000000e+03 8.1733200000e-02
6.9660000000e+03 8.2540100000e-02
6.9665000000e+03 8.3347000000e-02
6.9670000000e+03 8.4153700000e-02
6.9675000000e+03 8.4960300000e-02
6.9680000000e+03 8.5766700000e-02
6.9685000000e+03 8.6573200000e-02
6.9690000000e+03 8.7379500000e-02
6.9695000000e+03 8.8185700000e-02
6.9700000000e+03 8.8991800000e-02
6.9705000000e+03 8.9801400000e-02
6.9710000000e+03 9.0611000000e-02
6.9715000000e+03 9.1420500000e-02
6.9720000000e+03 9.2230000000e-02
6.9725000000e+03 9.3039600000e-02
6.9730000000e+03 9.3849000000e-02
6.9735000000e+03 9.4658400000e-02
6.9740000000e+03 9.5467800000e-02
6.9745000000e+03 9.5608800000e-02
6.9750000000e+03 9.5749800000e-02
6.9755000000e+03 9.5891000000e-02
6.9760000000e+03 9.6032100000e-02
6.9765000000e+03 9.6172900000e-02
6.9770000000e+03 9.6313700000e-02
6.9775000000e+03 9.6454900000e-02
6.9780000000e+03 9.6596000000e-02
6.9785000000e+03 9.6736800000e-02
6.9790000000e+03 9.6877700000e-02
6.9795000000e+03 9.7018600000e-02
6.9800000000e+03 9.7159400000e-02
6.9805000000e+03 9.7305500000e-02
6.9810000000e+03 9.7451600000e-02
6.9815000000e+03 9.7597500000e-02
6.9820000000e+03 9.7743500000e-02
6.9825000000e+03 9.7889500000e-02
6.9830000000e+03 9.8035500000e-02
6.9835000000e+03 9.8181600000e-02
6.9840000000e+03 9.8327700000e-02
6.9845000000e+03 9.9356700000e-02
6.9850000000e+03 1.0038600000e-01
6.9855000000e+03 1.0141500000e-01
6.9860000000e+03 1.0244400000e-01
6.9865000000e+03 1.0347300000e-01
6.9870000000e+03 1.0450300000e-01
6.9875000000e+03 1.0553200000e-01
6.9880000000e+03 1.0656200000e-01
6.9885000000e+03 1.0759100000e-01
6.9890000000e+03 1.0862100000e-01
6.9895000000e+03 1.0965000000e-01
6.9900000000e+03 1.1068000000e-01
6.9905000000e+03 1.1170500000e-01
6.9910000000e+03 1.1273000000e-01
6.9915000000e+03 1.1375500000e-01
6.9920000000e+03 1.1478000000e-01
6.9925000000e+03 1.1580500000e-01
6.9930000000e+03 1.1683000000e-01
6.9935000000e+03 1.1785500000e-01
6.9940000000e+03 1.1888100000e-01
6.9945000000e+03 1.1969100000e-01
6.9950000000e+03 1.2050100000e-01
6.9955000000e+03 1.2131100000e-01
6.9960000000e+03 1.2212100000e-01
6.9965000000e+03 1.2293100000e-01
6.9970000000e+03 1.2374000000e-01
6.9975000000e+03 1.2455000000e-01
6.9980000000e+03 1.2536000000e-01
6.9985000000e+03 1.2617000000e-01
6.9990000000e+03 1.2698000000e-01
6.9995000000e+03 1.2779000000e-01
7.0000000000e+03 1.2860000000e-01
7.0005000000e+03 1.2940200000e-01
7.0010000000e+03 1.3020400000e-01
7.0015000000e+03 1.3100600000e-01
7.0020000000e+03 1.3180800000e-01
7.0025000000e+03 1.3261000000e-01
7.0030000000e+03 1.3341200000e-01
7.0035000000e+03 1.3421400000e-01
7.0040000000e+03 1.3501600000e-01
7.0045000000e+03 1.3610300000e-01
7.0050000000e+03 1.3719100000e-01
7.0055000000e+03 1.3827800000e-01
7.0060000000e+03 1.3936500000e-01
7.0065000000e+03 1.4045200000e-01
7.0070000000e+03 1.4153900000e-01
7.0075000000e+03 1.4262600000e-01
7.0080000000e+03 1.4371200000e-01
7.0085000000e+03 1.4479800000e-01
7.0090000000e+03 1.4588500000e-01
7.0095000000e+03 1.4697100000e-01
7.0100000000e+03 1.4805600000e-01
7.0105000000e+03 1.4914600000e-01
7.0110000000e+03 1.5023500000e-01
7.0115000000e+03 1.5132400000e-01
7.0120000000e+03 1.5241300000e-01
7.0125000000e+03 1.5350200000e-01
7.0130000000e+03 1.5459100000e-01
7.0135000000e+03 1.5567900000e-01
7.0140000000e+03 1.5676800000e-01
7.0145000000e+03 1.5771300000e-01
7.0150000000e+03 1.5865800000e-01
7.0155000000e+03 1.5960400000e-01
7.0160000000e+03 1.6054900000e-01
7.0165000000e+03 1.6149400000e-01
7.0170000000e+03 1.6243900000e-01
7.0175000000e+03 1.6338300000e-01
7.0180000000e+03 1.6432800000e-01
7.0185000000e+03 1.6527300000e-01
7.0190000000e+03 1.6621700000e-01
7.0195000000e+03 1.6716200000e-01
7.0200000000e+03 1.6810600000e-01
7.0205000000e+03 1.6905400000e-01
7.0210000000e+03 1.7000200000e-01
7.0215000000e+03 1.7095000000e-01
7.0220000000e+03 1.7189800000e-01
7.0225000000e+03 1.7284600000e-01
7.0230000000e+03 1.7379400000e-01
7.0235000000e+03 1.7474200000e-01
7.0240000000e+03 1.7569000000e-01
7.0245000000e+03 1.7663700000e-01
7.0250000000e+03 1.7758500000e-01
7.0255000000e+03 1.7853200000e-01
7.0260000000e+03 1.7948000000e-01
7.0265000000e+03 1.8042700000e-01
7.0270000000e+03 1.8137400000e-01
7.0275000000e+03 1.8232200000e-01
7.0280000000e+03 1.8326900000e-01
7.0285000000e+03 1.8421600000e-01
7.0290000000e+03 1.8516300000e-01
7.0295000000e+03 1.8611100000e-01
7.0300000000e+03 1.8705800000e-01
7.0305000000e+03 1.8800400000e-01
7.0310000000e+03 1.8895100000e-01
7.0315000000e+03 1.8989800000e-01
7.0320000000e+03 1.9084400000e-01
7.0325000000e+03 1.9179100000e-01
7.0330000000e+03 1.9273700000e-01
7.0335000000e+03 1.9368300000e-01
7.0340000000e+03 1.9463000000e-01
7.0345000000e+03 1.9550500000e-01
7.0350000000e+03 1.9637900000e-01
7.0355000000e+03 1.9725400000e-01
7.0360000000e+03 1.9812900000e-01
7.0365000000e+03 1.9900300000e-01
7.0370000000e+03 1.9987800000e-01
7.0375000000e+03 2.0075200000e-01
7.0380000000e+03 2.0162700000e-01
7.0385000000e+03 2.0250100000e-01
7.0390000000e+03 2.0337500000e-01
7.0395000000e+03 2.0425000000e-01
7.0400000000e+03 2.0512400000e-01
7.0405000000e+03 2.0599100000e-01
7.0410000000e+03 2.0685800000e-01
7.0415000000e+03 2.0772500000e-01
7.0420000000e+03 2.0859200000e-01
7.0425000000e+03 2.0945900000e-01
7.0430000000e+03 2.1032600000e-01
7.0435000000e+03 2.1119200000e-01
7.0440000000e+03 2.1205900000e-01
7.0445000000e+03 2.1304400000e-01
7.0450000000e+03 2.1402900000e-01
7.0455000000e+03 2.1501400000e-01
7.0460000000e+03 2.1599900000e-01
7.0465000000e+03 2.1698300000e-01
7.0470000000e+03 2.1796800000e-01
7.0475000000e+03 2.1895200000e-01
7.0480000000e+03 2.1993600000e-01
7.0485000000e+03 2.2092000000e-01
7.0490000000e+03 2.2190400000e-01
7.0495000000e+03 2.2288800000e-01
7.0500000000e+03 2.2387200000e-01
7.0505000000e+03 2.2485900000e-01
7.0510000000e+03 2.2584500000e-01
7.0515000000e+03 2.2683200000e-01
7.0520000000e+03 2.2781900000e-01
7.0525000000e+03 2.2880500000e-01
7.0530000000e+03 2.2979200000e-01
7.0535000000e+03 2.3077800000e-01
7.0540000000e+03 2.3176400000e-01
7.0545000000e+03 2.3267900000e-01
7.0550000000e+03 2.3359400000e-01
7.0555000000e+03 2.3450800000e-01
7.0560000000e+03 2.3542300000e-01
7.0565000000e+03 2.3633700000e-01
7.0570000000e+03 2.3725200000e-01
7.0575000000e+03 2.3816600000e-01
7.0580000000e+03 2.3908000000e-01
7.0585000000e+03 2.3999400000e-01
7.0590000000e+03 2.4090800000e-01
7.0595000000e+03 2.4182200000e-01
7.0600000000e+03 2.4273500000e-01
7.0605000000e+03 2.4363900000e-01
7.0610000000e+03 2.4454300000e-01
7.0615000000e+03 2.4544600000e-01
7.0620000000e+03 2.4634900000e-01
7.0625000000e+03 2.4725200000e-01
7.0630000000e+03 2.4815500000e-01
7.0635000000e+03 2.4905700000e-01
7.0640000000e+03 2.4996000000e-01
7.0645000000e+03 2.5076700000e-01
7.0650000000e+03 2.5157500000e-01
7.0655000000e+03 2.5238200000e-01
7.0660000000e+03 2.5318900000e-01
7.0665000000e+03 2.5399600000e-01
7.0670000000e+03 2.5480200000e-01
7.0675000000e+03 2.5560900000e-01
7.0680000000e+03 2.5641500000e-01
7.0685000000e+03 2.5722100000e-01
7.0690000000e+03 2.5802700000e-01
7.0695000000e+03 2.5883300000e-01
7.0700000000e+03 2.5963900000e-01
7.0705000000e+03 2.6046000000e-01
7.0710000000e+03 2.6128000000e-01
7.0715000000e+03 2.6210100000e-01
7.0720000000e+03 2.6292200000e-01
7.0725000000e+03 2.6374300000e-01
7.0730000000e+03 2.6456400000e-01
7.0735000000e+03 2.6538400000e-01
7.0740000000e+03 2.6620400000e-01
7.0745000000e+03 2.6678800000e-01
7.0750000000e+03 2.6737200000e-01
7.0755000000e+03 2.6795500000e-01
7.0760000000e+03 2.6853900000e-01
7.0765000000e+03 2.6912200000e-01
7.0770000000e+03 2.6970600000e-01
7.0775000000e+03 2.7028900000e-01
7.0780000000e+03 2.7087200000e-01
7.0785000000e+03 2.7145500000e-01
7.0790000000e+03 2.7203800000e-01
7.0795000000e+03 2.7262200000e-01
7.0800000000e+03 2.7320500000e-01
7.0805000000e+03 2.7378800000e-01
7.0810000000e+03 2.7437000000e-01
7.0815000000e+03 2.7495300000e-01
7.0820000000e+03 2.7553600000e-01
7.0825000000e+03 2.7611800000e-01
7.0830000000e+03 2.7670100000e-01
7.0835000000e+03 2.7728300000e-01
7.0840000000e+03 2.7786600000e-01
7.0845000000e+03 2.7868500000e-01
7.0850000000e+03 2.7950400000e-01
7.0855000000e+03 2.8032200000e-01
7.0860000000e+03 2.8114100000e-01
7.0865000000e+03 2.8196000000e-01
7.0870000000e+03 2.8277900000e-01
7.0875000000e+03 2.8359800000e-01
7.0880000000e+03 2.8441600000e-01
7.0885000000e+03 2.8523500000e-01
7.0890000000e+03 2.8605300000e-01
7.0895000000e+03 2.8687100000e-01
7.0900000000e+03 2.8768900000e-01
7.0905000000e+03 2.8849000000e-01
7.0910000000e+03 2.8929100000e-01
7.0915000000e+03 2.9009100000e-01
7.0920000000e+03 2.9089200000e-01
7.0925000000e+03 2.9169200000e-01
7.0930000000e+03 2.9249200000e-01
7.0935000000e+03 2.9329200000e-01
7.0940000000e+03 2.9409100000e-01
7.0945000000e+03 2.9448900000e-01
7.0950000000e+03 2.9488700000e-01
7.0955000000e+03 2.9528400000e-01
7.0960000000e+03 2.9568200000e-01
7.0965000000e+03 2.9607900000e-01
7.0970000000e+03 2.9647600000e-01
7.0975000000e+03 2.9687300000e-01
7.0980000000e+03 2.9727000000e-01
7.0985000000e+03 2.9766600000e-01
7.0990000000e+03 2.9806300000e-01
7.0995000000e+03 2.9846000000e-01
7.1000000000e+03 2.9885600000e-01
7.1005000000e+03 2.9925900000e-01
7.1010000000e+03 2.9966200000e-01
7.1015000000e+03 3.0006400000e-01
7.1020000000e+03 3.0046700000e-01
7.1025000000e+03 3.0087000000e-01
7.1030000000e+03 3.0127200000e-01
7.1035000000e+03 3.0167400000e-01
7.1040000000e+03 3.0207700000e-01
7.1045000000e+03 3.0273800000e-01
7.1050000000e+03 3.0340000000e-01
7.1055000000e+03 3.0406100000e-01
7.1060000000e+03 3.0472300000e-01
7.1065000000e+03 3.0538400000e-01
7.1070000000e+03 3.0604500000e-01
7.1075000000e+03 3.0670600000e-01
7.1080000000e+03 3.0736700000e-01
7.1085000000e+03 3.0802800000e-01
7.1090000000e+03 3.0868800000e-01
7.1095000000e+03 3.0934900000e-01
7.1100000000e+03 3.1000900000e-01
7.1105000000e+03 3.1068100000e-01
7.1110000000e+03 3.1135200000e-01
7.1115000000e+03 3.1202400000e-01
7.1120000000e+03 3.1269500000e-01
7.1125000000e+03 3.1336700000e-01
7.1130000000e+03 3.1403800000e-01
7.1135000000e+03 3.1470900000e-01
7.1140000000e+03 3.1538000000e-01
7.1145000000e+03 3.1574500000e-01
7.1150000000e+03 3.1611000000e-01
7.1155000000e+03 3.1647400000e-01
7.1160000000e+03 3.1683900000e-01
7.1165000000e+03 3.1720400000e-01
7.1170000000e+03 3.1756800000e-01
7.1175000000e+03 3.1793300000e-01
7.1180000000e+03 3.1829700000e-01
7.1185000000e+03 3.1866100000e-01
7.1190000000e+03 3.1902600000e-01
7.1195000000e+03 3.1939000000e-01
7.1200000000e+03 3.1975400000e-01
7.1205000000e+03 3.2012500000e-01
7.1210000000e+03 3.2049600000e-01
7.1215000000e+03 3.2086700000e-01
7.1220000000e+03 3.2123700000e-01
7.1225000000e+03 3.2160800000e-01
7.1230000000e+03 3.2197900000e-01
7.1235000000e+03 3.2235000000e-01
7.1240000000e+03 3.2272100000e-01
7.1245000000e+03 3.2346800000e-01
7.1250000000e+03 3.2421600000e-01
7.1255000000e+03 3.2496300000e-01
7.1260000000e+03 3.2571100000e-01
7.1265000000e+03 3.2645800000e-01
7.1270000000e+03 3.2720500000e-01
7.1275000000e+03 3.2795300000e-01
7.1280000000e+03 3.2870000000e-01
7.1285000000e+03 3.2944700000e-01
7.1290000000e+03 3.3019400000e-01
7.1295000000e+03 3.3094100000e-01
7.1300000000e+03 3.3168800000e-01
7.1305000000e+03 3.3242200000e-01
7.1310000000e+03 3.3315700000e-01
7.1315000000e+03 3.3389100000e-01
7.1320000000e+03 3.3462500000e-01
7.1325000000e+03 3.3535900000e-01
7.1330000000e+03 3.3609200000e-01
7.1335000000e+03 3.3682600000e-01
7.1340000000e+03 3.3755900000e-01
7.1345000000e+03 3.3768100000e-01
7.1350000000e+03 3.3780200000e-01
7.1355000000e+03 3.3792300000e-01
7.1360000000e+03 3.3804400000e-01
7.1365000000e+03 3.3816500000e-01
7.1370000000e+03 3.3828700000e-01
7.1375000000e+03 3.3840800000e-01
7.1380000000e+03 3.3852900000e-01
7.1385000000e+03 3.3865000000e-01
7.1390000000e+03 3.3877100000e-01
7.1395000000e+03 3.3889200000e-01
7.1400000000e+03 3.3901300000e-01
7.1405000000e+03 3.3913200000e-01
7.1410000000e+03 3.3925200000e-01
7.1415000000e+03 3.3937100000e-01
7.1420000000e+03 3.3949100000e-01
7.1425000000e+03 3.3961000000e-01
7.1430000000e+03 3.3972900000e-01
7.1435000000e+03 3.3984900000e-01
7.1440000000e+03 3.3996900000e-01
7.1445000000e+03 3.4034600000e-01
7.1450000000e+03 3.4072300000e-01
7.1455000000e+03 3.4110100000e-01
7.1460000000e+03 3.4147900000e-01
7.1465000000e+03 3.4185600000e-01
7.1470000000e+03 3.4223300000e-01
7.1475000000e+03 3.4261100000e-01
7.1480000000e+03 3.4298900000e-01
7.1485000000e+03 3.4336600000e-01
7.1490000000e+03 3.4374400000e-01
7.1495000000e+03 3.4412000000e-01
7.1500000000e+03 3.4449700000e-01
7.1505000000e+03 3.4486600000e-01
7.1510000000e+03 3.4523500000e-01
7.1515000000e+03 3.4560400000e-01
7.1520000000e+03 3.4597200000e-01
7.1525000000e+03 3.4634100000e-01
7.1530000000e+03 3.4670900000e-01
7.1535000000e+03 3.4707800000e-01
7.1540000000e+03 3.4744600000e-01
7.1545000000e+03 3.4802500000e-01
7.1550000000e+03 3.4860500000e-01
7.1555000000e+03 3.4918400000e-01
7.1560000000e+03 3.4976300000e-01
7.1565000000e+03 3.5034200000e-01
7.1570000000e+03 3.5092100000e-01
7.1575000000e+03 3.5150000000e-01
7.1580000000e+03 3.5207800000e-01
7.1585000000e+03 3.5265600000e-01
7.1590000000e+03 3.5323400000e-01
7.1595000000e+03 3.5381300000e-01
7.1600000000e+03 3.5439100000e-01
7.1605000000e+03 3.5499600000e-01
7.1610000000e+03 3.5559900000e-01
7.1615000000e+03 3.5620400000e-01
7.1620000000e+03 3.5680800000e-01
7.1625000000e+03 3.5741200000e-01
7.1630000000e+03 3.5801600000e-01
7.1635000000e+03 3.5862000000e-01
7.1640000000e+03 3.5922400000e-01
7.1645000000e+03 3.5959300000e-01
7.1650000000e+03 3.5996300000e-01
7.1655000000e+03 3.6033200000e-01
7.1660000000e+03 3.6070200000e-01
7.1665000000e+03 3.6107100000e-01
7.1670000000e+03 3.6144000000e-01
7.1675000000e+03 3.6180900000e-01
7.1680000000e+03 3.6217800000e-01
7.1685000000e+03 3.6254800000e-01
7.1690000000e+03 3.6291700000e-01
7.1695000000e+03 3.6328600000e-01
7.1700000000e+03 3.6365500000e-01
7.1705000000e+03 3.6401000000e-01
7.1710000000e+03 3.6436500000e-01
7.1715000000e+03 3.6471900000e-01
7.1720000000e+03 3.6507300000e-01
7.1725000000e+03 3.6542800000e-01
7.1730000000e+03 3.6578200000e-01
7.1735000000e+03 3.6613700000e-01
7.1740000000e+03 3.6649100000e-01
7.1745000000e+03 3.6715000000e-01
7.1750000000e+03 3.6780900000e-01
7.1755000000e+03 3.6846700000e-01
7.1760000000e+03 3.6912500000e-01
7.1765000000e+03 3.6978400000e-01
7.1770000000e+03 3.7044300000e-01
7.1775000000e+03 3.7110100000e-01
7.1780000000e+03 3.7175900000e-01
7.1785000000e+03 3.7241700000e-01
7.1790000000e+03 3.7307500000e-01
7.1795000000e+03 3.7373300000e-01
7.1800000000e+03 3.7439000000e-01
7.1805000000e+03 3.7505100000e-01
7.1810000000e+03 3.7571200000e-01
7.1815000000e+03 3.7637200000e-01
7.1820000000e+03 3.7703300000e-01
7.1825000000e+03 3.7769300000e-01
7.1830000000e+03 3.7835300000e-01
7.1835000000e+03 3.7901300000e-01
7.1840000000e+03 3.7967300000e-01
7.1845000000e+03 3.7991100000e-01
7.1850000000e+03 3.8015000000e-01
7.1855000000e+03 3.8038900000e-01
7.1860000000e+03 3.8062800000e-01
7.1865000000e+03 3.8086700000e-01
7.1870000000e+03 3.8110500000e-01
7.1875000000e+03 3.8134400000e-01
7.1880000000e+03 3.8158200000e-01
7.1885000000e+03 3.8182100000e-01
7.1890000000e+03 3.8205900000e-01
7.1895000000e+03 3.8229800000e-01
7.1900000000e+03 3.8253700000e-01
7.1905000000e+03 3.8277100000e-01
7.1910000000e+03 3.8300500000e-01
7.1915000000e+03 3.8323900000e-01
7.1920000000e+03 3.8347400000e-01
7.1925000000e+03 3.8370700000e-01
7.1930000000e+03 3.8394100000e-01
7.1935000000e+03 3.8417500000e-01
7.1940000000e+03 3.8441000000e-01
7.1945000000e+03 3.8471400000e-01
7.1950000000e+03 3.8501800000e-01
7.1955000000e+03 3.8532200000e-01
7.1960000000e+03 3.8562600000e-01
7.1965000000e+03 3.8593000000e-01
7.1970000000e+03 3.8623400000e-01
7.1975000000e+03 3.8653800000e-01
7.1980000000e+03 3.8684200000e-01
7.1985000000e+03 3.8714600000e-01
7.1990000000e+03 3.8745000000e-01
7.1995000000e+03 3.8775400000e-01
7.2000000000e+03 3.8805700000e-01
7.2005000000e+03 3.8835700000e-01
7.2010000000e+03 3.8865600000e-01
7.2015000000e+03 3.8895400000e-01
7.2020000000e+03 3.8925300000e-01
7.2025000000e+03 3.8955100000e-01
7.2030000000e+03 3.8985000000e-01
7.2035000000e+03 3.9014800000e-01
7.2040000000e+03 3.9044600000e-01
7.2045000000e+03 3.9067500000e-01
7.2050000000e+03 3.9090400000e-01
7.2055000000e+03 3.9113200000e-01
7.2060000000e+03 3.9136000000e-01
7.2065000000e+03 3.9158900000e-01
7.2070000000e+03 3.9181700000e-01
7.2075000000e+03 3.9204500000e-01
7.2080000000e+03 3.9227400000e-01
7.2085000000e+03 3.9250200000e-01
7.2090000000e+03 3.9273000000e-01
7.2095000000e+03 3.9295700000e-01
7.2100000000e+03 3.9318500000e-01
7.2105000000e+03 3.9340000000e-01
7.2110000000e+03 3.9361400000e-01
7.2115000000e+03 3.9382900000e-01
7.2120000000e+03 3.9404300000e-01
7.2125000000e+03 3.9425700000e-01
7.2130000000e+03 3.9447100000e-01
7.2135000000e+03 3.9468500000e-01
7.2140000000e+03 3.9489900000e-01
7.2145000000e+03 3.9534600000e-01
7.2150000000e+03 3.9579300000e-01
7.2155000000e+03 3.9623900000e-01
7.2160000000e+03 3.9668600000e-01
7.2165000000e+03 3.9713200000e-01
7.2170000000e+03 3.9757800000e-01
7.2175000000e+03 3.9802500000e-01
7.2180000000e+03 3.9847100000e-01
7.2185000000e+03 3.9891700000e-01
7.2190000000e+03 3.9936300000e-01
7.2195000000e+03 3.9980900000e-01
7.2200000000e+03 4.0025400000e-01
7.2205000000e+03 4.0070000000e-01
7.2210000000e+03 4.0114600000e-01
7.2215000000e+03 4.0159100000e-01
7.2220000000e+03 4.0203600000e-01
7.2225000000e+03 4.0248100000e-01
7.2230000000e+03 4.0292600000e-01
7.2235000000e+03 4.0337100000e-01
7.2240000000e+03 4.0381600000e-01
7.2245000000e+03 4.0384100000e-01
7.2250000000e+03 4.0386700000e-01
7.2255000000e+03 4.0389300000e-01
7.2260000000e+03 4.0391900000e-01
7.2265000000e+03 4.0394500000e-01
7.2270000000e+03 4.0397100000e-01
7.2275000000e+03 4.0399700000e-01
7.2280000000e+03 4.0402200000e-01
7.2285000000e+03 4.0404800000e-01
7.2290000000e+03 4.0407400000e-01
7.2295000000e+03 4.0410000000e-01
7.2300000000e+03 4.0412600000e-01
7.2305000000e+03 4.0416800000e-01
7.2310000000e+03 4.0420900000e-01
7.2315000000e+03 4.0425100000e-01
7.2320000000e+03 4.0429300000e-01
7.2325000000e+03 4.0433500000e-01
7.2330000000e+03 4.0437700000e-01
7.2335000000e+03 4.0441800000e-01
7.2340000000e+03 4.0446000000e-01
7.2345000000e+03 4.0512800000e-01
7.2350000000e+03 4.0579700000e-01
7.2355000000e+03 4.0646600000e-01
7.2360000000e+03 4.0713400000e-01
7.2365000000e+03 4.0780200000e-01
7.2370000000e+03 4.0847000000e-01
7.2375000000e+03 4.0913800000e-01
7.2380000000e+03 4.0980600000e-01
7.2385000000e+03 4.1047400000e-01
7.2390000000e+03 4.1114200000e-01
7.2395000000e+03 4.1181000000e-01
7.2400000000e+03 4.1247700000e-01
7.2405000000e+03 4.1314300000e-01
7.2410000000e+03 4.1380900000e-01
7.2415000000e+03 4.1447500000e-01
7.2420000000e+03 4.1514100000e-01
7.2425000000e+03 4.1580700000e-01
7.2430000000e+03 4.1647300000e-01
7.2435000000e+03 4.1713900000e-01
7.2440000000e+03 4.1780400000e-01
7.2445000000e+03 4.1765800000e-01
7.2450000000e+03 4.1751200000e-01
7.2455000000e+03 4.1736600000e-01
7.2460000000e+03 4.1722100000e-01
7.2465000000e+03 4.1707500000e-01
7.2470000000e+03 4.1692900000e-01
7.2475000000e+03 4.1678400000e-01
7.2480000000e+03 4.1663800000e-01
7.2485000000e+03 4.1649200000e-01
7.2490000000e+03 4.1634600000e-01
7.2495000000e+03 4.1620000000e-01
7.2500000000e+03 4.1605500000e-01
7.2505000000e+03 4.1589500000e-01
7.2510000000e+03 4.1573500000e-01
7.2515000000e+03 4.1557500000e-01
7.2520000000e+03 4.1541500000e-01
7.2525000000e+03 4.1525500000e-01
7.2530000000e+03 4.1509500000e-01
7.2535000000e+03 4.1493500000e-01
7.2540000000e+03 4.1477600000e-01
7.2545000000e+03 4.1477800000e-01
7.2550000000e+03 4.1478000000e-01
7.2555000000e+03 4.1478200000e-01
7.2560000000e+03 4.1478500000e-01
7.2565000000e+03 4.1478700000e-01
7.2570000000e+03 4.1478900000e-01
7.2575000000e+03 4.1479200000e-01
7.2580000000e+03 4.1479400000e-01
7.2585000000e+03 4.1479600000e-01
7.2590000000e+03 4.1479900000e-01
7.2595000000e+03 4.1480100000e-01
7.2600000000e+03 4.1480300000e-01
7.2605000000e+03 4.1482000000e-01
7.2610000000e+03 4.1483700000e-01
7.2615000000e+03 4.1485500000e-01
7.2620000000e+03 4.1487300000e-01
7.2625000000e+03 4.1489000000e-01
7.2630000000e+03 4.1490800000e-01
7.2635000000e+03 4.1492500000e-01
7.2640000000e+03 4.1494300000e-01
7.2645000000e+03 4.1503000000e-01
7.2650000000e+03 4.1511600000e-01
7.2655000000e+03 4.1520300000e-01
7.2660000000e+03 4.1529100000e-01
7.2665000000e+03 4.1537700000e-01
7.2670000000e+03 4.1546300000e-01
7.2675000000e+03 4.1555000000e-01
7.2680000000e+03 4.1563700000e-01
7.2685000000e+03 4.1572400000e-01
7.2690000000e+03 4.1581100000e-01
7.2695000000e+03 4.1589700000e-01
7.2700000000e+03 4.1598300000e-01
7.2705000000e+03 4.1605800000e-01
7.2710000000e+03 4.1613300000e-01
7.2715000000e+03 4.1620800000e-01
7.2720000000e+03 4.1628300000e-01
7.2725000000e+03 4.1635800000e-01
7.2730000000e+03 4.1643300000e-01
7.2735000000e+03 4.1650700000e-01
7.2740000000e+03 4.1658200000e-01
7.2745000000e+03 4.1661000000e-01
7.2750000000e+03 4.1663900000e-01
7.2755000000e+03 4.1666700000e-01
7.2760000000e+03 4.1669600000e-01
7.2765000000e+03 4.1672400000e-01
7.2770000000e+03 4.1675200000e-01
7.2775000000e+03 4.1678100000e-01
7.2780000000e+03 4.1681000000e-01
7.2785000000e+03 4.1683900000e-01
7.2790000000e+03 4.1686700000e-01
7.2795000000e+03 4.1689600000e-01
7.2800000000e+03 4.1692400000e-01
7.2805000000e+03 4.1695000000e-01
7.2810000000e+03 4.1697600000e-01
7.2815000000e+03 4.1700200000e-01
7.2820000000e+03 4.1702800000e-01
7.2825000000e+03 4.1705400000e-01
7.2830000000e+03 4.1708000000e-01
7.2835000000e+03 4.1710600000e-01
7.2840000000e+03 4.1713200000e-01
7.2845000000e+03 4.1704300000e-01
7.2850000000e+03 4.1695300000e-01
7.2855000000e+03 4.1686500000e-01
7.2860000000e+03 4.1677600000e-01
7.2865000000e+03 4.1668600000e-01
7.2870000000e+03 4.1659700000e-01
7.2875000000e+03 4.1650900000e-01
7.2880000000e+03 4.1642000000e-01
7.2885000000e+03 4.1633000000e-01
7.2890000000e+03 4.1624100000e-01
7.2895000000e+03 4.1615200000e-01
7.2900000000e+03 4.1606300000e-01
7.2905000000e+03 4.1597600000e-01
7.2910000000e+03 4.1588900000e-01
7.2915000000e+03 4.1580200000e-01
7.2920000000e+03 4.1571600000e-01
7.2925000000e+03 4.1562900000e-01
7.2930000000e+03 4.1554200000e-01
7.2935000000e+03 4.1545500000e-01
7.2940000000e+03 4.1536800000e-01
7.2945000000e+03 4.1564900000e-01
7.2950000000e+03 4.1593000000e-01
7.2955000000e+03 4.1621000000e-01
7.2960000000e+03 4.1649000000e-01
7.2965000000e+03 4.1677000000e-01
7.2970000000e+03 4.1705100000e-01
7.2975000000e+03 4.1733100000e-01
7.2980000000e+03 4.1761100000e-01
7.2985000000e+03 4.1789200000e-01
7.2990000000e+03 4.1817200000e-01
7.2995000000e+03 4.1845200000e-01
7.3000000000e+03 4.1873200000e-01
7.3005000000e+03 4.1901900000e-01
7.3010000000e+03 4.1930500000e-01
7.3015000000e+03 4.1959100000e-01
7.3020000000e+03 4.1987700000e-01
7.3025000000e+03 4.2016300000e-01
7.3030000000e+03 4.2044900000e-01
7.3035000000e+03 4.2073500000e-01
7.3040000000e+03 4.2102100000e-01
7.3045000000e+03 4.2075700000e-01
7.3050000000e+03 4.2049300000e-01
7.3055000000e+03 4.2022800000e-01
7.3060000000e+03 4.1996400000e-01
7.3065000000e+03 4.1970000000e-01
7.3070000000e+03 4.1943600000e-01
7.3075000000e+03 4.1917100000e-01
7.3080000000e+03 4.1890700000e-01
7.3085000000e+03 4.1864300000e-01
7.3090000000e+03 4.1837900000e-01
7.3095000000e+03 4.1811500000e-01
7.3100000000e+03 4.1785100000e-01
7.3105000000e+03 4.1758900000e-01
7.3110000000e+03 4.1732700000e-01
7.3115000000e+03 4.1706500000e-01
7.3120000000e+03 4.1680300000e-01
7.3125000000e+03 4.1654100000e-01
7.3130000000e+03 4.1627800000e-01
7.3135000000e+03 4.1601700000e-01
7.3140000000e+03 4.1575500000e-01
7.3145000000e+03 4.1615700000e-01
7.3150000000e+03 4.1655900000e-01
7.3155000000e+03 4.1696100000e-01
7.3160000000e+03 4.1736300000e-01
7.3165000000e+03 4.1776400000e-01
7.3170000000e+03 4.1816600000e-01
7.3175000000e+03 4.1856800000e-01
7.3180000000e+03 4.1897000000e-01
7.3185000000e+03 4.1937100000e-01
7.3190000000e+03 4.1977200000e-01
7.3195000000e+03 4.2017300000e-01
7.3200000000e+03 4.2057400000e-01
7.3205000000e+03 4.2098600000e-01
7.3210000000e+03 4.2139700000e-01
7.3215000000e+03 4.2180800000e-01
7.3220000000e+03 4.2221900000e-01
7.3225000000e+03 4.2263000000e-01
7.3230000000e+03 4.2304100000e-01
7.3235000000e+03 4.2345200000e-01
7.3240000000e+03 4.2386200000e-01
7.3245000000e+03 4.2374800000e-01
7.3250000000e+03 4.2363300000e-01
7.3255000000e+03 4.2351800000e-01
7.3260000000e+03 4.2340300000e-01
7.3265000000e+03 4.2328700000e-01
7.3270000000e+03 4.2317200000e-01
7.3275000000e+03 4.2305700000e-01
7.3280000000e+03 4.2294200000e-01
7.3285000000e+03 4.2282700000e-01
7.3290000000e+03 4.2271300000e-01
7.3295000000e+03 4.2259800000e-01
7.3300000000e+03 4.2248200000e-01
7.3305000000e+03 4.2235300000e-01
7.3310000000e+03 4.2222400000e-01
7.3315000000e+03 4.2209400000e-01
7.3320000000e+03 4.2196500000e-01
7.3325000000e+03 4.2183600000e-01
7.3330000000e+03 4.2170600000e-01
7.3335000000e+03 4.2157600000e-01
7.3340000000e+03 4.2144600000e-01
7.3345000000e+03 4.2134000000e-01
7.3350000000e+03 4.2123400000e-01
7.3355000000e+03 4.2112700000e-01
7.3360000000e+03 4.2102000000e-01
7.3365000000e+03 4.2091400000e-01
7.3370000000e+03 4.2080900000e-01
7.3375000000e+03 4.2070200000e-01
7.3380000000e+03 4.2059500000e-01
7.3385000000e+03 4.2048800000e-01
7.3390000000e+03 4.2038200000e-01
7.3395000000e+03 4.2027600000e-01
7.3400000000e+03 4.2016900000e-01
7.3405000000e+03 4.2005800000e-01
7.3410000000e+03 4.1994600000e-01
7.3415000000e+03 4.1983600000e-01
7.3420000000e+03 4.1972500000e-01
7.3425000000e+03 4.1961300000e-01
7.3430000000e+03 4.1950200000e-01
7.3435000000e+03 4.1939100000e-01
7.3440000000e+03 4.1928000000e-01
7.3445000000e+03 4.1953300000e-01
7.3450000000e+03 4.1978600000e-01
7.3455000000e+03 4.2004000000e-01
7.3460000000e+03 4.2029400000e-01
7.3465000000e+03 4.2054700000e-01
7.3470000000e+03 4.2080000000e-01
7.3475000000e+03 4.2105300000e-01
7.3480000000e+03 4.2130600000e-01
7.3485000000e+03 4.2155900000e-01
7.3490000000e+03 4.2181200000e-01
7.3495000000e+03 4.2206500000e-01
7.3500000000e+03 4.2231900000e-01
7.3505000000e+03 4.2258300000e-01
7.3510000000e+03 4.2284800000e-01
7.3515000000e+03 4.2311200000e-01
7.3520000000e+03 4.2337600000e-01
7.3525000000e+03 4.2364100000e-01
7.3530000000e+03 4.2390600000e-01
7.3535000000e+03 4.2417000000e-01
7.3540000000e+03 4.2443500000e-01
7.3545000000e+03 4.2394800000e-01
7.3550000000e+03 4.2346200000e-01
7.3555000000e+03 4.2297600000e-01
7.3560000000e+03 4.2249000000e-01
7.3565000000e+03 4.2200400000e-01
7.3570000000e+03 4.2151800000e-01
7.3575000000e+03 4.2103200000e-01
7.3580000000e+03 4.2054700000e-01
7.3585000000e+03 4.2006100000e-01
7.3590000000e+03 4.1957500000e-01
7.3595000000e+03 4.1908900000e-01
7.3600000000e+03 4.1860300000e-01
7.3605000000e+03 4.1811900000e-01
7.3610000000e+03 4.1763500000e-01
7.3615000000e+03 4.1715100000e-01
7.3620000000e+03 4.1666600000e-01
7.3625000000e+03 4.1618200000e-01
7.3630000000e+03 4.1569900000e-01
7.3635000000e+03 4.1521500000e-01
7.3640000000e+03 4.1473100000e-01
7.3645000000e+03 4.1563200000e-01
7.3650000000e+03 4.1653300000e-01
7.3655000000e+03 4.1743400000e-01
7.3660000000e+03 4.1833600000e-01
7.3665000000e+03 4.1923700000e-01
7.3670000000e+03 4.2013700000e-01
7.3675000000e+03 4.2103800000e-01
7.3680000000e+03 4.2193900000e-01
7.3685000000e+03 4.2283900000e-01
7.3690000000e+03 4.2373900000e-01
7.3695000000e+03 4.2463900000e-01
7.3700000000e+03 4.2554000000e-01
7.3705000000e+03 4.2644600000e-01
7.3710000000e+03 4.2735200000e-01
7.3715000000e+03 4.2825800000e-01
7.3720000000e+03 4.2916500000e-01
7.3725000000e+03 4.3007100000e-01
7.3730000000e+03 4.3097700000e-01
7.3735000000e+03 4.3188300000e-01
7.3740000000e+03 4.3278800000e-01
7.3745000000e+03 4.3242400000e-01
7.3750000000e+03 4.3205900000e-01
7.3755000000e+03 4.3169500000e-01
7.3760000000e+03 4.3133000000e-01
7.3765000000e+03 4.3096600000e-01
7.3770000000e+03 4.3060200000e-01
7.3775000000e+03 4.3023700000e-01
7.3780000000e+03 4.2987300000e-01
7.3785000000e+03 4.2950900000e-01
7.3790000000e+03 4.2914500000e-01
7.3795000000e+03 4.2878100000e-01
7.3800000000e+03 4.2841700000e-01
7.3805000000e+03 4.2801900000e-01
7.3810000000e+03 4.2762100000e-01
7.3815000000e+03 4.2722300000e-01
7.3820000000e+03 4.2682500000e-01
7.3825000000e+03 4.2642700000e-01
7.3830000000e+03 4.2602900000e-01
7.3835000000e+03 4.2563200000e-01
7.3840000000e+03 4.2523400000e-01
7.3845000000e+03 4.2515400000e-01
7.3850000000e+03 4.2507400000e-01
7.3855000000e+03 4.2499400000e-01
7.3860000000e+03 4.2491300000e-01
7.3865000000e+03 4.2483300000e-01
7.3870000000e+03 4.2475200000e-01
7.3875000000e+03 4.2467200000e-01
7.3880000000e+03 4.2459200000e-01
7.3885000000e+03 4.2451100000e-01
7.3890000000e+03 4.2443100000e-01
7.3895000000e+03 4.2435100000e-01
7.3900000000e+03 4.2427100000e-01
7.3905000000e+03 4.2424300000e-01
7.3910000000e+03 4.2421600000e-01
7.3915000000e+03 4.2418800000e-01
7.3920000000e+03 4.2416100000e-01
7.3925000000e+03 4.2413400000e-01
7.3930000000e+03 4.2410700000e-01
7.3935000000e+03 4.2407900000e-01
7.3940000000e+03 4.2405000000e-01
7.3945000000e+03 4.2402300000e-01
7.3950000000e+03 4.2399600000e-01
7.3955000000e+03 4.2396900000e-01
7.3960000000e+03 4.2394100000e-01
7.3965000000e+03 4.2391400000e-01
7.3970000000e+03 4.2388600000e-01
7.3975000000e+03 4.2385900000e-01
7.3980000000e+03 4.2383100000e-01
7.3985000000e+03 4.2380400000e-01
7.3990000000e+03 4.2377600000e-01
7.3995000000e+03 4.2374900000e-01
7.4000000000e+03 4.2372100000e-01
7.4005000000e+03 4.2361600000e-01
7.4010000000e+03 4.2351100000e-01
7.4015000000e+03 4.2340600000e-01
7.4020000000e+03 4.2330100000e-01
7.4025000000e+03 4.2319600000e-01
7.4030000000e+03 4.2309100000e-01
7.4035000000e+03 4.2298600000e-01
7.4040000000e+03 4.2288200000e-01
7.4045000000e+03 4.2302500000e-01
7.4050000000e+03 4.2316800000e-01
7.4055000000e+03 4.2331100000e-01
7.4060000000e+03 4.2345400000e-01
7.4065000000e+03 4.2359800000e-01
7.4070000000e+03 4.2374100000e-01
7.4075000000e+03 4.2388400000e-01
7.4080000000e+03 4.2402600000e-01
7.4085000000e+03 4.2416900000e-01
7.4090000000e+03 4.2431200000e-01
7.4095000000e+03 4.2445400000e-01
7.4100000000e+03 4.2459700000e-01
7.4105000000e+03 4.2480200000e-01
7.4110000000e+03 4.2500800000e-01
7.4115000000e+03 4.2521300000e-01
7.4120000000e+03 4.2541800000e-01
7.4125000000e+03 4.2562300000e-01
7.4130000000e+03 4.2582900000e-01
7.4135000000e+03 4.2603400000e-01
7.4140000000e+03 4.2624000000e-01
7.4145000000e+03 4.2649000000e-01
7.4150000000e+03 4.2674000000e-01
7.4155000000e+03 4.2699000000e-01
7.4160000000e+03 4.2724000000e-01
7.4165000000e+03 4.2749100000e-01
7.4170000000e+03 4.2774100000e-01
7.4175000000e+03 4.2799100000e-01
7.4180000000e+03 4.2824000000e-01
7.4185000000e+03 4.2849100000e-01
7.4190000000e+03 4.2874100000e-01
7.4195000000e+03 4.2899100000e-01
7.4200000000e+03 4.2924100000e-01
7.4205000000e+03 4.2944900000e-01
7.4210000000e+03 4.2965800000e-01
7.4215000000e+03 4.2986700000e-01
7.4220000000e+03 4.3007600000e-01
7.4225000000e+03 4.3028400000e-01
7.4230000000e+03 4.3049200000e-01
7.4235000000e+03 4.3070100000e-01
7.4240000000e+03 4.3090900000e-01
7.4245000000e+03 4.3073500000e-01
7.4250000000e+03 4.3056100000e-01
7.4255000000e+03 4.3038800000e-01
7.4260000000e+03 4.3021500000e-01
7.4265000000e+03 4.3004100000e-01
7.4270000000e+03 4.2986700000e-01
7.4275000000e+03 4.2969300000e-01
7.4280000000e+03 4.2952000000e-01
7.4285000000e+03 4.2934700000e-01
7.4290000000e+03 4.2917400000e-01
7.4295000000e+03 4.2900100000e-01
7.4300000000e+03 4.2882800000e-01
7.4305000000e+03 4.2866600000e-01
7.4310000000e+03 4.2850400000e-01
7.4315000000e+03 4.2834300000e-01
7.4320000000e+03 4.2818100000e-01
7.4325000000e+03 4.2802000000e-01
7.4330000000e+03 4.2785800000e-01
7.4335000000e+03 4.2769600000e-01
7.4340000000e+03 4.2753400000e-01
7.4345000000e+03 4.2809000000e-01
7.4350000000e+03 4.2864500000e-01
7.4355000000e+03 4.2920100000e-01
7.4360000000e+03 4.2975600000e-01
7.4365000000e+03 4.3031100000e-01
7.4370000000e+03 4.3086600000e-01
7.4375000000e+03 4.3142000000e-01
7.4380000000e+03 4.3197500000e-01
7.4385000000e+03 4.3252900000e-01
7.4390000000e+03 4.3308300000e-01
7.4395000000e+03 4.3363800000e-01
7.4400000000e+03 4.3419200000e-01
7.4405000000e+03 4.3474500000e-01
7.4410000000e+03 4.3529800000e-01
7.4415000000e+03 4.3585000000e-01
7.4420000000e+03 4.3640300000e-01
7.4425000000e+03 4.3695500000e-01
7.4430000000e+03 4.3750700000e-01
7.4435000000e+03 4.3805900000e-01
7.4440000000e+03 4.3861100000e-01
7.4445000000e+03 4.3750900000e-01
7.4450000000e+03 4.3640700000e-01
7.4455000000e+03 4.3530500000e-01
7.4460000000e+03 4.3420400000e-01
7.4465000000e+03 4.3310200000e-01
7.4470000000e+03 4.3200100000e-01
7.4475000000e+03 4.3090000000e-01
7.4480000000e+03 4.2980000000e-01
7.4485000000e+03 4.2870000000e-01
7.4490000000e+03 4.2760000000e-01
7.4495000000e+03 4.2650000000e-01
7.4500000000e+03 4.2540100000e-01
7.4505000000e+03 4.2430300000e-01
7.4510000000e+03 4.2320600000e-01
7.4515000000e+03 4.2210800000e-01
7.4520000000e+03 4.2101000000e-01
7.4525000000e+03 4.1991300000e-01
7.4530000000e+03 4.1881600000e-01
7.4535000000e+03 4.1771900000e-01
7.4540000000e+03 4.1662300000e-01
7.4545000000e+03 4.1679800000e-01
7.4550000000e+03 4.1697300000e-01
7.4555000000e+03 4.1714800000e-01
7.4560000000e+03 4.1732300000e-01
7.4565000000e+03 4.1749800000e-01
7.4570000000e+03 4.1767300000e-01
7.4575000000e+03 4.1784800000e-01
7.4580000000e+03 4.1802300000e-01
7.4585000000e+03 4.1819700000e-01
7.4590000000e+03 4.1837200000e-01
7.4595000000e+03 4.1854600000e-01
7.4600000000e+03 4.1872000000e-01
7.4605000000e+03 4.1890000000e-01
7.4610000000e+03 4.1907900000e-01
7.4615000000e+03 4.1925800000e-01
7.4620000000e+03 4.1943800000e-01
7.4625000000e+03 4.1961700000e-01
7.4630000000e+03 4.1979600000e-01
7.4635000000e+03 4.1997500000e-01
7.4640000000e+03 4.2015500000e-01
7.4645000000e+03 4.2075600000e-01
7.4650000000e+03 4.2135700000e-01
7.4655000000e+03 4.2195900000e-01
7.4660000000e+03 4.2256100000e-01
7.4665000000e+03 4.2316200000e-01
7.4670000000e+03 4.2376300000e-01
7.4675000000e+03 4.2436400000e-01
7.4680000000e+03 4.2496500000e-01
7.4685000000e+03 4.2556500000e-01
7.4690000000e+03 4.2616600000e-01
7.4695000000e+03 4.2676600000e-01
7.4700000000e+03 4.2736700000e-01
7.4705000000e+03 4.2796400000e-01
7.4710000000e+03 4.2856000000e-01
7.4715000000e+03 4.2915700000e-01
7.4720000000e+03 4.2975300000e-01
7.4725000000e+03 4.3034900000e-01
7.4730000000e+03 4.3094600000e-01
7.4735000000e+03 4.3154100000e-01
7.4740000000e+03 4.3213700000e-01
7.4745000000e+03 4.3162200000e-01
7.4750000000e+03 4.3110800000e-01
7.4755000000e+03 4.3059300000e-01
7.4760000000e+03 4.3007900000e-01
7.4765000000e+03 4.2956500000e-01
7.4770000000e+03 4.2905100000e-01
7.4775000000e+03 4.2853700000e-01
7.4780000000e+03 4.2802200000e-01
7.4785000000e+03 4.2750900000e-01
7.4790000000e+03 4.2699600000e-01
7.4795000000e+03 4.2648200000e-01
7.4800000000e+03 4.2596900000e-01
7.4805000000e+03 4.2546500000e-01
7.4810000000e+03 4.2496200000e-01
7.4815000000e+03 4.2445900000e-01
7.4820000000e+03 4.2395700000e-01
7.4825000000e+03 4.2345400000e-01
7.4830000000e+03 4.2295100000e-01
7.4835000000e+03 4.2244800000e-01
7.4840000000e+03 4.2194600000e-01
7.4845000000e+03 4.2139900000e-01
7.4850000000e+03 4.2085300000e-01
7.4855000000e+03 4.2030600000e-01
7.4860000000e+03 4.1976000000e-01
7.4865000000e+03 4.1921300000e-01
7.4870000000e+03 4.1866600000e-01
7.4875000000e+03 4.1812000000e-01
7.4880000000e+03 4.1757400000e-01
7.4885000000e+03 4.1702800000e-01
7.4890000000e+03 4.1648200000e-01
7.4895000000e+03 4.1593600000e-01
7.4900000000e+03 4.1539100000e-01
7.4905000000e+03 4.1483200000e-01
7.4910000000e+03 4.1427400000e-01
7.4915000000e+03 4.1371600000e-01
7.4920000000e+03 4.1315800000e-01
7.4925000000e+03 4.1260100000e-01
7.4930000000e+03 4.1204300000e-01
7.4935000000e+03 4.1148600000e-01
7.4940000000e+03 4.1093000000e-01
7.4945000000e+03 4.1154300000e-01
7.4950000000e+03 4.1215800000e-01
7.4955000000e+03 4.1277200000e-01
7.4960000000e+03 4.1338700000e-01
7.4965000000e+03 4.1400100000e-01
7.4970000000e+03 4.1461500000e-01
7.4975000000e+03 4.1522900000e-01
7.4980000000e+03 4.1584300000e-01
7.4985000000e+03 4.1645700000e-01
7.4990000000e+03 4.1707000000e-01
7.4995000000e+03 4.1768400000e-01
7.5000000000e+03 4.1829700000e-01
7.5004995120e+03 4.1892100000e-01
7.5010000000e+03 4.1954500000e-01
7.5015000000e+03 4.2016900000e-01
7.5019995120e+03 4.2079200000e-01
7.5020000000e+03 4.2079200000e-01
7.5025000000e+03 4.2141700000e-01
7.5030000000e+03 4.2204100000e-01
7.5035004880e+03 4.2266500000e-01
7.5040000000e+03 4.2328700000e-01
7.5045000000e+03 4.2278500000e-01
7.5050000000e+03 4.2228300000e-01
7.5055000000e+03 4.2178100000e-01
7.5059995120e+03 4.2128000000e-01
7.5060000000e+03 4.2128000000e-01
7.5065000000e+03 4.2077800000e-01
7.5070000000e+03 4.2027600000e-01
7.5075004880e+03 4.1977400000e-01
7.5080000000e+03 4.1927300000e-01
7.5085000000e+03 4.1877100000e-01
7.5090000000e+03 4.1826900000e-01
7.5095000000e+03 4.1776800000e-01
7.5099995120e+03 4.1726800000e-01
7.5100000000e+03 4.1726700000e-01
7.5105000000e+03 4.1674600000e-01
7.5110000000e+03 4.1622500000e-01
7.5115004880e+03 4.1570300000e-01
7.5120000000e+03 4.1518300000e-01
7.5125000000e+03 4.1466300000e-01
7.5130000000e+03 4.1414200000e-01
7.5135000000e+03 4.1362200000e-01
7.5139995120e+03 4.1310200000e-01
7.5140000000e+03 4.1310200000e-01
7.5145000000e+03 4.1297700000e-01
7.5150000000e+03 4.1285300000e-01
7.5155004880e+03 4.1272900000e-01
7.5160000000e+03 4.1260600000e-01
7.5165000000e+03 4.1248200000e-01
7.5170000000e+03 4.1235900000e-01
7.5175000000e+03 4.1223500000e-01
7.5179995120e+03 4.1211200000e-01
7.5180000000e+03 4.1211200000e-01
7.5185000000e+03 4.1198800000e-01
7.5190000000e+03 4.1186400000e-01
7.5195004880e+03 4.1174000000e-01
7.5200000000e+03 4.1161600000e-01
7.5205000000e+03 4.1154100000e-01
7.5210000000e+03 4.1146600000e-01
7.5215000000e+03 4.1139100000e-01
7.5219995120e+03 4.1131500000e-01
7.5220000000e+03 4.1131500000e-01
7.5225000000e+03 4.1123800000e-01
7.5230000000e+03 4.1116200000e-01
7.5235004880e+03 4.1108600000e-01
7.5240000000e+03 4.1101100000e-01
7.5245000000e+03 4.1091300000e-01
7.5250000000e+03 4.1081600000e-01
7.5255000000e+03 4.1071800000e-01
7.5259995120e+03 4.1062100000e-01
7.5260000000e+03 4.1062100000e-01
7.5265000000e+03 4.1052300000e-01
7.5270000000e+03 4.1042400000e-01
7.5274995120e+03 4.1032700000e-01
7.5280000000e+03 4.1022900000e-01
7.5285000000e+03 4.1013100000e-01
7.5290000000e+03 4.1003400000e-01
7.5290004880e+03 4.1003400000e-01
7.5295000000e+03 4.0993600000e-01
7.5300000000e+03 4.0983800000e-01
7.5305000000e+03 4.0965900000e-01
7.5310000000e+03 4.0947900000e-01
7.5314995120e+03 4.0930100000e-01
7.5320000000e+03 4.0912200000e-01
7.5325000000e+03 4.0894200000e-01
7.5330000000e+03 4.0876300000e-01
7.5330004880e+03 4.0876300000e-01
7.5335000000e+03 4.0858400000e-01
7.5340000000e+03 4.0840600000e-01
7.5345000000e+03 4.0785400000e-01
7.5350000000e+03 4.0730200000e-01
7.5354995120e+03 4.0675200000e-01
7.5360000000e+03 4.0620100000e-01
7.5365000000e+03 4.0564900000e-01
7.5370000000e+03 4.0509800000e-01
7.5370004880e+03 4.0509700000e-01
7.5375000000e+03 4.0454800000e-01
7.5380000000e+03 4.0399800000e-01
7.5385000000e+03 4.0344800000e-01
7.5390000000e+03 4.0289900000e-01
7.5394995120e+03 4.0235000000e-01
7.5400000000e+03 4.0180000000e-01
7.5405000000e+03 4.0132600000e-01
7.5410000000e+03 4.0085100000e-01
7.5410004880e+03 4.0085100000e-01
7.5415000000e+03 4.0037700000e-01
7.5420000000e+03 3.9990200000e-01
7.5425000000e+03 3.9942800000e-01
7.5430000000e+03 3.9895400000e-01
7.5434995120e+03 3.9848000000e-01
7.5440000000e+03 3.9800600000e-01
7.5445000000e+03 3.9823100000e-01
7.5450000000e+03 3.9845600000e-01
7.5450004880e+03 3.9845600000e-01
7.5455000000e+03 3.9868200000e-01
7.5460000000e+03 3.9890800000e-01
7.5465000000e+03 3.9913300000e-01
7.5470000000e+03 3.9935800000e-01
7.5474995120e+03 3.9958300000e-01
7.5480000000e+03 3.9980900000e-01
7.5485000000e+03 4.0003500000e-01
7.5490000000e+03 4.0026000000e-01
7.5490004880e+03 4.0026100000e-01
7.5495000000e+03 4.0048600000e-01
7.5500000000e+03 4.0071100000e-01
7.5505000000e+03 4.0091100000e-01
7.5510000000e+03 4.0111100000e-01
7.5514995120e+03 4.0131100000e-01
7.5520000000e+03 4.0151100000e-01
7.5525000000e+03 4.0171200000e-01
7.5529995120e+03 4.0191200000e-01
7.5530000000e+03 4.0191200000e-01
7.5535000000e+03 4.0211200000e-01
7.5540000000e+03 4.0231200000e-01
7.5545004880e+03 4.0268700000e-01
7.5550000000e+03 4.0306200000e-01
7.5555000000e+03 4.0343600000e-01
7.5560000000e+03 4.0381100000e-01
7.5565000000e+03 4.0418500000e-01
7.5569995120e+03 4.0455800000e-01
7.5570000000e+03 4.0455900000e-01
7.5575000000e+03 4.0493300000e-01
7.5580000000e+03 4.0530700000e-01
7.5585004880e+03 4.0568100000e-01
7.5590000000e+03 4.0605500000e-01
7.5595000000e+03 4.0642900000e-01
7.5600000000e+03 4.0680200000e-01
7.5605000000e+03 4.0715900000e-01
7.5609995120e+03 4.0751600000e-01
7.5610000000e+03 4.0751600000e-01
7.5615000000e+03 4.0787400000e-01
7.5620000000e+03 4.0823100000e-01
7.5625004880e+03 4.0858800000e-01
7.5630000000e+03 4.0894400000e-01
7.5635000000e+03 4.0930100000e-01
7.5640000000e+03 4.0965600000e-01
7.5645000000e+03 4.0929500000e-01
7.5649995120e+03 4.0893300000e-01
7.5650000000e+03 4.0893300000e-01
7.5655000000e+03 4.0857100000e-01
7.5660000000e+03 4.0820800000e-01
7.5665004880e+03 4.0784500000e-01
7.5670000000e+03 4.0748300000e-01
7.5675000000e+03 4.0712100000e-01
7.5680000000e+03 4.0675900000e-01
7.5685000000e+03 4.0639700000e-01
7.5689995120e+03 4.0603600000e-01
7.5690000000e+03 4.0603600000e-01
7.5695000000e+03 4.0567400000e-01
7.5700000000e+03 4.0531200000e-01
7.5705004880e+03 4.0495100000e-01
7.5710000000e+03 4.0459000000e-01
7.5715000000e+03 4.0423000000e-01
7.5720000000e+03 4.0386900000e-01
7.5725000000e+03 4.0350800000e-01
7.5729995120e+03 4.0314800000e-01
7.5730000000e+03 4.0314700000e-01
7.5735000000e+03 4.0278700000e-01
7.5740000000e+03 4.0242600000e-01
7.5745004880e+03 4.0213100000e-01
7.5750000000e+03 4.0183700000e-01
7.5755000000e+03 4.0154200000e-01
7.5760000000e+03 4.0124600000e-01
7.5765000000e+03 4.0095100000e-01
7.5769995120e+03 4.0065700000e-01
7.5770000000e+03 4.0065700000e-01
7.5775000000e+03 4.0036200000e-01
7.5780000000e+03 4.0006800000e-01
7.5784995120e+03 3.9977400000e-01
7.5790000000e+03 3.9947800000e-01
7.5795000000e+03 3.9918400000e-01
7.5800000000e+03 3.9888900000e-01
7.5800004880e+03 3.9888900000e-01
7.5805000000e+03 3.9861200000e-01
7.5810000000e+03 3.9833500000e-01
7.5815000000e+03 3.9805800000e-01
7.5820000000e+03 3.9778000000e-01
7.5824995120e+03 3.9750300000e-01
7.5830000000e+03 3.9722500000e-01
7.5835000000e+03 3.9694800000e-01
7.5840000000e+03 3.9667200000e-01
7.5840004880e+03 3.9667100000e-01
7.5845000000e+03 3.9732500000e-01
7.5850000000e+03 3.9798000000e-01
7.5855000000e+03 3.9863400000e-01
7.5860000000e+03 3.9928800000e-01
7.5864995120e+03 3.9994300000e-01
7.5870000000e+03 4.0059800000e-01
7.5875000000e+03 4.0125100000e-01
7.5880000000e+03 4.0190500000e-01
7.5880004880e+03 4.0190500000e-01
7.5885000000e+03 4.0255800000e-01
7.5890000000e+03 4.0321100000e-01
7.5895000000e+03 4.0386500000e-01
7.5900000000e+03 4.0451900000e-01
7.5904995120e+03 4.0515600000e-01
7.5910000000e+03 4.0579300000e-01
7.5915000000e+03 4.0643100000e-01
7.5920000000e+03 4.0706800000e-01
7.5920004880e+03 4.0706800000e-01
7.5925000000e+03 4.0770400000e-01
7.5930000000e+03 4.0834100000e-01
7.5935000000e+03 4.0897700000e-01
7.5940000000e+03 4.0961300000e-01
7.5944995120e+03 4.0860700000e-01
7.5950000000e+03 4.0760000000e-01
7.5955000000e+03 4.0659200000e-01
7.5960000000e+03 4.0558500000e-01
7.5960004880e+03 4.0558400000e-01
7.5965000000e+03 4.0457900000e-01
7.5970000000e+03 4.0357200000e-01
7.5975000000e+03 4.0256700000e-01
7.5980000000e+03 4.0156200000e-01
7.5984995120e+03 4.0055700000e-01
7.5990000000e+03 3.9955100000e-01
7.5995000000e+03 3.9854500000e-01
7.6000000000e+03 3.9754100000e-01
7.6000004880e+03 3.9754000000e-01
7.6005000000e+03 3.9656300000e-01
7.6010000000e+03 3.9558500000e-01
7.6015000000e+03 3.9460700000e-01
7.6020000000e+03 3.9362900000e-01
7.6024995120e+03 3.9265300000e-01
7.6030000000e+03 3.9167400000e-01
7.6035000000e+03 3.9069700000e-01
7.6039995120e+03 3.8972100000e-01
7.6040000000e+03 3.8972200000e-01
7.6045000000e+03 3.9075000000e-01
7.6050000000e+03 3.9177800000e-01
7.6055004880e+03 3.9280900000e-01
7.6060000000e+03 3.9383700000e-01
7.6065000000e+03 3.9486600000e-01
7.6070000000e+03 3.9589500000e-01
7.6075000000e+03 3.9692400000e-01
7.6079995120e+03 3.9795100000e-01
7.6080000000e+03 3.9795200000e-01
7.6085000000e+03 3.9898100000e-01
7.6090000000e+03 4.0000900000e-01
7.6095004880e+03 4.0103800000e-01
7.6100000000e+03 4.0206500000e-01
7.6105000000e+03 4.0305800000e-01
7.6110000000e+03 4.0405100000e-01
7.6115000000e+03 4.0504400000e-01
7.6119995120e+03 4.0603500000e-01
7.6120000000e+03 4.0603600000e-01
7.6125000000e+03 4.0702900000e-01
7.6130000000e+03 4.0802200000e-01
7.6135004880e+03 4.0901400000e-01
7.6140000000e+03 4.1000400000e-01
7.6145000000e+03 4.1007000000e-01
7.6150000000e+03 4.1013500000e-01
7.6155000000e+03 4.1020000000e-01
7.6159995120e+03 4.1026400000e-01
7.6160000000e+03 4.1026400000e-01
7.6165000000e+03 4.1032900000e-01
7.6170000000e+03 4.1039400000e-01
7.6175004880e+03 4.1045900000e-01
7.6180000000e+03 4.1052400000e-01
7.6185000000e+03 4.1058900000e-01
7.6190000000e+03 4.1065400000e-01
7.6195000000e+03 4.1071900000e-01
7.6199995120e+03 4.1078300000e-01
7.6200000000e+03 4.1078300000e-01
7.6205000000e+03 4.1086400000e-01
7.6210000000e+03 4.1094500000e-01
7.6215004880e+03 4.1102700000e-01
7.6220000000e+03 4.1110700000e-01
7.6225000000e+03 4.1118800000e-01
7.6230000000e+03 4.1126900000e-01
7.6235000000e+03 4.1135000000e-01
7.6239995120e+03 4.1143200000e-01
7.6240000000e+03 4.1143200000e-01
7.6245000000e+03 4.1153400000e-01
7.6250000000e+03 4.1163600000e-01
7.6255004880e+03 4.1173900000e-01
7.6260000000e+03 4.1184100000e-01
7.6265000000e+03 4.1194300000e-01
7.6270000000e+03 4.1204500000e-01
7.6275000000e+03 4.1214700000e-01
7.6279995120e+03 4.1224900000e-01
7.6280000000e+03 4.1224900000e-01
7.6285000000e+03 4.1235100000e-01
7.6290000000e+03 4.1245300000e-01
7.6294995120e+03 4.1255500000e-01
7.6300000000e+03 4.1265600000e-01
7.6305000000e+03 4.1276500000e-01
7.6310000000e+03 4.1287300000e-01
7.6310004880e+03 4.1287300000e-01
7.6315000000e+03 4.1298100000e-01
7.6320000000e+03 4.1308800000e-01
7.6325000000e+03 4.1319600000e-01
7.6330000000e+03 4.1330400000e-01
7.6334995120e+03 4.1341200000e-01
7.6340000000e+03 4.1352000000e-01
7.6345000000e+03 4.1388400000e-01
7.6350000000e+03 4.1424800000e-01
7.6350004880e+03 4.1424900000e-01
7.6355000000e+03 4.1461300000e-01
7.6360000000e+03 4.1497800000e-01
7.6365000000e+03 4.1534200000e-01
7.6370000000e+03 4.1570600000e-01
7.6374995120e+03 4.1607000000e-01
7.6380000000e+03 4.1643500000e-01
7.6385000000e+03 4.1679800000e-01
7.6390000000e+03 4.1716200000e-01
7.6390004880e+03 4.1716200000e-01
7.6395000000e+03 4.1752600000e-01
7.6400000000e+03 4.1789000000e-01
7.6405000000e+03 4.1822100000e-01
7.6410000000e+03 4.1855200000e-01
7.6414995120e+03 4.1888300000e-01
7.6420000000e+03 4.1921300000e-01
7.6425000000e+03 4.1954400000e-01
7.6430000000e+03 4.1987400000e-01
7.6430004880e+03 4.1987500000e-01
7.6435000000e+03 4.2020400000e-01
7.6440000000e+03 4.2053300000e-01
7.6445000000e+03 4.2026500000e-01
7.6450000000e+03 4.1999700000e-01
7.6454995120e+03 4.1972900000e-01
7.6460000000e+03 4.1946000000e-01
7.6465000000e+03 4.1919200000e-01
7.6470000000e+03 4.1892400000e-01
7.6470004880e+03 4.1892400000e-01
7.6475000000e+03 4.1865600000e-01
7.6480000000e+03 4.1838800000e-01
7.6485000000e+03 4.1812000000e-01
7.6490000000e+03 4.1785200000e-01
7.6494995120e+03 4.1758500000e-01
7.6500000000e+03 4.1731700000e-01
7.6505000000e+03 4.1707100000e-01
7.6510000000e+03 4.1682600000e-01
7.6510004880e+03 4.1682500000e-01
7.6515000000e+03 4.1658100000e-01
7.6520000000e+03 4.1633600000e-01
7.6525000000e+03 4.1609100000e-01
7.6530000000e+03 4.1584600000e-01
7.6534995120e+03 4.1560100000e-01
7.6540000000e+03 4.1535500000e-01
7.6545000000e+03 4.1523800000e-01
7.6549995120e+03 4.1512200000e-01
7.6550000000e+03 4.1512200000e-01
7.6555000000e+03 4.1500400000e-01
7.6560000000e+03 4.1488600000e-01
7.6565004880e+03 4.1476900000e-01
7.6570000000e+03 4.1465200000e-01
7.6575000000e+03 4.1453500000e-01
7.6580000000e+03 4.1441900000e-01
7.6585000000e+03 4.1430100000e-01
7.6589995120e+03 4.1418400000e-01
7.6590000000e+03 4.1418400000e-01
7.6595000000e+03 4.1406700000e-01
7.6600000000e+03 4.1395100000e-01
7.6605004880e+03 4.1382800000e-01
7.6610000000e+03 4.1370500000e-01
7.6615000000e+03 4.1358100000e-01
7.6620000000e+03 4.1345800000e-01
7.6625000000e+03 4.1333500000e-01
7.6629995120e+03 4.1321200000e-01
7.6630000000e+03 4.1321100000e-01
7.6635000000e+03 4.1308800000e-01
7.6640000000e+03 4.1296500000e-01
7.6645004880e+03 4.1294800000e-01
7.6650000000e+03 4.1293100000e-01
7.6655000000e+03 4.1291500000e-01
7.6660000000e+03 4.1289800000e-01
7.6665000000e+03 4.1288100000e-01
7.6669995120e+03 4.1286400000e-01
7.6670000000e+03 4.1286400000e-01
7.6675000000e+03 4.1284700000e-01
7.6680000000e+03 4.1283000000e-01
7.6685004880e+03 4.1281300000e-01
7.6690000000e+03 4.1279700000e-01
7.6695000000e+03 4.1278000000e-01
7.6700000000e+03 4.1276300000e-01
7.6705000000e+03 4.1273800000e-01
7.6709995120e+03 4.1271300000e-01
7.6710000000e+03 4.1271300000e-01
7.6715000000e+03 4.1268800000e-01
7.6720000000e+03 4.1266300000e-01
7.6725004880e+03 4.1263800000e-01
7.6730000000e+03 4.1261300000e-01
7.6735000000e+03 4.1258700000e-01
7.6740000000e+03 4.1256100000e-01
7.6745000000e+03 4.1198600000e-01
7.6749995120e+03 4.1141100000e-01
7.6750000000e+03 4.1141100000e-01
7.6755000000e+03 4.1083500000e-01
7.6760000000e+03 4.1025900000e-01
7.6765004880e+03 4.0968400000e-01
7.6770000000e+03 4.0911000000e-01
7.6775000000e+03 4.0853600000e-01
7.6780000000e+03 4.0796100000e-01
7.6785000000e+03 4.0738700000e-01
7.6789995120e+03 4.0681300000e-01
7.6790000000e+03 4.0681200000e-01
7.6795000000e+03 4.0623800000e-01
7.6800000000e+03 4.0566400000e-01
7.6804995120e+03 4.0509100000e-01
7.6810000000e+03 4.0451700000e-01
7.6815000000e+03 4.0394500000e-01
7.6820000000e+03 4.0337200000e-01
7.6820004880e+03 4.0337200000e-01
7.6825000000e+03 4.0279900000e-01
7.6830000000e+03 4.0222700000e-01
7.6835000000e+03 4.0165500000e-01
7.6840000000e+03 4.0108300000e-01
7.6844995120e+03 4.0127000000e-01
7.6850000000e+03 4.0145700000e-01
7.6855000000e+03 4.0164500000e-01
7.6860000000e+03 4.0183300000e-01
7.6860004880e+03 4.0183300000e-01
7.6865000000e+03 4.0202100000e-01
7.6870000000e+03 4.0220800000e-01
7.6875000000e+03 4.0239500000e-01
7.6880000000e+03 4.0258300000e-01
7.6884995120e+03 4.0277000000e-01
7.6890000000e+03 4.0295700000e-01
7.6895000000e+03 4.0314400000e-01
7.6900000000e+03 4.0333100000e-01
7.6900004880e+03 4.0333100000e-01
7.6905000000e+03 4.0352600000e-01
7.6910000000e+03 4.0372100000e-01
7.6915000000e+03 4.0391600000e-01
7.6920000000e+03 4.0411000000e-01
7.6924995120e+03 4.0430500000e-01
7.6930000000e+03 4.0450100000e-01
7.6935000000e+03 4.0469500000e-01
7.6940000000e+03 4.0488800000e-01
7.6940004880e+03 4.0488800000e-01
7.6945000000e+03 4.0443100000e-01
7.6950000000e+03 4.0397300000e-01
7.6955000000e+03 4.0351500000e-01
7.6960000000e+03 4.0305800000e-01
7.6964995120e+03 4.0260000000e-01
7.6970000000e+03 4.0214300000e-01
7.6975000000e+03 4.0168500000e-01
7.6980000000e+03 4.0122800000e-01
7.6980004880e+03 4.0122800000e-01
7.6985000000e+03 4.0077100000e-01
7.6990000000e+03 4.0031400000e-01
7.6995000000e+03 3.9985800000e-01
7.7000000000e+03 3.9940200000e-01
7.7004995120e+03 3.9894800000e-01
7.7010000000e+03 3.9849400000e-01
7.7015000000e+03 3.9804100000e-01
7.7020000000e+03 3.9758800000e-01
7.7020004880e+03 3.9758700000e-01
7.7025000000e+03 3.9713400000e-01
7.7030000000e+03 3.9668000000e-01
7.7035000000e+03 3.9622700000e-01
7.7040000000e+03 3.9577500000e-01
7.7044995120e+03 3.9599300000e-01
7.7050000000e+03 3.9621200000e-01
7.7055000000e+03 3.9643000000e-01
7.7059995120e+03 3.9664800000e-01
7.7060000000e+03 3.9664800000e-01
7.7065000000e+03 3.9686600000e-01
7.7070000000e+03 3.9708400000e-01
7.7075004880e+03 3.9730200000e-01
7.7080000000e+03 3.9752000000e-01
7.7085000000e+03 3.9773800000e-01
7.7090000000e+03 3.9795600000e-01
7.7095000000e+03 3.9817400000e-01
7.7099995120e+03 3.9839100000e-01
7.7100000000e+03 3.9839100000e-01
7.7105000000e+03 3.9859400000e-01
7.7110000000e+03 3.9879700000e-01
7.7115004880e+03 3.9899900000e-01
7.7120000000e+03 3.9920100000e-01
7.7125000000e+03 3.9940400000e-01
7.7130000000e+03 3.9960600000e-01
7.7135000000e+03 3.9980800000e-01
7.7139995120e+03 4.0000900000e-01
7.7140000000e+03 4.0000800000e-01
7.7145000000e+03 3.9939600000e-01
7.7150000000e+03 3.9878300000e-01
7.7155004880e+03 3.9816900000e-01
7.7160000000e+03 3.9755600000e-01
7.7165000000e+03 3.9694300000e-01
7.7170000000e+03 3.9633000000e-01
7.7175000000e+03 3.9571700000e-01
7.7179995120e+03 3.9510500000e-01
7.7180000000e+03 3.9510400000e-01
7.7185000000e+03 3.9449200000e-01
7.7190000000e+03 3.9388000000e-01
7.7195004880e+03 3.9326800000e-01
7.7200000000e+03 3.9265700000e-01
7.7205000000e+03 3.9204900000e-01
7.7210000000e+03 3.9144100000e-01
7.7215000000e+03 3.9083300000e-01
7.7219995120e+03 3.9022600000e-01
7.7220000000e+03 3.9022500000e-01
7.7225000000e+03 3.8961800000e-01
7.7230000000e+03 3.8901100000e-01
7.7235004880e+03 3.8840300000e-01
7.7240000000e+03 3.8779700000e-01
7.7245000000e+03 3.8785700000e-01
7.7250000000e+03 3.8791700000e-01
7.7255000000e+03 3.8797700000e-01
7.7259995120e+03 3.8803800000e-01
7.7260000000e+03 3.8803800000e-01
7.7265000000e+03 3.8809800000e-01
7.7270000000e+03 3.8815800000e-01
7.7275004880e+03 3.8821800000e-01
7.7280000000e+03 3.8827900000e-01
7.7285000000e+03 3.8833800000e-01
7.7290000000e+03 3.8839800000e-01
7.7295000000e+03 3.8845800000e-01
7.7299995120e+03 3.8851800000e-01
7.7300000000e+03 3.8851800000e-01
7.7305000000e+03 3.8858100000e-01
7.7310000000e+03 3.8864300000e-01
7.7315004880e+03 3.8870600000e-01
7.7320000000e+03 3.8876900000e-01
7.7325000000e+03 3.8883100000e-01
7.7330000000e+03 3.8889300000e-01
7.7330004880e+03 3.8889300000e-01
7.7335000000e+03 3.8895500000e-01
7.7340000000e+03 3.8901700000e-01
7.7345000000e+03 3.8912100000e-01
7.7350000000e+03 3.8922500000e-01
7.7354995120e+03 3.8932900000e-01
7.7360000000e+03 3.8943200000e-01
7.7365000000e+03 3.8953600000e-01
7.7370000000e+03 3.8964000000e-01
7.7370004880e+03 3.8964000000e-01
7.7375000000e+03 3.8974300000e-01
7.7380000000e+03 3.8984600000e-01
7.7385000000e+03 3.8995000000e-01
7.7390000000e+03 3.9005300000e-01
7.7394995120e+03 3.9015600000e-01
7.7400000000e+03 3.9026000000e-01
7.7405000000e+03 3.9039200000e-01
7.7410000000e+03 3.9052500000e-01
7.7410004880e+03 3.9052500000e-01
7.7415000000e+03 3.9065700000e-01
7.7420000000e+03 3.9078900000e-01
7.7425000000e+03 3.9092200000e-01
7.7430000000e+03 3.9105500000e-01
7.7434995120e+03 3.9118600000e-01
7.7440000000e+03 3.9131800000e-01
7.7445000000e+03 3.9091200000e-01
7.7450000000e+03 3.9050500000e-01
7.7450004880e+03 3.9050500000e-01
7.7455000000e+03 3.9009800000e-01
7.7460000000e+03 3.8969200000e-01
7.7465000000e+03 3.8928600000e-01
7.7470000000e+03 3.8887900000e-01
7.7474995120e+03 3.8847300000e-01
7.7480000000e+03 3.8806600000e-01
7.7485000000e+03 3.8766000000e-01
7.7490000000e+03 3.8725500000e-01
7.7490004880e+03 3.8725400000e-01
7.7495000000e+03 3.8684800000e-01
7.7500000000e+03 3.8644200000e-01
7.7505000000e+03 3.8601300000e-01
7.7510000000e+03 3.8558500000e-01
7.7514995120e+03 3.8515800000e-01
7.7520000000e+03 3.8473000000e-01
7.7525000000e+03 3.8430200000e-01
7.7530000000e+03 3.8387300000e-01
7.7530004880e+03 3.8387300000e-01
7.7535000000e+03 3.8344600000e-01
7.7540000000e+03 3.8301800000e-01
7.7545000000e+03 3.8281800000e-01
7.7550000000e+03 3.8261800000e-01
7.7554995120e+03 3.8241800000e-01
7.7560000000e+03 3.8221900000e-01
7.7565000000e+03 3.8201900000e-01
7.7570000000e+03 3.8181800000e-01
7.7570004880e+03 3.8181800000e-01
7.7575000000e+03 3.8161800000e-01
7.7580000000e+03 3.8141800000e-01
7.7585004880e+03 3.8121900000e-01
7.7590000000e+03 3.8102000000e-01
7.7595000000e+03 3.8082000000e-01
7.7600000000e+03 3.8062000000e-01
7.7605000000e+03 3.8036100000e-01
7.7609995120e+03 3.8010200000e-01
7.7610000000e+03 3.8010200000e-01
7.7615000000e+03 3.7984300000e-01
7.7620000000e+03 3.7958500000e-01
7.7625004880e+03 3.7932500000e-01
7.7630000000e+03 3.7906700000e-01
7.7635000000e+03 3.7880800000e-01
7.7640000000e+03 3.7855000000e-01
7.7645000000e+03 3.7818900000e-01
7.7649995120e+03 3.7782800000e-01
7.7650000000e+03 3.7782700000e-01
7.7655000000e+03 3.7746700000e-01
7.7660000000e+03 3.7710600000e-01
7.7665004880e+03 3.7674500000e-01
7.7670000000e+03 3.7638600000e-01
7.7675000000e+03 3.7602500000e-01
7.7680000000e+03 3.7566500000e-01
7.7685000000e+03 3.7530600000e-01
7.7689995120e+03 3.7494600000e-01
7.7690000000e+03 3.7494600000e-01
7.7695000000e+03 3.7458600000e-01
7.7700000000e+03 3.7422700000e-01
7.7705004880e+03 3.7394800000e-01
7.7710000000e+03 3.7366900000e-01
7.7715000000e+03 3.7339000000e-01
7.7720000000e+03 3.7311100000e-01
7.7725000000e+03 3.7283100000e-01
7.7729995120e+03 3.7255300000e-01
7.7730000000e+03 3.7255200000e-01
7.7735000000e+03 3.7227300000e-01
7.7740000000e+03 3.7199400000e-01
7.7745004880e+03 3.7229000000e-01
7.7750000000e+03 3.7258400000e-01
7.7755000000e+03 3.7288000000e-01
7.7760000000e+03 3.7317500000e-01
7.7765000000e+03 3.7347000000e-01
7.7769995120e+03 3.7376400000e-01
7.7770000000e+03 3.7376400000e-01
7.7775000000e+03 3.7405900000e-01
7.7780000000e+03 3.7435400000e-01
7.7785004880e+03 3.7464900000e-01
7.7790000000e+03 3.7494400000e-01
7.7795000000e+03 3.7523800000e-01
7.7800000000e+03 3.7553200000e-01
7.7805000000e+03 3.7582200000e-01
7.7809995120e+03 3.7611100000e-01
7.7810000000e+03 3.7611100000e-01
7.7815000000e+03 3.7640000000e-01
7.7820000000e+03 3.7668900000e-01
7.7825004880e+03 3.7697900000e-01
7.7830000000e+03 3.7726700000e-01
7.7835000000e+03 3.7755600000e-01
7.7840000000e+03 3.7784400000e-01
7.7840004880e+03 3.7784400000e-01
7.7845000000e+03 3.7780500000e-01
7.7850000000e+03 3.7776600000e-01
7.7855000000e+03 3.7772700000e-01
7.7860000000e+03 3.7768800000e-01
7.7864995120e+03 3.7765000000e-01
7.7870000000e+03 3.7761100000e-01
7.7875000000e+03 3.7757200000e-01
7.7880000000e+03 3.7753300000e-01
7.7880004880e+03 3.7753300000e-01
7.7885000000e+03 3.7749400000e-01
7.7890000000e+03 3.7745600000e-01
7.7895000000e+03 3.7741600000e-01
7.7900000000e+03 3.7737700000e-01
7.7904995120e+03 3.7732600000e-01
7.7910000000e+03 3.7727400000e-01
7.7915000000e+03 3.7722200000e-01
7.7920000000e+03 3.7716900000e-01
7.7920004880e+03 3.7716900000e-01
7.7925000000e+03 3.7711800000e-01
7.7930000000e+03 3.7706600000e-01
7.7935000000e+03 3.7701400000e-01
7.7940000000e+03 3.7696200000e-01
7.7944995120e+03 3.7699100000e-01
7.7950000000e+03 3.7702100000e-01
7.7955000000e+03 3.7705100000e-01
7.7960000000e+03 3.7708000000e-01
7.7960004880e+03 3.7708000000e-01
7.7965000000e+03 3.7711000000e-01
7.7970000000e+03 3.7714000000e-01
7.7975000000e+03 3.7717000000e-01
7.7980000000e+03 3.7719900000e-01
7.7984995120e+03 3.7722900000e-01
7.7990000000e+03 3.7725800000e-01
7.7995000000e+03 3.7728800000e-01
7.8000000000e+03 3.7731700000e-01
7.8000004880e+03 3.7731700000e-01
7.8005000000e+03 3.7734600000e-01
7.8010000000e+03 3.7737600000e-01
7.8015000000e+03 3.7740500000e-01
7.8020000000e+03 3.7743500000e-01
7.8024995120e+03 3.7746400000e-01
7.8030000000e+03 3.7749400000e-01
7.8035000000e+03 3.7752300000e-01
7.8040000000e+03 3.7755200000e-01
7.8040004880e+03 3.7755200000e-01
7.8045000000e+03 3.7764300000e-01
7.8050000000e+03 3.7773400000e-01
7.8055000000e+03 3.7782400000e-01
7.8060000000e+03 3.7791400000e-01
7.8064995120e+03 3.7800400000e-01
7.8070000000e+03 3.7809500000e-01
7.8075000000e+03 3.7818500000e-01
7.8080000000e+03 3.7827500000e-01
7.8080004880e+03 3.7827500000e-01
7.8085000000e+03 3.7836500000e-01
7.8090000000e+03 3.7845500000e-01
7.8095004880e+03 3.7854500000e-01
7.8100000000e+03 3.7863500000e-01
7.8105000000e+03 3.7869000000e-01
7.8110000000e+03 3.7874600000e-01
7.8115000000e+03 3.7880200000e-01
7.8119995120e+03 3.7885700000e-01
7.8120000000e+03 3.7885700000e-01
7.8125000000e+03 3.7891300000e-01
7.8130000000e+03 3.7896900000e-01
7.8135004880e+03 3.7902400000e-01
7.8140000000e+03 3.7908000000e-01
7.8145000000e+03 3.7911500000e-01
7.8150000000e+03 3.7915000000e-01
7.8155000000e+03 3.7918500000e-01
7.8159995120e+03 3.7922000000e-01
7.8160000000e+03 3.7922000000e-01
7.8165000000e+03 3.7925500000e-01
7.8170000000e+03 3.7928900000e-01
7.8175004880e+03 3.7932400000e-01
7.8180000000e+03 3.7936000000e-01
7.8185000000e+03 3.7939400000e-01
7.8190000000e+03 3.7942900000e-01
7.8195000000e+03 3.7946300000e-01
7.8199995120e+03 3.7949700000e-01
7.8200000000e+03 3.7949700000e-01
7.8205000000e+03 3.7954900000e-01
7.8210000000e+03 3.7960000000e-01
7.8215004880e+03 3.7965200000e-01
7.8220000000e+03 3.7970300000e-01
7.8225000000e+03 3.7975500000e-01
7.8230000000e+03 3.7980600000e-01
7.8235000000e+03 3.7985700000e-01
7.8239995120e+03 3.7990800000e-01
7.8240000000e+03 3.7990800000e-01
7.8245000000e+03 3.7998100000e-01
7.8250000000e+03 3.8005300000e-01
7.8255004880e+03 3.8012400000e-01
7.8260000000e+03 3.8019400000e-01
7.8265000000e+03 3.8026600000e-01
7.8270000000e+03 3.8033700000e-01
7.8275000000e+03 3.8040800000e-01
7.8279995120e+03 3.8047900000e-01
7.8280000000e+03 3.8047900000e-01
7.8285000000e+03 3.8055000000e-01
7.8290000000e+03 3.8062100000e-01
7.8295004880e+03 3.8069200000e-01
7.8300000000e+03 3.8076300000e-01
7.8305000000e+03 3.8081400000e-01
7.8310000000e+03 3.8086600000e-01
7.8315000000e+03 3.8091700000e-01
7.8319995120e+03 3.8096800000e-01
7.8320000000e+03 3.8096800000e-01
7.8325000000e+03 3.8101900000e-01
7.8330000000e+03 3.8106900000e-01
7.8335004880e+03 3.8112000000e-01
7.8340000000e+03 3.8117100000e-01
7.8345000000e+03 3.8112000000e-01
7.8350000000e+03 3.8107000000e-01
7.8350004880e+03 3.8107000000e-01
7.8355000000e+03 3.8102000000e-01
7.8360000000e+03 3.8097000000e-01
7.8365000000e+03 3.8092000000e-01
7.8370000000e+03 3.8087000000e-01
7.8374995120e+03 3.8082000000e-01
7.8380000000e+03 3.8076900000e-01
7.8385000000e+03 3.8072000000e-01
7.8390000000e+03 3.8067000000e-01
7.8390004880e+03 3.8067000000e-01
7.8395000000e+03 3.8062000000e-01
7.8400000000e+03 3.8056900000e-01
7.8405000000e+03 3.8056900000e-01
7.8410000000e+03 3.8056900000e-01
7.8414995120e+03 3.8056800000e-01
7.8420000000e+03 3.8056800000e-01
7.8425000000e+03 3.8056800000e-01
7.8430000000e+03 3.8056700000e-01
7.8430004880e+03 3.8056700000e-01
7.8435000000e+03 3.8056700000e-01
7.8440000000e+03 3.8056600000e-01
7.8445000000e+03 3.8092700000e-01
7.8450000000e+03 3.8128800000e-01
7.8454995120e+03 3.8164800000e-01
7.8460000000e+03 3.8200800000e-01
7.8465000000e+03 3.8236800000e-01
7.8470000000e+03 3.8272800000e-01
7.8470004880e+03 3.8272800000e-01
7.8475000000e+03 3.8308700000e-01
7.8480000000e+03 3.8344700000e-01
7.8485000000e+03 3.8380700000e-01
7.8490000000e+03 3.8416600000e-01
7.8494995120e+03 3.8452500000e-01
7.8500000000e+03 3.8488500000e-01
7.8505000000e+03 3.8518100000e-01
7.8510000000e+03 3.8547800000e-01
7.8510004880e+03 3.8547800000e-01
7.8515000000e+03 3.8577300000e-01
7.8520000000e+03 3.8606800000e-01
7.8525000000e+03 3.8636400000e-01
7.8530000000e+03 3.8666000000e-01
7.8534995120e+03 3.8695500000e-01
7.8540000000e+03 3.8725000000e-01
7.8545000000e+03 3.8698500000e-01
7.8550000000e+03 3.8672000000e-01
7.8550004880e+03 3.8671900000e-01
7.8555000000e+03 3.8645500000e-01
7.8560000000e+03 3.8619100000e-01
7.8565000000e+03 3.8592700000e-01
7.8570000000e+03 3.8566200000e-01
7.8574995120e+03 3.8539800000e-01
7.8580000000e+03 3.8513400000e-01
7.8585000000e+03 3.8487000000e-01
7.8590000000e+03 3.8460600000e-01
7.8590004880e+03 3.8460500000e-01
7.8595000000e+03 3.8434200000e-01
7.8600000000e+03 3.8407800000e-01
7.8605004880e+03 3.8386400000e-01
7.8610000000e+03 3.8365000000e-01
7.8615000000e+03 3.8343500000e-01
7.8620000000e+03 3.8322000000e-01
7.8625000000e+03 3.8300600000e-01
7.8629995120e+03 3.8279300000e-01
7.8630000000e+03 3.8279200000e-01
7.8635000000e+03 3.8257800000e-01
7.8640000000e+03 3.8236300000e-01
7.8645004880e+03 3.8234800000e-01
7.8650000000e+03 3.8233300000e-01
7.8655000000e+03 3.8231700000e-01
7.8660000000e+03 3.8230100000e-01
7.8665000000e+03 3.8228600000e-01
7.8669995120e+03 3.8227000000e-01
7.8670000000e+03 3.8227000000e-01
7.8675000000e+03 3.8225500000e-01
7.8680000000e+03 3.8223900000e-01
7.8685004880e+03 3.8222400000e-01
7.8690000000e+03 3.8220800000e-01
7.8695000000e+03 3.8219300000e-01
7.8700000000e+03 3.8217700000e-01
7.8705000000e+03 3.8214100000e-01
7.8709995120e+03 3.8210500000e-01
7.8710000000e+03 3.8210500000e-01
7.8715000000e+03 3.8206800000e-01
7.8720000000e+03 3.8203100000e-01
7.8725004880e+03 3.8199400000e-01
7.8730000000e+03 3.8195800000e-01
7.8735000000e+03 3.8192100000e-01
7.8740000000e+03 3.8188500000e-01
7.8745000000e+03 3.8192800000e-01
7.8749995120e+03 3.8197000000e-01
7.8750000000e+03 3.8197000000e-01
7.8755000000e+03 3.8201300000e-01
7.8760000000e+03 3.8205600000e-01
7.8765004880e+03 3.8209900000e-01
7.8770000000e+03 3.8214100000e-01
7.8775000000e+03 3.8218300000e-01
7.8780000000e+03 3.8222600000e-01
7.8785000000e+03 3.8226800000e-01
7.8789995120e+03 3.8231100000e-01
7.8790000000e+03 3.8231100000e-01
7.8795000000e+03 3.8235300000e-01
7.8800000000e+03 3.8239500000e-01
7.8805004880e+03 3.8244600000e-01
7.8810000000e+03 3.8249600000e-01
7.8815000000e+03 3.8254700000e-01
7.8820000000e+03 3.8259700000e-01
7.8825000000e+03 3.8264700000e-01
7.8829995120e+03 3.8269700000e-01
7.8830000000e+03 3.8269700000e-01
7.8835000000e+03 3.8274700000e-01
7.8840000000e+03 3.8279800000e-01
7.8845004880e+03 3.8272900000e-01
7.8850000000e+03 3.8266100000e-01
7.8855000000e+03 3.8259300000e-01
7.8860000000e+03 3.8252500000e-01
7.8860004880e+03 3.8252500000e-01
7.8865000000e+03 3.8245600000e-01
7.8870000000e+03 3.8238700000e-01
7.8875000000e+03 3.8231900000e-01
7.8880000000e+03 3.8225100000e-01
7.8884995120e+03 3.8218200000e-01
7.8890000000e+03 3.8211400000e-01
7.8895000000e+03 3.8204600000e-01
7.8900000000e+03 3.8197800000e-01
7.8900004880e+03 3.8197800000e-01
7.8905000000e+03 3.8190400000e-01
7.8910000000e+03 3.8183000000e-01
7.8915000000e+03 3.8175700000e-01
7.8920000000e+03 3.8168300000e-01
7.8924995120e+03 3.8161000000e-01
7.8930000000e+03 3.8153600000e-01
7.8935000000e+03 3.8146300000e-01
7.8940000000e+03 3.8139000000e-01
7.8940004880e+03 3.8139000000e-01
7.8945000000e+03 3.8153300000e-01
7.8950000000e+03 3.8167600000e-01
7.8955000000e+03 3.8181900000e-01
7.8960000000e+03 3.8196100000e-01
7.8964995120e+03 3.8210400000e-01
7.8970000000e+03 3.8224700000e-01
7.8975000000e+03 3.8238900000e-01
7.8980000000e+03 3.8253200000e-01
7.8980004880e+03 3.8253200000e-01
7.8985000000e+03 3.8267400000e-01
7.8990000000e+03 3.8281600000e-01
7.8995000000e+03 3.8295900000e-01
7.9000000000e+03 3.8310100000e-01
7.9004995120e+03 3.8323700000e-01
7.9010000000e+03 3.8337400000e-01
7.9015000000e+03 3.8351100000e-01
7.9020000000e+03 3.8364800000e-01
7.9020004880e+03 3.8364800000e-01
7.9025000000e+03 3.8378500000e-01
7.9030000000e+03 3.8392100000e-01
7.9035000000e+03 3.8405700000e-01
7.9040000000e+03 3.8419400000e-01
7.9044995120e+03 3.8380100000e-01
7.9050000000e+03 3.8340800000e-01
7.9055000000e+03 3.8301600000e-01
7.9060000000e+03 3.8262400000e-01
7.9060004880e+03 3.8262400000e-01
7.9065000000e+03 3.8223200000e-01
7.9070000000e+03 3.8183900000e-01
7.9075000000e+03 3.8144700000e-01
7.9080000000e+03 3.8105500000e-01
7.9084995120e+03 3.8066400000e-01
7.9090000000e+03 3.8027200000e-01
7.9095000000e+03 3.7988000000e-01
7.9100000000e+03 3.7948900000e-01
7.9100004880e+03 3.7948900000e-01
7.9105000000e+03 3.7909000000e-01
7.9110000000e+03 3.7869100000e-01
7.9115004880e+03 3.7829200000e-01
7.9120000000e+03 3.7789300000e-01
7.9125000000e+03 3.7749500000e-01
7.9130000000e+03 3.7709600000e-01
7.9135000000e+03 3.7669900000e-01
7.9139995120e+03 3.7630100000e-01
7.9140000000e+03 3.7630100000e-01
7.9145000000e+03 3.7621500000e-01
7.9150000000e+03 3.7613000000e-01
7.9155004880e+03 3.7604400000e-01
7.9160000000e+03 3.7595800000e-01
7.9165000000e+03 3.7587300000e-01
7.9170000000e+03 3.7578700000e-01
7.9175000000e+03 3.7570200000e-01
7.9179995120e+03 3.7561600000e-01
7.9180000000e+03 3.7561600000e-01
7.9185000000e+03 3.7553000000e-01
7.9190000000e+03 3.7544400000e-01
7.9195004880e+03 3.7535800000e-01
7.9200000000e+03 3.7527300000e-01
7.9205000000e+03 3.7520400000e-01
7.9210000000e+03 3.7513500000e-01
7.9215000000e+03 3.7506600000e-01
7.9219995120e+03 3.7499700000e-01
7.9220000000e+03 3.7499700000e-01
7.9225000000e+03 3.7492700000e-01
7.9230000000e+03 3.7485800000e-01
7.9235004880e+03 3.7478900000e-01
7.9240000000e+03 3.7472000000e-01
7.9245000000e+03 3.7492300000e-01
7.9250000000e+03 3.7512500000e-01
7.9255000000e+03 3.7532800000e-01
7.9259995120e+03 3.7553000000e-01
7.9260000000e+03 3.7553000000e-01
7.9265000000e+03 3.7573200000e-01
7.9270000000e+03 3.7593400000e-01
7.9275004880e+03 3.7613700000e-01
7.9280000000e+03 3.7633900000e-01
7.9285000000e+03 3.7654100000e-01
7.9290000000e+03 3.7674200000e-01
7.9295000000e+03 3.7694400000e-01
7.9299995120e+03 3.7714600000e-01
7.9300000000e+03 3.7714600000e-01
7.9305000000e+03 3.7735700000e-01
7.9310000000e+03 3.7756700000e-01
7.9315004880e+03 3.7777800000e-01
7.9320000000e+03 3.7798800000e-01
7.9325000000e+03 3.7819800000e-01
7.9330000000e+03 3.7840800000e-01
7.9335000000e+03 3.7861800000e-01
7.9339995120e+03 3.7882700000e-01
7.9340000000e+03 3.7882600000e-01
7.9345000000e+03 3.7810800000e-01
7.9350000000e+03 3.7738800000e-01
7.9355004880e+03 3.7666900000e-01
7.9360000000e+03 3.7595000000e-01
7.9365000000e+03 3.7523100000e-01
7.9370000000e+03 3.7451200000e-01
7.9370004880e+03 3.7451100000e-01
7.9375000000e+03 3.7379400000e-01
7.9379995120e+03 3.7307700000e-01
7.9380000000e+03 3.7307600000e-01
7.9385000000e+03 3.7235800000e-01
7.9390000000e+03 3.7164100000e-01
7.9394995120e+03 3.7092300000e-01
7.9400000000e+03 3.7020500000e-01
7.9405000000e+03 3.6945400000e-01
7.9410000000e+03 3.6870300000e-01
7.9410004880e+03 3.6870300000e-01
7.9415000000e+03 3.6795300000e-01
7.9420000000e+03 3.6720200000e-01
7.9425000000e+03 3.6645200000e-01
7.9430000000e+03 3.6570100000e-01
7.9434995120e+03 3.6495400000e-01
7.9440000000e+03 3.6420500000e-01
7.9445000000e+03 3.6455500000e-01
7.9450000000e+03 3.6490500000e-01
7.9450004880e+03 3.6490600000e-01
7.9455000000e+03 3.6525500000e-01
7.9460000000e+03 3.6560500000e-01
7.9465000000e+03 3.6595600000e-01
7.9470000000e+03 3.6630500000e-01
7.9474995120e+03 3.6665400000e-01
7.9480000000e+03 3.6700400000e-01
7.9485000000e+03 3.6735200000e-01
7.9490000000e+03 3.6770100000e-01
7.9490004880e+03 3.6770100000e-01
7.9495000000e+03 3.6804900000e-01
7.9500000000e+03 3.6839700000e-01
7.9505000000e+03 3.6874800000e-01
7.9510000000e+03 3.6909900000e-01
7.9514995120e+03 3.6944900000e-01
7.9520000000e+03 3.6979900000e-01
7.9525000000e+03 3.7014900000e-01
7.9530000000e+03 3.7049900000e-01
7.9530004880e+03 3.7049900000e-01
7.9535000000e+03 3.7084800000e-01
7.9540000000e+03 3.7119700000e-01
7.9545000000e+03 3.7098900000e-01
7.9550000000e+03 3.7078100000e-01
7.9554995120e+03 3.7057400000e-01
7.9560000000e+03 3.7036700000e-01
7.9565000000e+03 3.7016000000e-01
7.9570000000e+03 3.6995200000e-01
7.9570004880e+03 3.6995200000e-01
7.9575000000e+03 3.6974500000e-01
7.9580000000e+03 3.6953800000e-01
7.9585000000e+03 3.6933100000e-01
7.9590000000e+03 3.6912300000e-01
7.9594995120e+03 3.6891700000e-01
7.9600000000e+03 3.6871000000e-01
7.9605000000e+03 3.6851500000e-01
7.9610000000e+03 3.6831900000e-01
7.9610004880e+03 3.6831900000e-01
7.9615000000e+03 3.6812300000e-01
7.9620000000e+03 3.6792700000e-01
7.9625000000e+03 3.6773200000e-01
7.9630000000e+03 3.6753600000e-01
7.9634995120e+03 3.6734100000e-01
7.9640000000e+03 3.6714500000e-01
7.9645000000e+03 3.6738900000e-01
7.9649995120e+03 3.6763300000e-01
7.9650000000e+03 3.6763300000e-01
7.9655000000e+03 3.6787700000e-01
7.9660000000e+03 3.6812100000e-01
7.9665004880e+03 3.6836500000e-01
7.9670000000e+03 3.6860800000e-01
7.9675000000e+03 3.6885100000e-01
7.9680000000e+03 3.6909400000e-01
7.9685000000e+03 3.6933700000e-01
7.9689995120e+03 3.6957900000e-01
7.9690000000e+03 3.6957900000e-01
7.9695000000e+03 3.6982200000e-01
7.9700000000e+03 3.7006400000e-01
7.9705004880e+03 3.7031300000e-01
7.9710000000e+03 3.7056000000e-01
7.9715000000e+03 3.7080700000e-01
7.9720000000e+03 3.7105300000e-01
7.9725000000e+03 3.7130000000e-01
7.9729995120e+03 3.7154600000e-01
7.9730000000e+03 3.7154700000e-01
7.9735000000e+03 3.7179400000e-01
7.9740000000e+03 3.7204000000e-01
7.9745004880e+03 3.7158300000e-01
7.9750000000e+03 3.7112600000e-01
7.9755000000e+03 3.7066900000e-01
7.9760000000e+03 3.7021200000e-01
7.9765000000e+03 3.6975500000e-01
7.9769995120e+03 3.6929900000e-01
7.9770000000e+03 3.6929900000e-01
7.9775000000e+03 3.6884300000e-01
7.9780000000e+03 3.6838600000e-01
7.9785004880e+03 3.6793000000e-01
7.9790000000e+03 3.6747400000e-01
7.9795000000e+03 3.6701800000e-01
7.9800000000e+03 3.6656300000e-01
7.9805000000e+03 3.6619100000e-01
7.9809995120e+03 3.6581900000e-01
7.9810000000e+03 3.6581800000e-01
7.9815000000e+03 3.6544600000e-01
7.9820000000e+03 3.6507400000e-01
7.9825004880e+03 3.6470100000e-01
7.9830000000e+03 3.6432900000e-01
7.9835000000e+03 3.6395700000e-01
7.9840000000e+03 3.6358500000e-01
7.9845000000e+03 3.6370600000e-01
7.9849995120e+03 3.6382700000e-01
7.9850000000e+03 3.6382700000e-01
7.9855000000e+03 3.6394800000e-01
7.9860000000e+03 3.6406800000e-01
7.9865004880e+03 3.6418900000e-01
7.9870000000e+03 3.6431000000e-01
7.9875000000e+03 3.6443100000e-01
7.9880000000e+03 3.6455100000e-01
7.9885000000e+03 3.6467200000e-01
7.9889995120e+03 3.6479300000e-01
7.9890000000e+03 3.6479300000e-01
7.9895000000e+03 3.6491300000e-01
7.9900000000e+03 3.6503300000e-01
7.9904995120e+03 3.6510900000e-01
7.9910000000e+03 3.6518600000e-01
7.9915000000e+03 3.6526200000e-01
7.9920000000e+03 3.6533800000e-01
7.9920004880e+03 3.6533800000e-01
7.9925000000e+03 3.6541400000e-01
7.9930000000e+03 3.6548900000e-01
7.9935000000e+03 3.6556500000e-01
7.9940000000e+03 3.6564000000e-01
7.9944995120e+03 3.6550700000e-01
7.9950000000e+03 3.6537400000e-01
7.9955000000e+03 3.6524200000e-01
7.9960000000e+03 3.6511000000e-01
7.9960004880e+03 3.6511000000e-01
7.9965000000e+03 3.6497700000e-01
7.9970000000e+03 3.6484300000e-01
7.9975000000e+03 3.6471000000e-01
7.9980000000e+03 3.6457800000e-01
7.9984995120e+03 3.6444500000e-01
7.9990000000e+03 3.6431200000e-01
7.9995000000e+03 3.6417900000e-01
8.0000000000e+03 3.6404600000e-01
8.0000004880e+03 3.6404600000e-01
8.0005000000e+03 3.6385100000e-01
8.0010000000e+03 3.6365700000e-01
8.0015000000e+03 3.6346200000e-01
8.0020000000e+03 3.6326800000e-01
8.0024995120e+03 3.6307400000e-01
8.0030000000e+03 3.6287900000e-01
8.0035000000e+03 3.6268400000e-01
8.0040000000e+03 3.6248900000e-01
8.0040004880e+03 3.6248900000e-01
8.0045000000e+03 3.6212500000e-01
8.0050000000e+03 3.6176100000e-01
8.0055000000e+03 3.6139800000e-01
8.0060000000e+03 3.6103400000e-01
8.0064995120e+03 3.6067100000e-01
8.0070000000e+03 3.6030700000e-01
8.0075000000e+03 3.5994300000e-01
8.0080000000e+03 3.5958000000e-01
8.0080004880e+03 3.5957900000e-01
8.0085000000e+03 3.5921700000e-01
8.0090000000e+03 3.5885400000e-01
8.0095000000e+03 3.5849100000e-01
8.0100000000e+03 3.5812900000e-01
8.0104995120e+03 3.5779600000e-01
8.0110000000e+03 3.5746300000e-01
8.0115000000e+03 3.5713000000e-01
8.0120000000e+03 3.5679700000e-01
8.0120004880e+03 3.5679700000e-01
8.0125000000e+03 3.5646400000e-01
8.0130000000e+03 3.5613200000e-01
8.0135000000e+03 3.5579900000e-01
8.0140000000e+03 3.5546700000e-01
8.0144995120e+03 3.5588700000e-01
8.0150000000e+03 3.5630700000e-01
8.0155000000e+03 3.5672700000e-01
8.0159995120e+03 3.5714600000e-01
8.0160000000e+03 3.5714600000e-01
8.0165000000e+03 3.5756600000e-01
8.0170000000e+03 3.5798500000e-01
8.0175004880e+03 3.5840400000e-01
8.0180000000e+03 3.5882200000e-01
8.0185000000e+03 3.5924100000e-01
8.0190000000e+03 3.5965900000e-01
8.0195000000e+03 3.6007700000e-01
8.0199995120e+03 3.6049400000e-01
8.0200000000e+03 3.6049400000e-01
8.0205000000e+03 3.6093300000e-01
8.0210000000e+03 3.6137200000e-01
8.0215004880e+03 3.6181200000e-01
8.0220000000e+03 3.6225000000e-01
8.0225000000e+03 3.6268800000e-01
8.0230000000e+03 3.6312600000e-01
8.0235000000e+03 3.6356400000e-01
8.0239995120e+03 3.6400200000e-01
8.0240000000e+03 3.6400200000e-01
8.0245000000e+03 3.6367100000e-01
8.0250000000e+03 3.6334100000e-01
8.0255004880e+03 3.6301000000e-01
8.0260000000e+03 3.6268000000e-01
8.0265000000e+03 3.6235000000e-01
8.0270000000e+03 3.6201900000e-01
8.0275000000e+03 3.6169000000e-01
8.0279995120e+03 3.6136000000e-01
8.0280000000e+03 3.6136000000e-01
8.0285000000e+03 3.6102900000e-01
8.0290000000e+03 3.6069900000e-01
8.0295004880e+03 3.6036900000e-01
8.0300000000e+03 3.6004000000e-01
8.0305000000e+03 3.5968800000e-01
8.0310000000e+03 3.5933700000e-01
8.0315000000e+03 3.5898500000e-01
8.0319995120e+03 3.5863400000e-01
8.0320000000e+03 3.5863400000e-01
8.0325000000e+03 3.5828300000e-01
8.0330000000e+03 3.5793200000e-01
8.0335004880e+03 3.5758100000e-01
8.0340000000e+03 3.5723100000e-01
8.0345000000e+03 3.5736600000e-01
8.0350000000e+03 3.5750100000e-01
8.0355000000e+03 3.5763500000e-01
8.0359995120e+03 3.5777000000e-01
8.0360000000e+03 3.5777000000e-01
8.0365000000e+03 3.5790500000e-01
8.0370000000e+03 3.5804000000e-01
8.0375004880e+03 3.5817400000e-01
8.0380000000e+03 3.5830900000e-01
8.0385000000e+03 3.5844300000e-01
8.0390000000e+03 3.5857700000e-01
8.0395000000e+03 3.5871100000e-01
8.0399995120e+03 3.5884500000e-01
8.0400000000e+03 3.5884600000e-01
8.0405000000e+03 3.5897800000e-01
8.0410000000e+03 3.5911100000e-01
8.0414995120e+03 3.5924400000e-01
8.0420000000e+03 3.5937700000e-01
8.0425000000e+03 3.5951100000e-01
8.0430000000e+03 3.5964400000e-01
8.0430004880e+03 3.5964400000e-01
8.0435000000e+03 3.5977600000e-01
8.0440000000e+03 3.5990800000e-01
8.0445000000e+03 3.5961300000e-01
8.0450000000e+03 3.5931700000e-01
8.0454995120e+03 3.5902300000e-01
8.0460000000e+03 3.5872800000e-01
8.0465000000e+03 3.5843200000e-01
8.0470000000e+03 3.5813700000e-01
8.0470004880e+03 3.5813700000e-01
8.0475000000e+03 3.5784200000e-01
8.0480000000e+03 3.5754700000e-01
8.0485000000e+03 3.5725200000e-01
8.0490000000e+03 3.5695700000e-01
8.0494995120e+03 3.5666300000e-01
8.0500000000e+03 3.5636800000e-01
8.0505000000e+03 3.5612200000e-01
8.0510000000e+03 3.5587700000e-01
8.0510004880e+03 3.5587700000e-01
8.0515000000e+03 3.5563100000e-01
8.0520000000e+03 3.5538500000e-01
8.0525000000e+03 3.5513900000e-01
8.0530000000e+03 3.5489400000e-01
8.0534995120e+03 3.5464800000e-01
8.0540000000e+03 3.5440200000e-01
8.0545000000e+03 3.5439800000e-01
8.0550000000e+03 3.5439300000e-01
8.0550004880e+03 3.5439300000e-01
8.0555000000e+03 3.5438900000e-01
8.0560000000e+03 3.5438400000e-01
8.0565000000e+03 3.5437900000e-01
8.0570000000e+03 3.5437500000e-01
8.0574995120e+03 3.5437000000e-01
8.0580000000e+03 3.5436500000e-01
8.0585000000e+03 3.5436100000e-01
8.0590000000e+03 3.5435700000e-01
8.0590004880e+03 3.5435700000e-01
8.0595000000e+03 3.5435200000e-01
8.0600000000e+03 3.5434700000e-01
8.0605000000e+03 3.5424800000e-01
8.0610000000e+03 3.5414900000e-01
8.0614995120e+03 3.5405100000e-01
8.0620000000e+03 3.5395200000e-01
8.0625000000e+03 3.5385300000e-01
8.0630000000e+03 3.5375400000e-01
8.0630004880e+03 3.5375400000e-01
8.0635000000e+03 3.5365600000e-01
8.0640000000e+03 3.5355800000e-01
8.0645000000e+03 3.5364400000e-01
8.0650000000e+03 3.5372900000e-01
8.0654995120e+03 3.5381500000e-01
8.0660000000e+03 3.5390100000e-01
8.0665000000e+03 3.5398800000e-01
8.0669995120e+03 3.5407300000e-01
8.0670000000e+03 3.5407400000e-01
8.0675000000e+03 3.5415900000e-01
8.0680000000e+03 3.5424400000e-01
8.0685004880e+03 3.5433000000e-01
8.0690000000e+03 3.5441500000e-01
8.0695000000e+03 3.5450000000e-01
8.0700000000e+03 3.5458600000e-01
8.0705000000e+03 3.5476400000e-01
8.0709995120e+03 3.5494200000e-01
8.0710000000e+03 3.5494200000e-01
8.0715000000e+03 3.5512100000e-01
8.0720000000e+03 3.5530000000e-01
8.0725004880e+03 3.5547800000e-01
8.0730000000e+03 3.5565600000e-01
8.0735000000e+03 3.5583500000e-01
8.0740000000e+03 3.5601400000e-01
8.0745000000e+03 3.5567700000e-01
8.0749995120e+03 3.5534000000e-01
8.0750000000e+03 3.5534000000e-01
8.0755000000e+03 3.5500200000e-01
8.0760000000e+03 3.5466500000e-01
8.0765004880e+03 3.5432800000e-01
8.0770000000e+03 3.5399100000e-01
8.0775000000e+03 3.5365400000e-01
8.0780000000e+03 3.5331700000e-01
8.0785000000e+03 3.5298100000e-01
8.0789995120e+03 3.5264500000e-01
8.0790000000e+03 3.5264500000e-01
8.0795000000e+03 3.5230800000e-01
8.0800000000e+03 3.5197000000e-01
8.0805004880e+03 3.5160300000e-01
8.0810000000e+03 3.5123600000e-01
8.0815000000e+03 3.5086900000e-01
8.0820000000e+03 3.5050200000e-01
8.0825000000e+03 3.5013500000e-01
8.0829995120e+03 3.4976900000e-01
8.0830000000e+03 3.4976900000e-01
8.0835000000e+03 3.4940200000e-01
8.0840000000e+03 3.4903600000e-01
8.0845004880e+03 3.4929400000e-01
8.0850000000e+03 3.4955200000e-01
8.0855000000e+03 3.4980900000e-01
8.0860000000e+03 3.5006700000e-01
8.0865000000e+03 3.5032400000e-01
8.0869995120e+03 3.5058200000e-01
8.0870000000e+03 3.5058200000e-01
8.0875000000e+03 3.5083900000e-01
8.0880000000e+03 3.5109600000e-01
8.0885004880e+03 3.5135400000e-01
8.0890000000e+03 3.5161100000e-01
8.0895000000e+03 3.5186800000e-01
8.0900000000e+03 3.5212600000e-01
8.0905000000e+03 3.5233500000e-01
8.0909995120e+03 3.5254500000e-01
8.0910000000e+03 3.5254500000e-01
8.0915000000e+03 3.5275500000e-01
8.0920000000e+03 3.5296500000e-01
8.0924995120e+03 3.5317400000e-01
8.0930000000e+03 3.5338400000e-01
8.0935000000e+03 3.5359300000e-01
8.0940000000e+03 3.5380200000e-01
8.0940004880e+03 3.5380200000e-01
8.0945000000e+03 3.5377300000e-01
8.0950000000e+03 3.5374500000e-01
8.0955000000e+03 3.5371500000e-01
8.0960000000e+03 3.5368600000e-01
8.0964995120e+03 3.5365800000e-01
8.0970000000e+03 3.5362900000e-01
8.0975000000e+03 3.5360000000e-01
8.0980000000e+03 3.5357000000e-01
8.0980004880e+03 3.5357000000e-01
8.0985000000e+03 3.5354100000e-01
8.0990000000e+03 3.5351200000e-01
8.0995000000e+03 3.5348300000e-01
8.1000000000e+03 3.5345400000e-01
8.1004995120e+03 3.5350300000e-01
8.1010000000e+03 3.5355300000e-01
8.1015000000e+03 3.5360200000e-01
8.1020000000e+03 3.5365000000e-01
8.1020004880e+03 3.5365000000e-01
8.1025000000e+03 3.5370000000e-01
8.1030000000e+03 3.5374900000e-01
8.1035000000e+03 3.5379800000e-01
8.1040000000e+03 3.5384700000e-01
8.1044995120e+03 3.5409700000e-01
8.1050000000e+03 3.5434600000e-01
8.1055000000e+03 3.5459600000e-01
8.1060000000e+03 3.5484500000e-01
8.1060004880e+03 3.5484500000e-01
8.1065000000e+03 3.5509400000e-01
8.1070000000e+03 3.5534300000e-01
8.1075000000e+03 3.5559200000e-01
8.1080000000e+03 3.5584100000e-01
8.1084995120e+03 3.5609000000e-01
8.1090000000e+03 3.5633900000e-01
8.1095000000e+03 3.5658800000e-01
8.1100000000e+03 3.5683700000e-01
8.1100004880e+03 3.5683700000e-01
8.1105000000e+03 3.5704700000e-01
8.1110000000e+03 3.5725800000e-01
8.1115000000e+03 3.5746700000e-01
8.1120000000e+03 3.5767600000e-01
8.1124995120e+03 3.5788500000e-01
8.1130000000e+03 3.5809500000e-01
8.1135000000e+03 3.5830400000e-01
8.1140000000e+03 3.5851200000e-01
8.1140004880e+03 3.5851200000e-01
8.1145000000e+03 3.5797700000e-01
8.1150000000e+03 3.5744100000e-01
8.1155000000e+03 3.5690600000e-01
8.1160000000e+03 3.5637100000e-01
8.1164995120e+03 3.5583500000e-01
8.1170000000e+03 3.5529900000e-01
8.1175000000e+03 3.5476400000e-01
8.1179995120e+03 3.5423000000e-01
8.1180000000e+03 3.5422900000e-01
8.1185000000e+03 3.5369400000e-01
8.1190000000e+03 3.5316000000e-01
8.1195004880e+03 3.5262400000e-01
8.1200000000e+03 3.5209100000e-01
8.1205000000e+03 3.5154100000e-01
8.1210000000e+03 3.5099200000e-01
8.1215000000e+03 3.5044400000e-01
8.1219995120e+03 3.4989700000e-01
8.1220000000e+03 3.4989600000e-01
8.1225000000e+03 3.4934800000e-01
8.1230000000e+03 3.4880000000e-01
8.1235004880e+03 3.4825200000e-01
8.1240000000e+03 3.4770500000e-01
8.1245000000e+03 3.4737500000e-01
8.1250000000e+03 3.4704500000e-01
8.1255000000e+03 3.4671500000e-01
8.1259995120e+03 3.4638600000e-01
8.1260000000e+03 3.4638600000e-01
8.1265000000e+03 3.4605600000e-01
8.1270000000e+03 3.4572700000e-01
8.1275004880e+03 3.4539700000e-01
8.1280000000e+03 3.4506900000e-01
8.1285000000e+03 3.4474000000e-01
8.1290000000e+03 3.4441100000e-01
8.1295000000e+03 3.4408100000e-01
8.1299995120e+03 3.4375300000e-01
8.1300000000e+03 3.4375200000e-01
8.1305000000e+03 3.4343000000e-01
8.1310000000e+03 3.4310800000e-01
8.1315004880e+03 3.4278600000e-01
8.1320000000e+03 3.4246500000e-01
8.1325000000e+03 3.4214300000e-01
8.1330000000e+03 3.4182100000e-01
8.1335000000e+03 3.4150000000e-01
8.1339995120e+03 3.4117800000e-01
8.1340000000e+03 3.4117800000e-01
8.1345000000e+03 3.4154200000e-01
8.1350000000e+03 3.4190600000e-01
8.1355004880e+03 3.4226900000e-01
8.1360000000e+03 3.4263100000e-01
8.1365000000e+03 3.4299500000e-01
8.1370000000e+03 3.4335800000e-01
8.1375000000e+03 3.4372000000e-01
8.1379995120e+03 3.4408200000e-01
8.1380000000e+03 3.4408200000e-01
8.1385000000e+03 3.4444500000e-01
8.1390000000e+03 3.4480800000e-01
8.1395004880e+03 3.4517000000e-01
8.1400000000e+03 3.4553100000e-01
8.1405000000e+03 3.4588200000e-01
8.1410000000e+03 3.4623400000e-01
8.1415000000e+03 3.4658500000e-01
8.1419995120e+03 3.4693500000e-01
8.1420000000e+03 3.4693600000e-01
8.1425000000e+03 3.4728600000e-01
8.1430000000e+03 3.4763500000e-01
8.1434995120e+03 3.4798600000e-01
8.1440000000e+03 3.4833600000e-01
8.1445000000e+03 3.4811100000e-01
8.1450000000e+03 3.4788600000e-01
8.1450004880e+03 3.4788600000e-01
8.1455000000e+03 3.4766200000e-01
8.1460000000e+03 3.4743800000e-01
8.1465000000e+03 3.4721300000e-01
8.1470000000e+03 3.4698900000e-01
8.1474995120e+03 3.4676500000e-01
8.1480000000e+03 3.4654000000e-01
8.1485000000e+03 3.4631700000e-01
8.1490000000e+03 3.4609300000e-01
8.1490004880e+03 3.4609300000e-01
8.1495000000e+03 3.4586800000e-01
8.1500000000e+03 3.4564300000e-01
8.1505000000e+03 3.4546000000e-01
8.1510000000e+03 3.4527600000e-01
8.1514995120e+03 3.4509200000e-01
8.1520000000e+03 3.4490700000e-01
8.1525000000e+03 3.4472300000e-01
8.1530000000e+03 3.4454000000e-01
8.1530004880e+03 3.4454000000e-01
8.1535000000e+03 3.4435600000e-01
8.1540000000e+03 3.4417100000e-01
8.1545000000e+03 3.4389800000e-01
8.1550000000e+03 3.4362500000e-01
8.1554995120e+03 3.4335200000e-01
8.1560000000e+03 3.4307900000e-01
8.1565000000e+03 3.4280500000e-01
8.1570000000e+03 3.4253200000e-01
8.1570004880e+03 3.4253100000e-01
8.1575000000e+03 3.4225800000e-01
8.1580000000e+03 3.4198500000e-01
8.1585000000e+03 3.4171200000e-01
8.1590000000e+03 3.4143900000e-01
8.1594995120e+03 3.4116700000e-01
8.1600000000e+03 3.4089400000e-01
8.1605000000e+03 3.4053200000e-01
8.1610000000e+03 3.4017000000e-01
8.1610004880e+03 3.4017000000e-01
8.1615000000e+03 3.3980900000e-01
8.1620000000e+03 3.3944800000e-01
8.1625000000e+03 3.3908700000e-01
8.1630000000e+03 3.3872700000e-01
8.1634995120e+03 3.3836700000e-01
8.1640000000e+03 3.3800600000e-01
8.1645000000e+03 3.3805600000e-01
8.1650000000e+03 3.3810500000e-01
8.1650004880e+03 3.3810500000e-01
8.1655000000e+03 3.3815400000e-01
8.1660000000e+03 3.3820300000e-01
8.1665000000e+03 3.3825200000e-01
8.1670000000e+03 3.3830100000e-01
8.1674995120e+03 3.3835000000e-01
8.1680000000e+03 3.3839800000e-01
8.1685000000e+03 3.3844700000e-01
8.1690000000e+03 3.3849600000e-01
8.1690004880e+03 3.3849600000e-01
8.1695000000e+03 3.3854400000e-01
8.1700000000e+03 3.3859100000e-01
8.1705004880e+03 3.3873900000e-01
8.1710000000e+03 3.3888600000e-01
8.1715000000e+03 3.3903300000e-01
8.1720000000e+03 3.3917900000e-01
8.1725000000e+03 3.3932600000e-01
8.1729995120e+03 3.3947300000e-01
8.1730000000e+03 3.3947300000e-01
8.1735000000e+03 3.3962000000e-01
8.1740000000e+03 3.3976700000e-01
8.1745004880e+03 3.3957600000e-01
8.1750000000e+03 3.3938600000e-01
8.1755000000e+03 3.3919700000e-01
8.1760000000e+03 3.3900700000e-01
8.1765000000e+03 3.3881700000e-01
8.1769995120e+03 3.3862700000e-01
8.1770000000e+03 3.3862700000e-01
8.1775000000e+03 3.3843700000e-01
8.1780000000e+03 3.3824700000e-01
8.1785004880e+03 3.3805700000e-01
8.1790000000e+03 3.3786700000e-01
8.1795000000e+03 3.3767700000e-01
8.1800000000e+03 3.3748800000e-01
8.1805000000e+03 3.3729500000e-01
8.1809995120e+03 3.3710300000e-01
8.1810000000e+03 3.3710300000e-01
8.1815000000e+03 3.3690900000e-01
8.1820000000e+03 3.3671600000e-01
8.1825004880e+03 3.3652400000e-01
8.1830000000e+03 3.3633200000e-01
8.1835000000e+03 3.3613900000e-01
8.1840000000e+03 3.3594600000e-01
8.1845000000e+03 3.3624900000e-01
8.1849995120e+03 3.3655100000e-01
8.1850000000e+03 3.3655100000e-01
8.1855000000e+03 3.3685300000e-01
8.1860000000e+03 3.3715500000e-01
8.1865004880e+03 3.3745800000e-01
8.1870000000e+03 3.3776000000e-01
8.1875000000e+03 3.3806200000e-01
8.1880000000e+03 3.3836400000e-01
8.1885000000e+03 3.3866500000e-01
8.1889995120e+03 3.3896700000e-01
8.1890000000e+03 3.3896700000e-01
8.1895000000e+03 3.3926900000e-01
8.1900000000e+03 3.3957000000e-01
8.1905004880e+03 3.3981500000e-01
8.1910000000e+03 3.4005900000e-01
8.1915000000e+03 3.4030300000e-01
8.1920000000e+03 3.4054700000e-01
8.1925000000e+03 3.4079000000e-01
8.1930000000e+03 3.4103400000e-01
8.1935000000e+03 3.4127700000e-01
8.1940000000e+03 3.4152100000e-01
8.1945000000e+03 3.4118200000e-01
8.1950000000e+03 3.4084300000e-01
8.1955000000e+03 3.4050500000e-01
8.1960000000e+03 3.4016800000e-01
8.1965000000e+03 3.3983000000e-01
8.1970000000e+03 3.3949200000e-01
8.1975000000e+03 3.3915500000e-01
8.1980000000e+03 3.3881800000e-01
8.1985000000e+03 3.3848000000e-01
8.1990000000e+03 3.3814300000e-01
8.1995000000e+03 3.3780600000e-01
8.2000000000e+03 3.3747000000e-01
8.2005000000e+03 3.3715800000e-01
8.2010000000e+03 3.3684600000e-01
8.2015000000e+03 3.3653400000e-01
8.2020000000e+03 3.3622300000e-01
8.2025000000e+03 3.3591100000e-01
8.2030000000e+03 3.3560000000e-01
8.2035000000e+03 3.3528900000e-01
8.2040000000e+03 3.3497700000e-01
8.2045000000e+03 3.3480700000e-01
8.2050000000e+03 3.3463600000e-01
8.2055000000e+03 3.3446500000e-01
8.2060000000e+03 3.3429400000e-01
8.2065000000e+03 3.3412400000e-01
8.2070000000e+03 3.3395400000e-01
8.2075000000e+03 3.3378300000e-01
8.2080000000e+03 3.3361300000e-01
8.2085000000e+03 3.3344300000e-01
8.2090000000e+03 3.3327200000e-01
8.2095000000e+03 3.3310200000e-01
8.2100000000e+03 3.3293100000e-01
8.2105000000e+03 3.3278700000e-01
8.2110000000e+03 3.3264300000e-01
8.2115000000e+03 3.3249900000e-01
8.2120000000e+03 3.3235400000e-01
8.2125000000e+03 3.3221000000e-01
8.2130000000e+03 3.3206500000e-01
8.2135000000e+03 3.3192100000e-01
8.2140000000e+03 3.3177700000e-01
8.2145000000e+03 3.3186000000e-01
8.2150000000e+03 3.3194300000e-01
8.2155000000e+03 3.3202500000e-01
8.2160000000e+03 3.3210800000e-01
8.2165000000e+03 3.3219100000e-01
8.2170000000e+03 3.3227400000e-01
8.2175000000e+03 3.3235700000e-01
8.2180000000e+03 3.3243900000e-01
8.2185000000e+03 3.3252200000e-01
8.2190000000e+03 3.3260500000e-01
8.2195000000e+03 3.3268700000e-01
8.2200000000e+03 3.3277000000e-01
8.2205000000e+03 3.3275400000e-01
8.2210000000e+03 3.3273700000e-01
8.2215000000e+03 3.3272100000e-01
8.2220000000e+03 3.3270500000e-01
8.2225000000e+03 3.3268800000e-01
8.2230000000e+03 3.3267100000e-01
8.2235000000e+03 3.3265400000e-01
8.2240000000e+03 3.3263700000e-01
8.2245000000e+03 3.3253400000e-01
8.2250000000e+03 3.3243100000e-01
8.2255000000e+03 3.3232700000e-01
8.2260000000e+03 3.3222300000e-01
8.2265000000e+03 3.3212000000e-01
8.2270000000e+03 3.3201600000e-01
8.2275000000e+03 3.3191300000e-01
8.2280000000e+03 3.3180900000e-01
8.2285000000e+03 3.3170500000e-01
8.2290000000e+03 3.3160100000e-01
8.2295000000e+03 3.3149800000e-01
8.2300000000e+03 3.3139400000e-01
8.2305000000e+03 3.3137800000e-01
8.2310000000e+03 3.3136200000e-01
8.2315000000e+03 3.3134700000e-01
8.2320000000e+03 3.3133100000e-01
8.2325000000e+03 3.3131600000e-01
8.2330000000e+03 3.3130000000e-01
8.2335000000e+03 3.3128400000e-01
8.2340000000e+03 3.3126800000e-01
8.2345000000e+03 3.3128700000e-01
8.2350000000e+03 3.3130600000e-01
8.2355000000e+03 3.3132500000e-01
8.2360000000e+03 3.3134400000e-01
8.2365000000e+03 3.3136200000e-01
8.2370000000e+03 3.3138000000e-01
8.2375000000e+03 3.3139900000e-01
8.2380000000e+03 3.3141800000e-01
8.2385000000e+03 3.3143700000e-01
8.2390000000e+03 3.3145500000e-01
8.2395000000e+03 3.3147400000e-01
8.2400000000e+03 3.3149200000e-01
8.2405000000e+03 3.3148200000e-01
8.2410000000e+03 3.3147100000e-01
8.2415000000e+03 3.3146000000e-01
8.2420000000e+03 3.3145000000e-01
8.2425000000e+03 3.3143900000e-01
8.2430000000e+03 3.3142800000e-01
8.2435000000e+03 3.3141800000e-01
8.2440000000e+03 3.3140700000e-01
8.2445000000e+03 3.3115400000e-01
8.2450000000e+03 3.3090200000e-01
8.2455000000e+03 3.3065100000e-01
8.2460000000e+03 3.3039900000e-01
8.2465000000e+03 3.3014700000e-01
8.2470000000e+03 3.2989600000e-01
8.2475000000e+03 3.2964400000e-01
8.2480000000e+03 3.2939300000e-01
8.2485000000e+03 3.2914200000e-01
8.2490000000e+03 3.2889100000e-01
8.2495000000e+03 3.2864000000e-01
8.2500000000e+03 3.2838900000e-01
8.2505000000e+03 3.2816000000e-01
8.2510000000e+03 3.2793100000e-01
8.2515000000e+03 3.2770200000e-01
8.2520000000e+03 3.2747200000e-01
8.2525000000e+03 3.2724400000e-01
8.2530000000e+03 3.2701600000e-01
8.2535000000e+03 3.2678700000e-01
8.2540000000e+03 3.2655800000e-01
8.2545000000e+03 3.2675800000e-01
8.2550000000e+03 3.2695800000e-01
8.2555000000e+03 3.2715800000e-01
8.2560000000e+03 3.2735800000e-01
8.2565000000e+03 3.2755800000e-01
8.2570000000e+03 3.2775800000e-01
8.2575000000e+03 3.2795700000e-01
8.2580000000e+03 3.2815700000e-01
8.2585000000e+03 3.2835600000e-01
8.2590000000e+03 3.2855500000e-01
8.2595000000e+03 3.2875300000e-01
8.2600000000e+03 3.2895200000e-01
8.2605000000e+03 3.2913300000e-01
8.2610000000e+03 3.2931400000e-01
8.2615000000e+03 3.2949500000e-01
8.2620000000e+03 3.2967500000e-01
8.2625000000e+03 3.2985500000e-01
8.2630000000e+03 3.3003600000e-01
8.2635000000e+03 3.3021600000e-01
8.2640000000e+03 3.3039600000e-01
8.2645000000e+03 3.3023400000e-01
8.2650000000e+03 3.3007300000e-01
8.2655000000e+03 3.2991100000e-01
8.2660000000e+03 3.2974900000e-01
8.2665000000e+03 3.2958800000e-01
8.2670000000e+03 3.2942600000e-01
8.2675000000e+03 3.2926500000e-01
8.2680000000e+03 3.2910300000e-01
8.2685000000e+03 3.2894200000e-01
8.2690000000e+03 3.2878100000e-01
8.2695000000e+03 3.2861900000e-01
8.2700000000e+03 3.2845800000e-01
8.2705000000e+03 3.2831000000e-01
8.2710000000e+03 3.2816200000e-01
8.2715000000e+03 3.2801500000e-01
8.2720000000e+03 3.2786800000e-01
8.2725000000e+03 3.2772100000e-01
8.2730000000e+03 3.2757400000e-01
8.2735000000e+03 3.2742600000e-01
8.2740000000e+03 3.2727800000e-01
8.2745000000e+03 3.2709700000e-01
8.2750000000e+03 3.2691600000e-01
8.2755000000e+03 3.2673500000e-01
8.2760000000e+03 3.2655300000e-01
8.2765000000e+03 3.2637200000e-01
8.2770000000e+03 3.2619000000e-01
8.2775000000e+03 3.2601000000e-01
8.2780000000e+03 3.2582900000e-01
8.2785000000e+03 3.2564800000e-01
8.2790000000e+03 3.2546600000e-01
8.2795000000e+03 3.2528500000e-01
8.2800000000e+03 3.2510500000e-01
8.2805000000e+03 3.2492200000e-01
8.2810000000e+03 3.2473900000e-01
8.2815000000e+03 3.2455500000e-01
8.2820000000e+03 3.2437100000e-01
8.2825000000e+03 3.2418800000e-01
8.2830000000e+03 3.2400400000e-01
8.2835000000e+03 3.2382100000e-01
8.2840000000e+03 3.2363800000e-01
8.2845000000e+03 3.2342100000e-01
8.2850000000e+03 3.2320300000e-01
8.2855000000e+03 3.2298700000e-01
8.2860000000e+03 3.2277000000e-01
8.2865000000e+03 3.2255300000e-01
8.2870000000e+03 3.2233600000e-01
8.2875000000e+03 3.2212000000e-01
8.2880000000e+03 3.2190300000e-01
8.2885000000e+03 3.2168600000e-01
8.2890000000e+03 3.2147000000e-01
8.2895000000e+03 3.2125300000e-01
8.2900000000e+03 3.2103700000e-01
8.2905000000e+03 3.2077300000e-01
8.2910000000e+03 3.2050900000e-01
8.2915000000e+03 3.2024700000e-01
8.2920000000e+03 3.1998400000e-01
8.2925000000e+03 3.1972200000e-01
8.2930000000e+03 3.1945900000e-01
8.2935000000e+03 3.1919700000e-01
8.2940000000e+03 3.1893400000e-01
8.2945000000e+03 3.1895900000e-01
8.2950000000e+03 3.1898400000e-01
8.2955000000e+03 3.1900700000e-01
8.2960000000e+03 3.1903100000e-01
8.2965000000e+03 3.1905500000e-01
8.2970000000e+03 3.1908000000e-01
8.2975000000e+03 3.1910300000e-01
8.2980000000e+03 3.1912700000e-01
8.2985000000e+03 3.1915000000e-01
8.2990000000e+03 3.1917400000e-01
8.2995000000e+03 3.1919800000e-01
8.3000000000e+03 3.1922100000e-01
8.3005000000e+03 3.1927700000e-01
8.3010000000e+03 3.1933300000e-01
8.3015000000e+03 3.1938900000e-01
8.3020000000e+03 3.1944500000e-01
8.3025000000e+03 3.1950200000e-01
8.3030000000e+03 3.1955800000e-01
8.3035000000e+03 3.1961400000e-01
8.3040000000e+03 3.1967000000e-01
8.3045000000e+03 3.1960800000e-01
8.3050000000e+03 3.1954600000e-01
8.3055000000e+03 3.1948400000e-01
8.3060000000e+03 3.1942300000e-01
8.3065000000e+03 3.1936200000e-01
8.3070000000e+03 3.1930000000e-01
8.3075000000e+03 3.1923800000e-01
8.3080000000e+03 3.1917700000e-01
8.3085000000e+03 3.1911600000e-01
8.3090000000e+03 3.1905500000e-01
8.3095000000e+03 3.1899300000e-01
8.3100000000e+03 3.1893100000e-01
8.3105000000e+03 3.1886800000e-01
8.3110000000e+03 3.1880500000e-01
8.3115000000e+03 3.1874200000e-01
8.3120000000e+03 3.1867800000e-01
8.3125000000e+03 3.1861600000e-01
8.3130000000e+03 3.1855300000e-01
8.3135000000e+03 3.1849000000e-01
8.3140000000e+03 3.1842600000e-01
8.3145000000e+03 3.1828000000e-01
8.3150000000e+03 3.1813300000e-01
8.3155000000e+03 3.1798700000e-01
8.3160000000e+03 3.1784100000e-01
8.3165000000e+03 3.1769500000e-01
8.3170000000e+03 3.1754900000e-01
8.3175000000e+03 3.1740200000e-01
8.3180000000e+03 3.1725600000e-01
8.3185000000e+03 3.1711000000e-01
8.3190000000e+03 3.1696400000e-01
8.3195000000e+03 3.1681800000e-01
8.3200000000e+03 3.1667200000e-01
8.3205000000e+03 3.1655700000e-01
8.3210000000e+03 3.1644100000e-01
8.3215000000e+03 3.1632600000e-01
8.3220000000e+03 3.1621000000e-01
8.3225000000e+03 3.1609400000e-01
8.3230000000e+03 3.1597900000e-01
8.3235000000e+03 3.1586300000e-01
8.3240000000e+03 3.1574700000e-01
8.3245000000e+03 3.1573100000e-01
8.3250000000e+03 3.1571600000e-01
8.3255000000e+03 3.1570000000e-01
8.3260000000e+03 3.1568400000e-01
8.3265000000e+03 3.1566800000e-01
8.3270000000e+03 3.1565200000e-01
8.3275000000e+03 3.1563600000e-01
8.3280000000e+03 3.1562000000e-01
8.3285000000e+03 3.1560400000e-01
8.3290000000e+03 3.1558800000e-01
8.3295000000e+03 3.1557200000e-01
8.3300000000e+03 3.1555500000e-01
8.3305000000e+03 3.1549800000e-01
8.3310000000e+03 3.1544200000e-01
8.3315000000e+03 3.1538500000e-01
8.3320000000e+03 3.1532800000e-01
8.3325000000e+03 3.1527100000e-01
8.3330000000e+03 3.1521400000e-01
8.3335000000e+03 3.1515600000e-01
8.3340000000e+03 3.1509900000e-01
8.3345000000e+03 3.1501000000e-01
8.3350000000e+03 3.1492000000e-01
8.3355000000e+03 3.1483000000e-01
8.3360000000e+03 3.1473900000e-01
8.3365000000e+03 3.1464900000e-01
8.3370000000e+03 3.1455900000e-01
8.3375000000e+03 3.1446900000e-01
8.3380000000e+03 3.1437900000e-01
8.3385000000e+03 3.1428900000e-01
8.3390000000e+03 3.1419900000e-01
8.3395000000e+03 3.1410800000e-01
8.3400000000e+03 3.1401800000e-01
8.3405000000e+03 3.1396600000e-01
8.3410000000e+03 3.1391400000e-01
8.3415000000e+03 3.1386200000e-01
8.3420000000e+03 3.1381000000e-01
8.3425000000e+03 3.1375800000e-01
8.3430000000e+03 3.1370500000e-01
8.3435000000e+03 3.1365300000e-01
8.3440000000e+03 3.1360100000e-01
8.3445000000e+03 3.1351600000e-01
8.3450000000e+03 3.1343100000e-01
8.3455000000e+03 3.1334500000e-01
8.3460000000e+03 3.1325900000e-01
8.3465000000e+03 3.1317400000e-01
8.3470000000e+03 3.1308900000e-01
8.3475000000e+03 3.1300400000e-01
8.3480000000e+03 3.1291800000e-01
8.3485000000e+03 3.1283300000e-01
8.3490000000e+03 3.1274900000e-01
8.3495000000e+03 3.1266300000e-01
8.3500000000e+03 3.1257800000e-01
8.3505000000e+03 3.1247900000e-01
8.3510000000e+03 3.1238000000e-01
8.3515000000e+03 3.1228000000e-01
8.3520000000e+03 3.1218000000e-01
8.3525000000e+03 3.1208000000e-01
8.3530000000e+03 3.1198100000e-01
8.3535000000e+03 3.1188100000e-01
8.3540000000e+03 3.1178100000e-01
8.3545000000e+03 3.1179600000e-01
8.3550000000e+03 3.1181000000e-01
8.3555000000e+03 3.1182500000e-01
8.3560000000e+03 3.1184100000e-01
8.3565000000e+03 3.1185500000e-01
8.3570000000e+03 3.1187000000e-01
8.3575000000e+03 3.1188500000e-01
8.3580000000e+03 3.1190100000e-01
8.3585000000e+03 3.1191500000e-01
8.3590000000e+03 3.1193000000e-01
8.3595000000e+03 3.1194500000e-01
8.3600000000e+03 3.1195900000e-01
8.3605000000e+03 3.1197300000e-01
8.3610000000e+03 3.1198800000e-01
8.3615000000e+03 3.1200200000e-01
8.3620000000e+03 3.1201600000e-01
8.3625000000e+03 3.1203000000e-01
8.3630000000e+03 3.1204500000e-01
8.3635000000e+03 3.1205900000e-01
8.3640000000e+03 3.1207200000e-01
8.3645000000e+03 3.1179200000e-01
8.3650000000e+03 3.1151300000e-01
8.3655000000e+03 3.1123300000e-01
8.3660000000e+03 3.1095400000e-01
8.3665000000e+03 3.1067400000e-01
8.3670000000e+03 3.1039500000e-01
8.3675000000e+03 3.1011500000e-01
8.3680000000e+03 3.0983600000e-01
8.3685000000e+03 3.0955700000e-01
8.3690000000e+03 3.0927800000e-01
8.3695000000e+03 3.0899900000e-01
8.3700000000e+03 3.0872000000e-01
8.3705000000e+03 3.0840700000e-01
8.3710000000e+03 3.0809500000e-01
8.3715000000e+03 3.0778100000e-01
8.3720000000e+03 3.0746800000e-01
8.3725000000e+03 3.0715600000e-01
8.3730000000e+03 3.0684300000e-01
8.3735000000e+03 3.0653100000e-01
8.3740000000e+03 3.0621900000e-01
8.3745000000e+03 3.0641000000e-01
8.3750000000e+03 3.0660100000e-01
8.3755000000e+03 3.0679200000e-01
8.3760000000e+03 3.0698300000e-01
8.3765000000e+03 3.0717300000e-01
8.3770000000e+03 3.0736300000e-01
8.3775000000e+03 3.0755300000e-01
8.3780000000e+03 3.0774300000e-01
8.3785000000e+03 3.0793300000e-01
8.3790000000e+03 3.0812200000e-01
8.3795000000e+03 3.0831100000e-01
8.3800000000e+03 3.0850100000e-01
8.3805000000e+03 3.0874700000e-01
8.3810000000e+03 3.0899300000e-01
8.3815000000e+03 3.0923900000e-01
8.3820000000e+03 3.0948500000e-01
8.3825000000e+03 3.0973100000e-01
8.3830000000e+03 3.0997600000e-01
8.3835000000e+03 3.1022200000e-01
8.3840000000e+03 3.1046800000e-01
8.3845000000e+03 3.1021300000e-01
8.3850000000e+03 3.0995700000e-01
8.3855000000e+03 3.0970200000e-01
8.3860000000e+03 3.0944700000e-01
8.3865000000e+03 3.0919200000e-01
8.3870000000e+03 3.0893700000e-01
8.3875000000e+03 3.0868200000e-01
8.3880000000e+03 3.0842700000e-01
8.3885000000e+03 3.0817200000e-01
8.3890000000e+03 3.0791800000e-01
8.3895000000e+03 3.0766300000e-01
8.3900000000e+03 3.0740800000e-01
8.3905000000e+03 3.0717600000e-01
8.3910000000e+03 3.0694400000e-01
8.3915000000e+03 3.0671200000e-01
8.3920000000e+03 3.0648000000e-01
8.3925000000e+03 3.0624700000e-01
8.3930000000e+03 3.0601500000e-01
8.3935000000e+03 3.0578300000e-01
8.3940000000e+03 3.0555100000e-01
8.3945000000e+03 3.0565700000e-01
8.3950000000e+03 3.0576300000e-01
8.3955000000e+03 3.0586900000e-01
8.3960000000e+03 3.0597500000e-01
8.3965000000e+03 3.0608100000e-01
8.3970000000e+03 3.0618700000e-01
8.3975000000e+03 3.0629300000e-01
8.3980000000e+03 3.0639900000e-01
8.3985000000e+03 3.0650500000e-01
8.3990000000e+03 3.0661000000e-01
8.3995000000e+03 3.0671600000e-01
8.4000000000e+03 3.0682200000e-01
8.4005000000e+03 3.0682400000e-01
8.4010000000e+03 3.0682700000e-01
8.4015000000e+03 3.0682900000e-01
8.4020000000e+03 3.0683100000e-01
8.4025000000e+03 3.0683300000e-01
8.4030000000e+03 3.0683500000e-01
8.4035000000e+03 3.0683600000e-01
8.4040000000e+03 3.0683700000e-01
8.4045000000e+03 3.0680700000e-01
8.4050000000e+03 3.0677700000e-01
8.4055000000e+03 3.0674600000e-01
8.4060000000e+03 3.0671600000e-01
8.4065000000e+03 3.0668500000e-01
8.4070000000e+03 3.0665400000e-01
8.4075000000e+03 3.0662400000e-01
8.4080000000e+03 3.0659300000e-01
8.4085000000e+03 3.0656200000e-01
8.4090000000e+03 3.0653100000e-01
8.4095000000e+03 3.0650000000e-01
8.4100000000e+03 3.0646900000e-01
8.4105000000e+03 3.0647600000e-01
8.4110000000e+03 3.0648400000e-01
8.4115000000e+03 3.0649100000e-01
8.4120000000e+03 3.0649800000e-01
8.4125000000e+03 3.0650600000e-01
8.4130000000e+03 3.0651300000e-01
8.4135000000e+03 3.0652000000e-01
8.4140000000e+03 3.0652800000e-01
8.4145000000e+03 3.0643900000e-01
8.4150000000e+03 3.0635100000e-01
8.4155000000e+03 3.0626300000e-01
8.4160000000e+03 3.0617400000e-01
8.4165000000e+03 3.0608600000e-01
8.4170000000e+03 3.0599700000e-01
8.4175000000e+03 3.0590900000e-01
8.4180000000e+03 3.0582000000e-01
8.4185000000e+03 3.0573200000e-01
8.4190000000e+03 3.0564300000e-01
8.4195000000e+03 3.0555400000e-01
8.4200000000e+03 3.0546600000e-01
8.4205000000e+03 3.0538800000e-01
8.4210000000e+03 3.0531000000e-01
8.4215000000e+03 3.0523100000e-01
8.4220000000e+03 3.0515200000e-01
8.4225000000e+03 3.0507300000e-01
8.4230000000e+03 3.0499400000e-01
8.4235000000e+03 3.0491600000e-01
8.4240000000e+03 3.0483800000e-01
8.4245000000e+03 3.0480700000e-01
8.4250000000e+03 3.0477600000e-01
8.4255000000e+03 3.0474500000e-01
8.4260000000e+03 3.0471400000e-01
8.4265000000e+03 3.0468300000e-01
8.4270000000e+03 3.0465200000e-01
8.4275000000e+03 3.0462100000e-01
8.4280000000e+03 3.0458900000e-01
8.4285000000e+03 3.0455800000e-01
8.4290000000e+03 3.0452600000e-01
8.4295000000e+03 3.0449500000e-01
8.4300000000e+03 3.0446400000e-01
8.4305000000e+03 3.0439200000e-01
8.4310000000e+03 3.0432000000e-01
8.4315000000e+03 3.0424700000e-01
8.4320000000e+03 3.0417400000e-01
8.4325000000e+03 3.0410100000e-01
8.4330000000e+03 3.0402800000e-01
8.4335000000e+03 3.0395600000e-01
8.4340000000e+03 3.0388300000e-01
8.4345000000e+03 3.0340100000e-01
8.4350000000e+03 3.0291900000e-01
8.4355000000e+03 3.0243800000e-01
8.4360000000e+03 3.0195700000e-01
8.4365000000e+03 3.0147600000e-01
8.4370000000e+03 3.0099600000e-01
8.4375000000e+03 3.0051600000e-01
8.4380000000e+03 3.0003600000e-01
8.4385000000e+03 2.9955700000e-01
8.4390000000e+03 2.9907800000e-01
8.4395000000e+03 2.9859900000e-01
8.4400000000e+03 2.9812000000e-01
8.4405000000e+03 2.9768700000e-01
8.4410000000e+03 2.9725400000e-01
8.4415000000e+03 2.9682200000e-01
8.4420000000e+03 2.9639000000e-01
8.4425000000e+03 2.9595800000e-01
8.4430000000e+03 2.9552600000e-01
8.4435000000e+03 2.9509400000e-01
8.4440000000e+03 2.9466300000e-01
8.4445000000e+03 2.9485600000e-01
8.4450000000e+03 2.9505000000e-01
8.4455000000e+03 2.9524300000e-01
8.4460000000e+03 2.9543700000e-01
8.4465000000e+03 2.9563100000e-01
8.4470000000e+03 2.9582400000e-01
8.4475000000e+03 2.9601700000e-01
8.4480000000e+03 2.9621000000e-01
8.4485000000e+03 2.9640300000e-01
8.4490000000e+03 2.9659600000e-01
8.4495000000e+03 2.9678900000e-01
8.4500000000e+03 2.9698200000e-01
8.4505000000e+03 2.9716300000e-01
8.4510000000e+03 2.9734300000e-01
8.4515000000e+03 2.9752400000e-01
8.4520000000e+03 2.9770400000e-01
8.4525000000e+03 2.9788500000e-01
8.4530000000e+03 2.9806500000e-01
8.4535000000e+03 2.9824500000e-01
8.4540000000e+03 2.9842600000e-01
8.4545000000e+03 2.9838800000e-01
8.4550000000e+03 2.9834900000e-01
8.4555000000e+03 2.9831200000e-01
8.4560000000e+03 2.9827400000e-01
8.4565000000e+03 2.9823600000e-01
8.4570000000e+03 2.9819800000e-01
8.4575000000e+03 2.9816000000e-01
8.4580000000e+03 2.9812100000e-01
8.4585000000e+03 2.9808300000e-01
8.4590000000e+03 2.9804500000e-01
8.4595000000e+03 2.9800700000e-01
8.4600000000e+03 2.9796800000e-01
8.4605000000e+03 2.9792100000e-01
8.4610000000e+03 2.9787400000e-01
8.4615000000e+03 2.9782700000e-01
8.4620000000e+03 2.9777900000e-01
8.4625000000e+03 2.9773100000e-01
8.4630000000e+03 2.9768400000e-01
8.4635000000e+03 2.9763700000e-01
8.4640000000e+03 2.9759000000e-01
8.4645000000e+03 2.9743400000e-01
8.4650000000e+03 2.9727800000e-01
8.4655000000e+03 2.9712300000e-01
8.4660000000e+03 2.9696700000e-01
8.4665000000e+03 2.9681200000e-01
8.4670000000e+03 2.9665600000e-01
8.4675000000e+03 2.9650100000e-01
8.4680000000e+03 2.9634500000e-01
8.4685000000e+03 2.9619000000e-01
8.4690000000e+03 2.9603400000e-01
8.4695000000e+03 2.9587900000e-01
8.4700000000e+03 2.9572400000e-01
8.4705000000e+03 2.9558200000e-01
8.4710000000e+03 2.9544000000e-01
8.4715000000e+03 2.9529900000e-01
8.4720000000e+03 2.9515800000e-01
8.4725000000e+03 2.9501500000e-01
8.4730000000e+03 2.9487200000e-01
8.4735000000e+03 2.9473100000e-01
8.4740000000e+03 2.9459000000e-01
8.4745000000e+03 2.9434100000e-01
8.4750000000e+03 2.9409200000e-01
8.4755000000e+03 2.9384300000e-01
8.4760000000e+03 2.9359300000e-01
8.4765000000e+03 2.9334400000e-01
8.4770000000e+03 2.9309600000e-01
8.4775000000e+03 2.9284700000e-01
8.4780000000e+03 2.9259900000e-01
8.4785000000e+03 2.9234900000e-01
8.4790000000e+03 2.9210000000e-01
8.4795000000e+03 2.9185200000e-01
8.4800000000e+03 2.9160400000e-01
8.4805000000e+03 2.9141000000e-01
8.4810000000e+03 2.9121600000e-01
8.4815000000e+03 2.9102200000e-01
8.4820000000e+03 2.9082900000e-01
8.4825000000e+03 2.9063400000e-01
8.4830000000e+03 2.9044000000e-01
8.4835000000e+03 2.9024500000e-01
8.4840000000e+03 2.9005100000e-01
8.4845000000e+03 2.9016300000e-01
8.4850000000e+03 2.9027500000e-01
8.4855000000e+03 2.9038700000e-01
8.4860000000e+03 2.9049900000e-01
8.4865000000e+03 2.9061100000e-01
8.4870000000e+03 2.9072200000e-01
8.4875000000e+03 2.9083400000e-01
8.4880000000e+03 2.9094500000e-01
8.4885000000e+03 2.9105700000e-01
8.4890000000e+03 2.9116800000e-01
8.4895000000e+03 2.9128000000e-01
8.4900000000e+03 2.9139100000e-01
8.4905000000e+03 2.9140800000e-01
8.4910000000e+03 2.9142500000e-01
8.4915000000e+03 2.9144200000e-01
8.4920000000e+03 2.9145900000e-01
8.4925000000e+03 2.9147500000e-01
8.4930000000e+03 2.9149200000e-01
8.4935000000e+03 2.9150800000e-01
8.4940000000e+03 2.9152500000e-01
8.4945000000e+03 2.9132800000e-01
8.4950000000e+03 2.9113100000e-01
8.4955000000e+03 2.9093400000e-01
8.4960000000e+03 2.9073600000e-01
8.4965000000e+03 2.9054000000e-01
8.4970000000e+03 2.9034400000e-01
8.4975000000e+03 2.9014700000e-01
8.4980000000e+03 2.8995000000e-01
8.4985000000e+03 2.8975300000e-01
8.4990000000e+03 2.8955700000e-01
8.4995000000e+03 2.8936000000e-01
8.5000000000e+03 2.8916400000e-01
8.5005000000e+03 2.8900700000e-01
8.5010000000e+03 2.8885000000e-01
8.5015000000e+03 2.8869300000e-01
8.5020000000e+03 2.8853500000e-01
8.5025000000e+03 2.8837800000e-01
8.5030000000e+03 2.8822100000e-01
8.5035000000e+03 2.8806500000e-01
8.5040000000e+03 2.8790800000e-01
8.5045000000e+03 2.8828100000e-01
8.5050000000e+03 2.8865300000e-01
8.5055000000e+03 2.8902600000e-01
8.5060000000e+03 2.8939700000e-01
8.5065000000e+03 2.8976900000e-01
8.5070000000e+03 2.9013900000e-01
8.5075000000e+03 2.9051100000e-01
8.5080000000e+03 2.9088200000e-01
8.5085000000e+03 2.9125200000e-01
8.5090000000e+03 2.9162300000e-01
8.5095000000e+03 2.9199300000e-01
8.5100000000e+03 2.9236300000e-01
8.5105000000e+03 2.9275100000e-01
8.5110000000e+03 2.9313800000e-01
8.5115000000e+03 2.9352600000e-01
8.5120000000e+03 2.9391300000e-01
8.5125000000e+03 2.9430100000e-01
8.5130000000e+03 2.9468800000e-01
8.5135000000e+03 2.9507400000e-01
8.5140000000e+03 2.9546100000e-01
8.5145000000e+03 2.9488300000e-01
8.5150000000e+03 2.9430600000e-01
8.5155000000e+03 2.9373000000e-01
8.5160000000e+03 2.9315400000e-01
8.5165000000e+03 2.9257700000e-01
8.5170000000e+03 2.9200000000e-01
8.5175000000e+03 2.9142500000e-01
8.5180000000e+03 2.9084900000e-01
8.5185000000e+03 2.9027400000e-01
8.5190000000e+03 2.8969800000e-01
8.5195000000e+03 2.8912300000e-01
8.5200000000e+03 2.8854700000e-01
8.5205000000e+03 2.8796300000e-01
8.5210000000e+03 2.8737800000e-01
8.5215000000e+03 2.8679400000e-01
8.5220000000e+03 2.8621000000e-01
8.5225000000e+03 2.8562500000e-01
8.5230000000e+03 2.8504100000e-01
8.5235000000e+03 2.8445800000e-01
8.5240000000e+03 2.8387500000e-01
8.5245000000e+03 2.8404200000e-01
8.5250000000e+03 2.8420800000e-01
8.5255000000e+03 2.8437400000e-01
8.5260000000e+03 2.8454000000e-01
8.5265000000e+03 2.8470500000e-01
8.5270000000e+03 2.8487100000e-01
8.5275000000e+03 2.8503600000e-01
8.5280000000e+03 2.8520100000e-01
8.5285000000e+03 2.8536600000e-01
8.5290000000e+03 2.8553200000e-01
8.5295000000e+03 2.8569700000e-01
8.5300000000e+03 2.8586200000e-01
8.5305000000e+03 2.8598700000e-01
8.5310000000e+03 2.8611300000e-01
8.5315000000e+03 2.8623900000e-01
8.5320000000e+03 2.8636500000e-01
8.5325000000e+03 2.8649000000e-01
8.5330000000e+03 2.8661500000e-01
8.5335000000e+03 2.8674000000e-01
8.5340000000e+03 2.8686500000e-01
8.5345000000e+03 2.8701900000e-01
8.5350000000e+03 2.8717300000e-01
8.5355000000e+03 2.8732700000e-01
8.5360000000e+03 2.8748100000e-01
8.5365000000e+03 2.8763400000e-01
8.5370000000e+03 2.8778800000e-01
8.5375000000e+03 2.8794100000e-01
8.5380000000e+03 2.8809400000e-01
8.5385000000e+03 2.8824700000e-01
8.5390000000e+03 2.8840000000e-01
8.5395000000e+03 2.8855200000e-01
8.5400000000e+03 2.8870400000e-01
8.5405000000e+03 2.8890200000e-01
8.5410000000e+03 2.8910000000e-01
8.5415000000e+03 2.8929700000e-01
8.5420000000e+03 2.8949400000e-01
8.5425000000e+03 2.8969100000e-01
8.5430000000e+03 2.8988800000e-01
8.5435000000e+03 2.9008500000e-01
8.5440000000e+03 2.9028200000e-01
8.5445000000e+03 2.9036000000e-01
8.5450000000e+03 2.9043800000e-01
8.5455000000e+03 2.9051600000e-01
8.5460000000e+03 2.9059400000e-01
8.5465000000e+03 2.9067200000e-01
8.5470000000e+03 2.9074900000e-01
8.5475000000e+03 2.9082700000e-01
8.5480000000e+03 2.9090400000e-01
8.5485000000e+03 2.9098200000e-01
8.5490000000e+03 2.9106000000e-01
8.5495000000e+03 2.9113700000e-01
8.5500000000e+03 2.9121500000e-01
8.5505000000e+03 2.9127700000e-01
8.5510000000e+03 2.9134000000e-01
8.5515000000e+03 2.9140100000e-01
8.5520000000e+03 2.9146300000e-01
8.5525000000e+03 2.9152500000e-01
8.5530000000e+03 2.9158700000e-01
8.5535000000e+03 2.9164900000e-01
8.5540000000e+03 2.9171100000e-01
8.5545000000e+03 2.9103800000e-01
8.5550000000e+03 2.9036500000e-01
8.5555000000e+03 2.8969100000e-01
8.5560000000e+03 2.8901800000e-01
8.5565000000e+03 2.8834500000e-01
8.5570000000e+03 2.8767300000e-01
8.5575000000e+03 2.8700100000e-01
8.5580000000e+03 2.8632900000e-01
8.5585000000e+03 2.8565800000e-01
8.5590000000e+03 2.8498700000e-01
8.5595000000e+03 2.8431700000e-01
8.5600000000e+03 2.8364700000e-01
8.5605000000e+03 2.8298400000e-01
8.5610000000e+03 2.8232100000e-01
8.5615000000e+03 2.8166000000e-01
8.5620000000e+03 2.8099800000e-01
8.5625000000e+03 2.8033700000e-01
8.5630000000e+03 2.7967500000e-01
8.5635000000e+03 2.7901400000e-01
8.5640000000e+03 2.7835400000e-01
8.5645000000e+03 2.7874700000e-01
8.5650000000e+03 2.7914100000e-01
8.5655000000e+03 2.7953300000e-01
8.5660000000e+03 2.7992500000e-01
8.5665000000e+03 2.8031800000e-01
8.5670000000e+03 2.8071000000e-01
8.5675000000e+03 2.8110200000e-01
8.5680000000e+03 2.8149300000e-01
8.5685000000e+03 2.8188400000e-01
8.5690000000e+03 2.8227500000e-01
8.5695000000e+03 2.8266600000e-01
8.5700000000e+03 2.8305600000e-01
8.5705000000e+03 2.8343600000e-01
8.5710000000e+03 2.8381600000e-01
8.5715000000e+03 2.8419500000e-01
8.5720000000e+03 2.8457400000e-01
8.5725000000e+03 2.8495200000e-01
8.5730000000e+03 2.8533100000e-01
8.5735000000e+03 2.8570900000e-01
8.5740000000e+03 2.8608700000e-01
8.5745000000e+03 2.8567800000e-01
8.5750000000e+03 2.8527000000e-01
8.5755000000e+03 2.8486200000e-01
8.5760000000e+03 2.8445500000e-01
8.5765000000e+03 2.8404800000e-01
8.5770000000e+03 2.8364100000e-01
8.5775000000e+03 2.8323400000e-01
8.5780000000e+03 2.8282800000e-01
8.5785000000e+03 2.8242100000e-01
8.5790000000e+03 2.8201400000e-01
8.5795000000e+03 2.8160900000e-01
8.5800000000e+03 2.8120300000e-01
8.5805000000e+03 2.8079200000e-01
8.5810000000e+03 2.8038100000e-01
8.5815000000e+03 2.7997100000e-01
8.5820000000e+03 2.7956200000e-01
8.5825000000e+03 2.7915200000e-01
8.5830000000e+03 2.7874300000e-01
8.5835000000e+03 2.7833300000e-01
8.5840000000e+03 2.7792400000e-01
8.5845000000e+03 2.7786200000e-01
8.5850000000e+03 2.7780000000e-01
8.5855000000e+03 2.7773800000e-01
8.5860000000e+03 2.7767600000e-01
8.5865000000e+03 2.7761400000e-01
8.5870000000e+03 2.7755200000e-01
8.5875000000e+03 2.7749000000e-01
8.5880000000e+03 2.7742800000e-01
8.5885000000e+03 2.7736600000e-01
8.5890000000e+03 2.7730400000e-01
8.5895000000e+03 2.7724200000e-01
8.5900000000e+03 2.7718000000e-01
8.5905000000e+03 2.7712400000e-01
8.5910000000e+03 2.7706900000e-01
8.5915000000e+03 2.7701300000e-01
8.5920000000e+03 2.7695700000e-01
8.5925000000e+03 2.7690200000e-01
8.5930000000e+03 2.7684600000e-01
8.5935000000e+03 2.7679000000e-01
8.5940000000e+03 2.7673500000e-01
8.5945000000e+03 2.7662200000e-01
8.5950000000e+03 2.7650900000e-01
8.5955000000e+03 2.7639500000e-01
8.5960000000e+03 2.7628100000e-01
8.5965000000e+03 2.7616800000e-01
8.5970000000e+03 2.7605600000e-01
8.5975000000e+03 2.7594300000e-01
8.5980000000e+03 2.7582900000e-01
8.5985000000e+03 2.7571600000e-01
8.5990000000e+03 2.7560300000e-01
8.5995000000e+03 2.7549000000e-01
8.6000000000e+03 2.7537700000e-01
8.6005000000e+03 2.7526900000e-01
8.6010000000e+03 2.7516100000e-01
8.6015000000e+03 2.7505300000e-01
8.6020000000e+03 2.7494500000e-01
8.6025000000e+03 2.7483700000e-01
8.6030000000e+03 2.7472900000e-01
8.6035000000e+03 2.7462100000e-01
8.6040000000e+03 2.7451300000e-01
8.6045000000e+03 2.7462000000e-01
8.6050000000e+03 2.7472600000e-01
8.6055000000e+03 2.7483200000e-01
8.6060000000e+03 2.7493800000e-01
8.6065000000e+03 2.7504400000e-01
8.6070000000e+03 2.7515000000e-01
8.6075000000e+03 2.7525500000e-01
8.6080000000e+03 2.7535900000e-01
8.6085000000e+03 2.7546500000e-01
8.6090000000e+03 2.7557000000e-01
8.6095000000e+03 2.7567500000e-01
8.6100000000e+03 2.7578000000e-01
8.6105000000e+03 2.7588800000e-01
8.6110000000e+03 2.7599600000e-01
8.6115000000e+03 2.7610400000e-01
8.6120000000e+03 2.7621100000e-01
8.6125000000e+03 2.7631800000e-01
8.6130000000e+03 2.7642600000e-01
8.6135000000e+03 2.7653300000e-01
8.6140000000e+03 2.7664000000e-01
8.6145000000e+03 2.7657700000e-01
8.6150000000e+03 2.7651400000e-01
8.6155000000e+03 2.7645000000e-01
8.6160000000e+03 2.7638700000e-01
8.6165000000e+03 2.7632300000e-01
8.6170000000e+03 2.7625900000e-01
8.6175000000e+03 2.7619600000e-01
8.6180000000e+03 2.7613200000e-01
8.6185000000e+03 2.7606800000e-01
8.6190000000e+03 2.7600500000e-01
8.6195000000e+03 2.7594100000e-01
8.6200000000e+03 2.7587800000e-01
8.6205000000e+03 2.7579100000e-01
8.6210000000e+03 2.7570300000e-01
8.6215000000e+03 2.7561600000e-01
8.6220000000e+03 2.7552900000e-01
8.6225000000e+03 2.7544100000e-01
8.6230000000e+03 2.7535400000e-01
8.6235000000e+03 2.7526600000e-01
8.6240000000e+03 2.7517900000e-01
8.6245000000e+03 2.7485100000e-01
8.6250000000e+03 2.7452400000e-01
8.6255000000e+03 2.7419700000e-01
8.6260000000e+03 2.7387000000e-01
8.6265000000e+03 2.7354400000e-01
8.6270000000e+03 2.7321800000e-01
8.6275000000e+03 2.7289200000e-01
8.6280000000e+03 2.7256600000e-01
8.6285000000e+03 2.7224000000e-01
8.6290000000e+03 2.7191500000e-01
8.6295000000e+03 2.7158900000e-01
8.6300000000e+03 2.7126300000e-01
8.6305000000e+03 2.7094700000e-01
8.6310000000e+03 2.7063100000e-01
8.6315000000e+03 2.7031400000e-01
8.6320000000e+03 2.6999800000e-01
8.6325000000e+03 2.6968200000e-01
8.6330000000e+03 2.6936700000e-01
8.6335000000e+03 2.6905100000e-01
8.6340000000e+03 2.6873600000e-01
8.6345000000e+03 2.6879800000e-01
8.6350000000e+03 2.6886100000e-01
8.6355000000e+03 2.6892400000e-01
8.6360000000e+03 2.6898600000e-01
8.6365000000e+03 2.6904900000e-01
8.6370000000e+03 2.6911100000e-01
8.6375000000e+03 2.6917400000e-01
8.6380000000e+03 2.6923600000e-01
8.6385000000e+03 2.6929800000e-01
8.6390000000e+03 2.6935900000e-01
8.6395000000e+03 2.6942200000e-01
8.6400000000e+03 2.6948300000e-01
8.6405000000e+03 2.6956400000e-01
8.6410000000e+03 2.6964400000e-01
8.6415000000e+03 2.6972500000e-01
8.6420000000e+03 2.6980500000e-01
8.6425000000e+03 2.6988600000e-01
8.6430000000e+03 2.6996600000e-01
8.6435000000e+03 2.7004600000e-01
8.6440000000e+03 2.7012600000e-01
8.6445000000e+03 2.7005200000e-01
8.6450000000e+03 2.6997800000e-01
8.6455000000e+03 2.6990500000e-01
8.6460000000e+03 2.6983200000e-01
8.6465000000e+03 2.6975900000e-01
8.6470000000e+03 2.6968500000e-01
8.6475000000e+03 2.6961200000e-01
8.6480000000e+03 2.6953900000e-01
8.6485000000e+03 2.6946600000e-01
8.6490000000e+03 2.6939200000e-01
8.6495000000e+03 2.6931900000e-01
8.6500000000e+03 2.6924500000e-01
8.6505000000e+03 2.6916400000e-01
8.6510000000e+03 2.6908300000e-01
8.6515000000e+03 2.6900200000e-01
8.6520000000e+03 2.6892000000e-01
8.6525000000e+03 2.6883900000e-01
8.6530000000e+03 2.6875800000e-01
8.6535000000e+03 2.6867700000e-01
8.6540000000e+03 2.6859500000e-01
8.6545000000e+03 2.6832000000e-01
8.6550000000e+03 2.6804500000e-01
8.6555000000e+03 2.6777000000e-01
8.6560000000e+03 2.6749500000e-01
8.6565000000e+03 2.6722100000e-01
8.6570000000e+03 2.6694700000e-01
8.6575000000e+03 2.6667300000e-01
8.6580000000e+03 2.6639900000e-01
8.6585000000e+03 2.6612400000e-01
8.6590000000e+03 2.6584900000e-01
8.6595000000e+03 2.6557600000e-01
8.6600000000e+03 2.6530300000e-01
8.6605000000e+03 2.6503300000e-01
8.6610000000e+03 2.6476200000e-01
8.6615000000e+03 2.6449200000e-01
8.6620000000e+03 2.6422100000e-01
8.6625000000e+03 2.6395100000e-01
8.6630000000e+03 2.6368200000e-01
8.6635000000e+03 2.6341200000e-01
8.6640000000e+03 2.6314200000e-01
8.6645000000e+03 2.6317500000e-01
8.6650000000e+03 2.6320800000e-01
8.6655000000e+03 2.6324100000e-01
8.6660000000e+03 2.6327400000e-01
8.6665000000e+03 2.6330700000e-01
8.6670000000e+03 2.6334000000e-01
8.6675000000e+03 2.6337300000e-01
8.6680000000e+03 2.6340600000e-01
8.6685000000e+03 2.6343800000e-01
8.6690000000e+03 2.6347100000e-01
8.6695000000e+03 2.6350300000e-01
8.6700000000e+03 2.6353600000e-01
8.6705000000e+03 2.6355700000e-01
8.6710000000e+03 2.6357800000e-01
8.6715000000e+03 2.6359800000e-01
8.6720000000e+03 2.6361800000e-01
8.6725000000e+03 2.6363800000e-01
8.6730000000e+03 2.6365900000e-01
8.6735000000e+03 2.6367900000e-01
8.6740000000e+03 2.6370000000e-01
8.6745000000e+03 2.6354200000e-01
8.6750000000e+03 2.6338500000e-01
8.6755000000e+03 2.6322700000e-01
8.6760000000e+03 2.6306900000e-01
8.6765000000e+03 2.6291200000e-01
8.6770000000e+03 2.6275400000e-01
8.6775000000e+03 2.6259700000e-01
8.6780000000e+03 2.6244000000e-01
8.6785000000e+03 2.6228300000e-01
8.6790000000e+03 2.6212700000e-01
8.6795000000e+03 2.6196900000e-01
8.6800000000e+03 2.6181200000e-01
8.6805000000e+03 2.6165600000e-01
8.6810000000e+03 2.6150000000e-01
8.6815000000e+03 2.6134400000e-01
8.6820000000e+03 2.6118800000e-01
8.6825000000e+03 2.6103200000e-01
8.6830000000e+03 2.6087600000e-01
8.6835000000e+03 2.6072000000e-01
8.6840000000e+03 2.6056400000e-01
8.6845000000e+03 2.6035400000e-01
8.6850000000e+03 2.6014500000e-01
8.6855000000e+03 2.5993500000e-01
8.6860000000e+03 2.5972500000e-01
8.6865000000e+03 2.5951600000e-01
8.6870000000e+03 2.5930600000e-01
8.6875000000e+03 2.5909700000e-01
8.6880000000e+03 2.5888800000e-01
8.6885000000e+03 2.5867800000e-01
8.6890000000e+03 2.5846800000e-01
8.6895000000e+03 2.5825900000e-01
8.6900000000e+03 2.5805100000e-01
8.6905000000e+03 2.5787100000e-01
8.6910000000e+03 2.5769100000e-01
8.6915000000e+03 2.5751100000e-01
8.6920000000e+03 2.5733000000e-01
8.6925000000e+03 2.5715100000e-01
8.6930000000e+03 2.5697100000e-01
8.6935000000e+03 2.5679200000e-01
8.6940000000e+03 2.5661200000e-01
8.6945000000e+03 2.5677000000e-01
8.6950000000e+03 2.5692800000e-01
8.6955000000e+03 2.5708600000e-01
8.6960000000e+03 2.5724400000e-01
8.6965000000e+03 2.5740100000e-01
8.6970000000e+03 2.5755700000e-01
8.6975000000e+03 2.5771500000e-01
8.6980000000e+03 2.5787300000e-01
8.6985000000e+03 2.5803000000e-01
8.6990000000e+03 2.5818700000e-01
8.6995000000e+03 2.5834400000e-01
8.7000000000e+03 2.5850100000e-01
8.7005000000e+03 2.5861400000e-01
8.7010000000e+03 2.5872600000e-01
8.7015000000e+03 2.5883800000e-01
8.7020000000e+03 2.5895000000e-01
8.7025000000e+03 2.5906200000e-01
8.7030000000e+03 2.5917400000e-01
8.7035000000e+03 2.5928600000e-01
8.7040000000e+03 2.5939700000e-01
8.7045000000e+03 2.5910600000e-01
8.7050000000e+03 2.5881500000e-01
8.7055000000e+03 2.5852400000e-01
8.7060000000e+03 2.5823400000e-01
8.7065000000e+03 2.5794300000e-01
8.7070000000e+03 2.5765300000e-01
8.7075000000e+03 2.5736300000e-01
8.7080000000e+03 2.5707300000e-01
8.7085000000e+03 2.5678200000e-01
8.7090000000e+03 2.5649300000e-01
8.7095000000e+03 2.5620300000e-01
8.7100000000e+03 2.5591400000e-01
8.7105000000e+03 2.5564500000e-01
8.7110000000e+03 2.5537700000e-01
8.7115000000e+03 2.5511000000e-01
8.7120000000e+03 2.5484200000e-01
8.7125000000e+03 2.5457300000e-01
8.7130000000e+03 2.5430500000e-01
8.7135000000e+03 2.5403800000e-01
8.7140000000e+03 2.5377100000e-01
8.7145000000e+03 2.5371700000e-01
8.7150000000e+03 2.5366300000e-01
8.7155000000e+03 2.5360900000e-01
8.7160000000e+03 2.5355400000e-01
8.7165000000e+03 2.5350000000e-01
8.7170000000e+03 2.5344600000e-01
8.7175000000e+03 2.5339200000e-01
8.7180000000e+03 2.5333700000e-01
8.7185000000e+03 2.5328300000e-01
8.7190000000e+03 2.5323000000e-01
8.7195000000e+03 2.5317500000e-01
8.7200000000e+03 2.5312000000e-01
8.7205000000e+03 2.5306100000e-01
8.7210000000e+03 2.5300200000e-01
8.7215000000e+03 2.5294300000e-01
8.7220000000e+03 2.5288500000e-01
8.7225000000e+03 2.5282600000e-01
8.7230000000e+03 2.5276700000e-01
8.7235000000e+03 2.5270800000e-01
8.7240000000e+03 2.5264900000e-01
8.7245000000e+03 2.5259000000e-01
8.7250000000e+03 2.5253100000e-01
8.7255000000e+03 2.5247200000e-01
8.7260000000e+03 2.5241300000e-01
8.7265000000e+03 2.5235300000e-01
8.7270000000e+03 2.5229400000e-01
8.7275000000e+03 2.5223500000e-01
8.7280000000e+03 2.5217600000e-01
8.7285000000e+03 2.5211700000e-01
8.7290000000e+03 2.5205800000e-01
8.7295000000e+03 2.5199900000e-01
8.7300000000e+03 2.5194000000e-01
8.7305000000e+03 2.5187600000e-01
8.7310000000e+03 2.5181200000e-01
8.7315000000e+03 2.5175000000e-01
8.7320000000e+03 2.5168700000e-01
8.7325000000e+03 2.5162400000e-01
8.7330000000e+03 2.5156100000e-01
8.7335000000e+03 2.5149700000e-01
8.7340000000e+03 2.5143400000e-01
8.7345000000e+03 2.5118600000e-01
8.7350000000e+03 2.5093900000e-01
8.7355000000e+03 2.5069200000e-01
8.7360000000e+03 2.5044500000e-01
8.7365000000e+03 2.5019800000e-01
8.7370000000e+03 2.4995100000e-01
8.7375000000e+03 2.4970500000e-01
8.7380000000e+03 2.4945900000e-01
8.7385000000e+03 2.4921200000e-01
8.7390000000e+03 2.4896600000e-01
8.7395000000e+03 2.4872000000e-01
8.7400000000e+03 2.4847400000e-01
8.7405000000e+03 2.4824000000e-01
8.7410000000e+03 2.4800600000e-01
8.7415000000e+03 2.4777200000e-01
8.7420000000e+03 2.4753700000e-01
8.7425000000e+03 2.4730400000e-01
8.7430000000e+03 2.4707000000e-01
8.7435000000e+03 2.4683700000e-01
8.7440000000e+03 2.4660400000e-01
8.7445000000e+03 2.4672300000e-01
8.7450000000e+03 2.4684200000e-01
8.7455000000e+03 2.4696100000e-01
8.7460000000e+03 2.4708000000e-01
8.7465000000e+03 2.4719800000e-01
8.7470000000e+03 2.4731700000e-01
8.7475000000e+03 2.4743500000e-01
8.7480000000e+03 2.4755300000e-01
8.7485000000e+03 2.4767100000e-01
8.7490000000e+03 2.4778900000e-01
8.7495000000e+03 2.4790800000e-01
8.7500000000e+03 2.4802600000e-01
8.7505000000e+03 2.4812300000e-01
8.7510000000e+03 2.4822100000e-01
8.7515000000e+03 2.4831800000e-01
8.7520000000e+03 2.4841500000e-01
8.7525000000e+03 2.4851200000e-01
8.7530000000e+03 2.4860800000e-01
8.7535000000e+03 2.4870500000e-01
8.7540000000e+03 2.4880100000e-01
8.7545000000e+03 2.4871600000e-01
8.7550000000e+03 2.4863100000e-01
8.7555000000e+03 2.4854600000e-01
8.7560000000e+03 2.4846000000e-01
8.7565000000e+03 2.4837500000e-01
8.7570000000e+03 2.4829100000e-01
8.7575000000e+03 2.4820500000e-01
8.7580000000e+03 2.4812000000e-01
8.7585000000e+03 2.4803400000e-01
8.7590000000e+03 2.4794900000e-01
8.7595000000e+03 2.4786400000e-01
8.7600000000e+03 2.4777800000e-01
8.7605000000e+03 2.4771600000e-01
8.7610000000e+03 2.4765400000e-01
8.7615000000e+03 2.4759200000e-01
8.7620000000e+03 2.4752900000e-01
8.7625000000e+03 2.4746700000e-01
8.7630000000e+03 2.4740500000e-01
8.7635000000e+03 2.4734200000e-01
8.7640000000e+03 2.4728000000e-01
8.7645000000e+03 2.4719100000e-01
8.7650000000e+03 2.4710200000e-01
8.7655000000e+03 2.4701400000e-01
8.7660000000e+03 2.4692600000e-01
8.7665000000e+03 2.4683800000e-01
8.7670000000e+03 2.4675000000e-01
8.7675000000e+03 2.4666200000e-01
8.7680000000e+03 2.4657400000e-01
8.7685000000e+03 2.4648500000e-01
8.7690000000e+03 2.4639700000e-01
8.7695000000e+03 2.4630900000e-01
8.7700000000e+03 2.4622100000e-01
8.7705000000e+03 2.4612000000e-01
8.7710000000e+03 2.4601900000e-01
8.7715000000e+03 2.4591700000e-01
8.7720000000e+03 2.4581500000e-01
8.7725000000e+03 2.4571400000e-01
8.7730000000e+03 2.4561200000e-01
8.7735000000e+03 2.4551100000e-01
8.7740000000e+03 2.4541000000e-01
8.7745000000e+03 2.4529600000e-01
8.7750000000e+03 2.4518200000e-01
8.7755000000e+03 2.4506800000e-01
8.7760000000e+03 2.4495400000e-01
8.7765000000e+03 2.4484000000e-01
8.7770000000e+03 2.4472600000e-01
8.7775000000e+03 2.4461200000e-01
8.7780000000e+03 2.4449800000e-01
8.7785000000e+03 2.4438500000e-01
8.7790000000e+03 2.4427100000e-01
8.7795000000e+03 2.4415700000e-01
8.7800000000e+03 2.4404400000e-01
8.7805000000e+03 2.4393400000e-01
8.7810000000e+03 2.4382500000e-01
8.7815000000e+03 2.4371600000e-01
8.7820000000e+03 2.4360700000e-01
8.7825000000e+03 2.4349800000e-01
8.7830000000e+03 2.4338900000e-01
8.7835000000e+03 2.4328000000e-01
8.7840000000e+03 2.4317000000e-01
8.7845000000e+03 2.4320100000e-01
8.7850000000e+03 2.4323100000e-01
8.7855000000e+03 2.4326200000e-01
8.7860000000e+03 2.4329200000e-01
8.7865000000e+03 2.4332300000e-01
8.7870000000e+03 2.4335400000e-01
8.7875000000e+03 2.4338400000e-01
8.7880000000e+03 2.4341500000e-01
8.7885000000e+03 2.4344500000e-01
8.7890000000e+03 2.4347400000e-01
8.7895000000e+03 2.4350500000e-01
8.7900000000e+03 2.4353500000e-01
8.7905000000e+03 2.4357000000e-01
8.7910000000e+03 2.4360400000e-01
8.7915000000e+03 2.4364000000e-01
8.7920000000e+03 2.4367500000e-01
8.7925000000e+03 2.4371000000e-01
8.7930000000e+03 2.4374500000e-01
8.7935000000e+03 2.4378000000e-01
8.7940000000e+03 2.4381400000e-01
8.7945000000e+03 2.4372300000e-01
8.7950000000e+03 2.4363200000e-01
8.7955000000e+03 2.4354100000e-01
8.7960000000e+03 2.4344900000e-01
8.7965000000e+03 2.4335800000e-01
8.7970000000e+03 2.4326600000e-01
8.7975000000e+03 2.4317500000e-01
8.7980000000e+03 2.4308300000e-01
8.7985000000e+03 2.4299200000e-01
8.7990000000e+03 2.4290000000e-01
8.7995000000e+03 2.4280900000e-01
8.8000000000e+03 2.4271800000e-01
8.8005000000e+03 2.4262200000e-01
8.8010000000e+03 2.4252700000e-01
8.8015000000e+03 2.4243200000e-01
8.8020000000e+03 2.4233600000e-01
8.8025000000e+03 2.4224100000e-01
8.8030000000e+03 2.4214500000e-01
8.8035000000e+03 2.4205000000e-01
8.8040000000e+03 2.4195400000e-01
8.8045000000e+03 2.4189600000e-01
8.8050000000e+03 2.4183800000e-01
8.8055000000e+03 2.4178000000e-01
8.8060000000e+03 2.4172200000e-01
8.8065000000e+03 2.4166400000e-01
8.8070000000e+03 2.4160600000e-01
8.8075000000e+03 2.4154800000e-01
8.8080000000e+03 2.4149000000e-01
8.8085000000e+03 2.4143200000e-01
8.8090000000e+03 2.4137400000e-01
8.8095000000e+03 2.4131600000e-01
8.8100000000e+03 2.4125900000e-01
8.8105000000e+03 2.4119600000e-01
8.8110000000e+03 2.4113300000e-01
8.8115000000e+03 2.4107000000e-01
8.8120000000e+03 2.4100700000e-01
8.8125000000e+03 2.4094300000e-01
8.8130000000e+03 2.4088000000e-01
8.8135000000e+03 2.4081700000e-01
8.8140000000e+03 2.4075400000e-01
8.8145000000e+03 2.4067900000e-01
8.8150000000e+03 2.4060300000e-01
8.8155000000e+03 2.4052700000e-01
8.8160000000e+03 2.4045200000e-01
8.8165000000e+03 2.4037600000e-01
8.8170000000e+03 2.4030100000e-01
8.8175000000e+03 2.4022500000e-01
8.8180000000e+03 2.4015000000e-01
8.8185000000e+03 2.4007400000e-01
8.8190000000e+03 2.3999900000e-01
8.8195000000e+03 2.3992300000e-01
8.8200000000e+03 2.3984800000e-01
8.8205000000e+03 2.3977400000e-01
8.8210000000e+03 2.3970100000e-01
8.8215000000e+03 2.3962700000e-01
8.8220000000e+03 2.3955400000e-01
8.8225000000e+03 2.3948000000e-01
8.8230000000e+03 2.3940700000e-01
8.8235000000e+03 2.3933400000e-01
8.8240000000e+03 2.3926000000e-01
8.8245000000e+03 2.3926100000e-01
8.8250000000e+03 2.3926200000e-01
8.8255000000e+03 2.3926300000e-01
8.8260000000e+03 2.3926300000e-01
8.8265000000e+03 2.3926400000e-01
8.8270000000e+03 2.3926500000e-01
8.8275000000e+03 2.3926500000e-01
8.8280000000e+03 2.3926500000e-01
8.8285000000e+03 2.3926600000e-01
8.8290000000e+03 2.3926600000e-01
8.8295000000e+03 2.3926700000e-01
8.8300000000e+03 2.3926700000e-01
8.8305000000e+03 2.3927200000e-01
8.8310000000e+03 2.3927600000e-01
8.8315000000e+03 2.3928100000e-01
8.8320000000e+03 2.3928500000e-01
8.8325000000e+03 2.3929000000e-01
8.8330000000e+03 2.3929400000e-01
8.8335000000e+03 2.3929900000e-01
8.8340000000e+03 2.3930400000e-01
8.8345000000e+03 2.3916000000e-01
8.8350000000e+03 2.3901700000e-01
8.8355000000e+03 2.3887400000e-01
8.8360000000e+03 2.3873200000e-01
8.8365000000e+03 2.3858900000e-01
8.8370000000e+03 2.3844600000e-01
8.8375000000e+03 2.3830400000e-01
8.8380000000e+03 2.3816100000e-01
8.8385000000e+03 2.3801800000e-01
8.8390000000e+03 2.3787500000e-01
8.8395000000e+03 2.3773300000e-01
8.8400000000e+03 2.3759100000e-01
8.8405000000e+03 2.3744000000e-01
8.8410000000e+03 2.3729000000e-01
8.8415000000e+03 2.3713900000e-01
8.8420000000e+03 2.3698800000e-01
8.8425000000e+03 2.3683700000e-01
8.8430000000e+03 2.3668700000e-01
8.8435000000e+03 2.3653600000e-01
8.8440000000e+03 2.3638600000e-01
8.8445000000e+03 2.3628400000e-01
8.8450000000e+03 2.3618300000e-01
8.8455000000e+03 2.3608100000e-01
8.8460000000e+03 2.3597900000e-01
8.8465000000e+03 2.3587700000e-01
8.8470000000e+03 2.3577500000e-01
8.8475000000e+03 2.3567400000e-01
8.8480000000e+03 2.3557300000e-01
8.8485000000e+03 2.3547100000e-01
8.8490000000e+03 2.3537000000e-01
8.8495000000e+03 2.3526900000e-01
8.8500000000e+03 2.3516700000e-01
8.8505000000e+03 2.3506300000e-01
8.8510000000e+03 2.3496000000e-01
8.8515000000e+03 2.3485600000e-01
8.8520000000e+03 2.3475300000e-01
8.8525000000e+03 2.3464900000e-01
8.8530000000e+03 2.3454500000e-01
8.8535000000e+03 2.3444200000e-01
8.8540000000e+03 2.3433800000e-01
8.8545000000e+03 2.3416200000e-01
8.8550000000e+03 2.3398600000e-01
8.8555000000e+03 2.3381100000e-01
8.8560000000e+03 2.3363500000e-01
8.8565000000e+03 2.3345900000e-01
8.8570000000e+03 2.3328400000e-01
8.8575000000e+03 2.3310800000e-01
8.8580000000e+03 2.3293200000e-01
8.8585000000e+03 2.3275700000e-01
8.8590000000e+03 2.3258200000e-01
8.8595000000e+03 2.3240600000e-01
8.8600000000e+03 2.3223000000e-01
8.8605000000e+03 2.3207600000e-01
8.8610000000e+03 2.3192200000e-01
8.8615000000e+03 2.3176900000e-01
8.8620000000e+03 2.3161500000e-01
8.8625000000e+03 2.3146100000e-01
8.8630000000e+03 2.3130700000e-01
8.8635000000e+03 2.3115300000e-01
8.8640000000e+03 2.3099900000e-01
8.8645000000e+03 2.3095300000e-01
8.8650000000e+03 2.3090800000e-01
8.8655000000e+03 2.3086300000e-01
8.8660000000e+03 2.3081800000e-01
8.8665000000e+03 2.3077200000e-01
8.8670000000e+03 2.3072600000e-01
8.8675000000e+03 2.3067900000e-01
8.8680000000e+03 2.3063300000e-01
8.8685000000e+03 2.3058700000e-01
8.8690000000e+03 2.3054200000e-01
8.8695000000e+03 2.3049500000e-01
8.8700000000e+03 2.3044900000e-01
8.8705000000e+03 2.3038900000e-01
8.8710000000e+03 2.3032800000e-01
8.8715000000e+03 2.3026700000e-01
8.8720000000e+03 2.3020600000e-01
8.8725000000e+03 2.3014600000e-01
8.8730000000e+03 2.3008500000e-01
8.8735000000e+03 2.3002400000e-01
8.8740000000e+03 2.2996300000e-01
8.8745000000e+03 2.2984300000e-01
8.8750000000e+03 2.2972200000e-01
8.8755000000e+03 2.2960200000e-01
8.8760000000e+03 2.2948200000e-01
8.8765000000e+03 2.2936200000e-01
8.8770000000e+03 2.2924100000e-01
8.8775000000e+03 2.2912100000e-01
8.8780000000e+03 2.2900100000e-01
8.8785000000e+03 2.2888100000e-01
8.8790000000e+03 2.2876100000e-01
8.8795000000e+03 2.2864100000e-01
8.8800000000e+03 2.2852200000e-01
8.8805000000e+03 2.2839400000e-01
8.8810000000e+03 2.2826700000e-01
8.8815000000e+03 2.2814000000e-01
8.8820000000e+03 2.2801300000e-01
8.8825000000e+03 2.2788600000e-01
8.8830000000e+03 2.2775900000e-01
8.8835000000e+03 2.2763200000e-01
8.8840000000e+03 2.2750600000e-01
8.8845000000e+03 2.2749700000e-01
8.8850000000e+03 2.2748800000e-01
8.8855000000e+03 2.2747900000e-01
8.8860000000e+03 2.2747100000e-01
8.8865000000e+03 2.2746200000e-01
8.8870000000e+03 2.2745300000e-01
8.8875000000e+03 2.2744500000e-01
8.8880000000e+03 2.2743700000e-01
8.8885000000e+03 2.2742800000e-01
8.8890000000e+03 2.2741900000e-01
8.8895000000e+03 2.2741000000e-01
8.8900000000e+03 2.2740100000e-01
8.8905000000e+03 2.2740000000e-01
8.8910000000e+03 2.2739900000e-01
8.8915000000e+03 2.2739800000e-01
8.8920000000e+03 2.2739800000e-01
8.8925000000e+03 2.2739700000e-01
8.8930000000e+03 2.2739600000e-01
8.8935000000e+03 2.2739500000e-01
8.8940000000e+03 2.2739400000e-01
8.8945000000e+03 2.2700500000e-01
8.8950000000e+03 2.2661700000e-01
8.8955000000e+03 2.2622900000e-01
8.8960000000e+03 2.2584100000e-01
8.8965000000e+03 2.2545300000e-01
8.8970000000e+03 2.2506600000e-01
8.8975000000e+03 2.2467900000e-01
8.8980000000e+03 2.2429100000e-01
8.8985000000e+03 2.2390500000e-01
8.8990000000e+03 2.2351800000e-01
8.8995000000e+03 2.2313100000e-01
8.9000000000e+03 2.2274500000e-01
8.9005000000e+03 2.2235700000e-01
8.9010000000e+03 2.2196800000e-01
8.9015000000e+03 2.2158100000e-01
8.9020000000e+03 2.2119400000e-01
8.9025000000e+03 2.2080600000e-01
8.9030000000e+03 2.2041900000e-01
8.9035000000e+03 2.2003200000e-01
8.9040000000e+03 2.1964500000e-01
8.9045000000e+03 2.1956100000e-01
8.9050000000e+03 2.1947700000e-01
8.9055000000e+03 2.1939400000e-01
8.9060000000e+03 2.1931100000e-01
8.9065000000e+03 2.1922800000e-01
8.9070000000e+03 2.1914400000e-01
8.9075000000e+03 2.1906100000e-01
8.9080000000e+03 2.1897700000e-01
8.9085000000e+03 2.1889400000e-01
8.9090000000e+03 2.1881000000e-01
8.9095000000e+03 2.1872700000e-01
8.9100000000e+03 2.1864300000e-01
8.9105000000e+03 2.1856100000e-01
8.9110000000e+03 2.1847900000e-01
8.9115000000e+03 2.1839700000e-01
8.9120000000e+03 2.1831500000e-01
8.9125000000e+03 2.1823300000e-01
8.9130000000e+03 2.1815200000e-01
8.9135000000e+03 2.1806900000e-01
8.9140000000e+03 2.1798700000e-01
8.9145000000e+03 2.1804300000e-01
8.9150000000e+03 2.1810000000e-01
8.9155000000e+03 2.1815600000e-01
8.9160000000e+03 2.1821200000e-01
8.9165000000e+03 2.1826900000e-01
8.9170000000e+03 2.1832500000e-01
8.9175000000e+03 2.1838100000e-01
8.9180000000e+03 2.1843700000e-01
8.9185000000e+03 2.1849300000e-01
8.9190000000e+03 2.1854900000e-01
8.9195000000e+03 2.1860500000e-01
8.9200000000e+03 2.1866100000e-01
8.9205000000e+03 2.1871900000e-01
8.9210000000e+03 2.1877700000e-01
8.9215000000e+03 2.1883500000e-01
8.9220000000e+03 2.1889300000e-01
8.9225000000e+03 2.1895100000e-01
8.9230000000e+03 2.1900900000e-01
8.9235000000e+03 2.1906700000e-01
8.9240000000e+03 2.1912400000e-01
8.9245000000e+03 2.1897500000e-01
8.9250000000e+03 2.1882500000e-01
8.9255000000e+03 2.1867700000e-01
8.9260000000e+03 2.1852800000e-01
8.9265000000e+03 2.1837900000e-01
8.9270000000e+03 2.1823000000e-01
8.9275000000e+03 2.1808100000e-01
8.9280000000e+03 2.1793200000e-01
8.9285000000e+03 2.1778300000e-01
8.9290000000e+03 2.1763500000e-01
8.9295000000e+03 2.1748600000e-01
8.9300000000e+03 2.1733800000e-01
8.9305000000e+03 2.1718000000e-01
8.9310000000e+03 2.1702300000e-01
8.9315000000e+03 2.1686600000e-01
8.9320000000e+03 2.1670800000e-01
8.9325000000e+03 2.1655100000e-01
8.9330000000e+03 2.1639500000e-01
8.9335000000e+03 2.1623800000e-01
8.9340000000e+03 2.1608100000e-01
8.9345000000e+03 2.1590200000e-01
8.9350000000e+03 2.1572300000e-01
8.9355000000e+03 2.1554300000e-01
8.9360000000e+03 2.1536300000e-01
8.9365000000e+03 2.1518400000e-01
8.9370000000e+03 2.1500500000e-01
8.9375000000e+03 2.1482600000e-01
8.9380000000e+03 2.1464700000e-01
8.9385000000e+03 2.1446800000e-01
8.9390000000e+03 2.1429000000e-01
8.9395000000e+03 2.1411100000e-01
8.9400000000e+03 2.1393200000e-01
8.9405000000e+03 2.1376500000e-01
8.9410000000e+03 2.1359800000e-01
8.9415000000e+03 2.1343200000e-01
8.9420000000e+03 2.1326600000e-01
8.9425000000e+03 2.1309900000e-01
8.9430000000e+03 2.1293200000e-01
8.9435000000e+03 2.1276500000e-01
8.9440000000e+03 2.1259900000e-01
8.9445000000e+03 2.1236500000e-01
8.9450000000e+03 2.1213200000e-01
8.9455000000e+03 2.1189800000e-01
8.9460000000e+03 2.1166400000e-01
8.9465000000e+03 2.1143000000e-01
8.9470000000e+03 2.1119700000e-01
8.9475000000e+03 2.1096300000e-01
8.9480000000e+03 2.1073000000e-01
8.9485000000e+03 2.1049700000e-01
8.9490000000e+03 2.1026400000e-01
8.9495000000e+03 2.1003100000e-01
8.9500000000e+03 2.0979800000e-01
8.9505000000e+03 2.0956200000e-01
8.9510000000e+03 2.0932600000e-01
8.9515000000e+03 2.0909100000e-01
8.9520000000e+03 2.0885500000e-01
8.9525000000e+03 2.0862000000e-01
8.9530000000e+03 2.0838400000e-01
8.9535000000e+03 2.0815000000e-01
8.9540000000e+03 2.0791500000e-01
8.9545000000e+03 2.0796000000e-01
8.9550000000e+03 2.0800600000e-01
8.9555000000e+03 2.0805100000e-01
8.9560000000e+03 2.0809700000e-01
8.9565000000e+03 2.0814200000e-01
8.9570000000e+03 2.0818700000e-01
8.9575000000e+03 2.0823200000e-01
8.9580000000e+03 2.0827800000e-01
8.9585000000e+03 2.0832200000e-01
8.9590000000e+03 2.0836600000e-01
8.9595000000e+03 2.0841100000e-01
8.9600000000e+03 2.0845600000e-01
8.9605000000e+03 2.0849300000e-01
8.9610000000e+03 2.0853000000e-01
8.9615000000e+03 2.0856700000e-01
8.9620000000e+03 2.0860400000e-01
8.9625000000e+03 2.0864100000e-01
8.9630000000e+03 2.0867800000e-01
8.9635000000e+03 2.0871400000e-01
8.9640000000e+03 2.0875100000e-01
8.9645000000e+03 2.0864300000e-01
8.9650000000e+03 2.0853500000e-01
8.9655000000e+03 2.0842600000e-01
8.9660000000e+03 2.0831800000e-01
8.9665000000e+03 2.0821000000e-01
8.9670000000e+03 2.0810200000e-01
8.9675000000e+03 2.0799300000e-01
8.9680000000e+03 2.0788500000e-01
8.9685000000e+03 2.0777700000e-01
8.9690000000e+03 2.0766900000e-01
8.9695000000e+03 2.0756100000e-01
8.9700000000e+03 2.0745300000e-01
8.9705000000e+03 2.0735300000e-01
8.9710000000e+03 2.0725300000e-01
8.9715000000e+03 2.0715400000e-01
8.9720000000e+03 2.0705400000e-01
8.9725000000e+03 2.0695400000e-01
8.9730000000e+03 2.0685400000e-01
8.9735000000e+03 2.0675400000e-01
8.9740000000e+03 2.0665400000e-01
8.9745000000e+03 2.0664200000e-01
8.9750000000e+03 2.0663100000e-01
8.9755000000e+03 2.0661900000e-01
8.9760000000e+03 2.0660800000e-01
8.9765000000e+03 2.0659600000e-01
8.9770000000e+03 2.0658400000e-01
8.9775000000e+03 2.0657300000e-01
8.9780000000e+03 2.0656100000e-01
8.9785000000e+03 2.0654900000e-01
8.9790000000e+03 2.0653700000e-01
8.9795000000e+03 2.0652600000e-01
8.9800000000e+03 2.0651400000e-01
8.9805000000e+03 2.0649800000e-01
8.9810000000e+03 2.0648200000e-01
8.9815000000e+03 2.0646600000e-01
8.9820000000e+03 2.0645100000e-01
8.9825000000e+03 2.0643500000e-01
8.9830000000e+03 2.0641900000e-01
8.9835000000e+03 2.0640400000e-01
8.9840000000e+03 2.0638800000e-01
8.9845000000e+03 2.0640500000e-01
8.9850000000e+03 2.0642100000e-01
8.9855000000e+03 2.0643900000e-01
8.9860000000e+03 2.0645600000e-01
8.9865000000e+03 2.0647200000e-01
8.9870000000e+03 2.0648900000e-01
8.9875000000e+03 2.0650600000e-01
8.9880000000e+03 2.0652200000e-01
8.9885000000e+03 2.0653900000e-01
8.9890000000e+03 2.0655600000e-01
8.9895000000e+03 2.0657100000e-01
8.9900000000e+03 2.0658700000e-01
8.9905000000e+03 2.0661300000e-01
8.9910000000e+03 2.0663900000e-01
8.9915000000e+03 2.0666500000e-01
8.9920000000e+03 2.0669100000e-01
8.9925000000e+03 2.0671600000e-01
8.9930000000e+03 2.0674100000e-01
8.9935000000e+03 2.0676700000e-01
8.9940000000e+03 2.0679200000e-01
8.9945000000e+03 2.0672000000e-01
8.9950000000e+03 2.0664700000e-01
8.9955000000e+03 2.0657400000e-01
8.9960000000e+03 2.0650200000e-01
8.9965000000e+03 2.0642900000e-01
8.9970000000e+03 2.0635600000e-01
8.9975000000e+03 2.0628400000e-01
8.9980000000e+03 2.0621100000e-01
8.9985000000e+03 2.0613900000e-01
8.9990000000e+03 2.0606600000e-01
8.9995000000e+03 2.0599400000e-01
9.0000000000e+03 2.0592100000e-01
9.0005000000e+03 2.0582900000e-01
9.0010000000e+03 2.0573800000e-01
9.0015000000e+03 2.0564700000e-01
9.0020000000e+03 2.0555600000e-01
9.0025000000e+03 2.0546400000e-01
9.0030000000e+03 2.0537300000e-01
9.0035000000e+03 2.0528200000e-01
9.0040000000e+03 2.0519100000e-01
9.0045000000e+03 2.0506800000e-01
9.0050000000e+03 2.0494400000e-01
9.0055000000e+03 2.0482000000e-01
9.0060000000e+03 2.0469600000e-01
9.0065000000e+03 2.0457300000e-01
9.0070000000e+03 2.0445000000e-01
9.0075000000e+03 2.0432600000e-01
9.0080000000e+03 2.0420300000e-01
9.0085000000e+03 2.0408000000e-01
9.0090000000e+03 2.0395600000e-01
9.0095000000e+03 2.0383400000e-01
9.0100000000e+03 2.0371100000e-01
9.0105000000e+03 2.0360400000e-01
9.0110000000e+03 2.0349800000e-01
9.0115000000e+03 2.0339100000e-01
9.0120000000e+03 2.0328400000e-01
9.0125000000e+03 2.0317800000e-01
9.0130000000e+03 2.0307200000e-01
9.0135000000e+03 2.0296600000e-01
9.0140000000e+03 2.0285900000e-01
9.0145000000e+03 2.0275300000e-01
9.0150000000e+03 2.0264700000e-01
9.0155000000e+03 2.0254000000e-01
9.0160000000e+03 2.0243400000e-01
9.0165000000e+03 2.0232800000e-01
9.0170000000e+03 2.0222200000e-01
9.0175000000e+03 2.0211600000e-01
9.0180000000e+03 2.0200900000e-01
9.0185000000e+03 2.0190300000e-01
9.0190000000e+03 2.0179700000e-01
9.0195000000e+03 2.0169100000e-01
9.0200000000e+03 2.0158600000e-01
9.0205000000e+03 2.0147400000e-01
9.0210000000e+03 2.0136200000e-01
9.0215000000e+03 2.0125100000e-01
9.0220000000e+03 2.0113900000e-01
9.0225000000e+03 2.0102800000e-01
9.0230000000e+03 2.0091800000e-01
9.0235000000e+03 2.0080600000e-01
9.0240000000e+03 2.0069400000e-01
9.0245000000e+03 2.0062500000e-01
9.0250000000e+03 2.0055700000e-01
9.0255000000e+03 2.0048800000e-01
9.0260000000e+03 2.0042000000e-01
9.0265000000e+03 2.0035100000e-01
9.0270000000e+03 2.0028200000e-01
9.0275000000e+03 2.0021400000e-01
9.0280000000e+03 2.0014500000e-01
9.0285000000e+03 2.0007600000e-01
9.0290000000e+03 2.0000800000e-01
9.0295000000e+03 1.9993900000e-01
9.0300000000e+03 1.9987000000e-01
9.0305000000e+03 1.9980000000e-01
9.0310000000e+03 1.9973000000e-01
9.0315000000e+03 1.9966000000e-01
9.0320000000e+03 1.9959000000e-01
9.0325000000e+03 1.9952100000e-01
9.0330000000e+03 1.9945100000e-01
9.0335000000e+03 1.9938000000e-01
9.0340000000e+03 1.9930900000e-01
9.0345000000e+03 1.9913400000e-01
9.0350000000e+03 1.9895800000e-01
9.0355000000e+03 1.9878300000e-01
9.0360000000e+03 1.9860700000e-01
9.0365000000e+03 1.9843200000e-01
9.0370000000e+03 1.9825700000e-01
9.0375000000e+03 1.9808100000e-01
9.0380000000e+03 1.9790600000e-01
9.0385000000e+03 1.9773100000e-01
9.0390000000e+03 1.9755600000e-01
9.0395000000e+03 1.9738000000e-01
9.0400000000e+03 1.9720500000e-01
9.0405000000e+03 1.9703400000e-01
9.0410000000e+03 1.9686300000e-01
9.0415000000e+03 1.9669200000e-01
9.0420000000e+03 1.9652100000e-01
9.0425000000e+03 1.9635000000e-01
9.0430000000e+03 1.9618000000e-01
9.0435000000e+03 1.9600900000e-01
9.0440000000e+03 1.9583900000e-01
9.0445000000e+03 1.9580300000e-01
9.0450000000e+03 1.9576800000e-01
9.0455000000e+03 1.9573400000e-01
9.0460000000e+03 1.9569900000e-01
9.0465000000e+03 1.9566400000e-01
9.0470000000e+03 1.9563000000e-01
9.0475000000e+03 1.9559500000e-01
9.0480000000e+03 1.9556100000e-01
9.0485000000e+03 1.9552600000e-01
9.0490000000e+03 1.9549100000e-01
9.0495000000e+03 1.9545600000e-01
9.0500000000e+03 1.9542100000e-01
9.0505000000e+03 1.9538400000e-01
9.0510000000e+03 1.9534600000e-01
9.0515000000e+03 1.9530800000e-01
9.0520000000e+03 1.9527100000e-01
9.0525000000e+03 1.9523300000e-01
9.0530000000e+03 1.9519600000e-01
9.0535000000e+03 1.9515900000e-01
9.0540000000e+03 1.9512100000e-01
9.0545000000e+03 1.9515600000e-01
9.0550000000e+03 1.9519100000e-01
9.0555000000e+03 1.9522600000e-01
9.0560000000e+03 1.9526000000e-01
9.0565000000e+03 1.9529500000e-01
9.0570000000e+03 1.9533000000e-01
9.0575000000e+03 1.9536500000e-01
9.0580000000e+03 1.9539900000e-01
9.0585000000e+03 1.9543400000e-01
9.0590000000e+03 1.9546800000e-01
9.0595000000e+03 1.9550200000e-01
9.0600000000e+03 1.9553600000e-01
9.0605000000e+03 1.9556200000e-01
9.0610000000e+03 1.9558800000e-01
9.0615000000e+03 1.9561500000e-01
9.0620000000e+03 1.9564100000e-01
9.0625000000e+03 1.9566700000e-01
9.0630000000e+03 1.9569300000e-01
9.0635000000e+03 1.9571900000e-01
9.0640000000e+03 1.9574500000e-01
9.0645000000e+03 1.9545200000e-01
9.0650000000e+03 1.9516000000e-01
9.0655000000e+03 1.9486700000e-01
9.0660000000e+03 1.9457500000e-01
9.0665000000e+03 1.9428200000e-01
9.0670000000e+03 1.9399000000e-01
9.0675000000e+03 1.9369800000e-01
9.0680000000e+03 1.9340500000e-01
9.0685000000e+03 1.9311400000e-01
9.0690000000e+03 1.9282200000e-01
9.0695000000e+03 1.9253100000e-01
9.0700000000e+03 1.9224000000e-01
9.0705000000e+03 1.9196300000e-01
9.0710000000e+03 1.9168600000e-01
9.0715000000e+03 1.9141000000e-01
9.0720000000e+03 1.9113400000e-01
9.0725000000e+03 1.9085800000e-01
9.0730000000e+03 1.9058200000e-01
9.0735000000e+03 1.9030600000e-01
9.0740000000e+03 1.9003000000e-01
9.0745000000e+03 1.8999900000e-01
9.0750000000e+03 1.8996800000e-01
9.0755000000e+03 1.8993700000e-01
9.0760000000e+03 1.8990600000e-01
9.0765000000e+03 1.8987500000e-01
9.0770000000e+03 1.8984400000e-01
9.0775000000e+03 1.8981300000e-01
9.0780000000e+03 1.8978200000e-01
9.0785000000e+03 1.8975000000e-01
9.0790000000e+03 1.8971900000e-01
9.0795000000e+03 1.8968800000e-01
9.0800000000e+03 1.8965700000e-01
9.0805000000e+03 1.8961600000e-01
9.0810000000e+03 1.8957400000e-01
9.0815000000e+03 1.8953300000e-01
9.0820000000e+03 1.8949200000e-01
9.0825000000e+03 1.8945100000e-01
9.0830000000e+03 1.8940900000e-01
9.0835000000e+03 1.8936700000e-01
9.0840000000e+03 1.8932600000e-01
9.0845000000e+03 1.8912200000e-01
9.0850000000e+03 1.8891800000e-01
9.0855000000e+03 1.8871500000e-01
9.0860000000e+03 1.8851200000e-01
9.0865000000e+03 1.8830900000e-01
9.0870000000e+03 1.8810600000e-01
9.0875000000e+03 1.8790300000e-01
9.0880000000e+03 1.8770100000e-01
9.0885000000e+03 1.8749800000e-01
9.0890000000e+03 1.8729500000e-01
9.0895000000e+03 1.8709200000e-01
9.0900000000e+03 1.8689000000e-01
9.0905000000e+03 1.8669100000e-01
9.0910000000e+03 1.8649300000e-01
9.0915000000e+03 1.8629400000e-01
9.0920000000e+03 1.8609500000e-01
9.0925000000e+03 1.8589700000e-01
9.0930000000e+03 1.8569800000e-01
9.0935000000e+03 1.8550000000e-01
9.0940000000e+03 1.8530200000e-01
9.0945000000e+03 1.8545500000e-01
9.0950000000e+03 1.8560700000e-01
9.0955000000e+03 1.8576000000e-01
9.0960000000e+03 1.8591200000e-01
9.0965000000e+03 1.8606500000e-01
9.0970000000e+03 1.8621700000e-01
9.0975000000e+03 1.8636900000e-01
9.0980000000e+03 1.8652100000e-01
9.0985000000e+03 1.8667200000e-01
9.0990000000e+03 1.8682300000e-01
9.0995000000e+03 1.8697500000e-01
9.1000000000e+03 1.8712600000e-01
9.1005000000e+03 1.8728600000e-01
9.1010000000e+03 1.8744600000e-01
9.1015000000e+03 1.8760600000e-01
9.1020000000e+03 1.8776600000e-01
9.1025000000e+03 1.8792500000e-01
9.1030000000e+03 1.8808500000e-01
9.1035000000e+03 1.8824400000e-01
9.1040000000e+03 1.8840300000e-01
9.1045000000e+03 1.8826200000e-01
9.1050000000e+03 1.8812200000e-01
9.1055000000e+03 1.8798200000e-01
9.1060000000e+03 1.8784200000e-01
9.1065000000e+03 1.8770300000e-01
9.1070000000e+03 1.8756300000e-01
9.1075000000e+03 1.8742400000e-01
9.1080000000e+03 1.8728500000e-01
9.1085000000e+03 1.8714500000e-01
9.1090000000e+03 1.8700600000e-01
9.1095000000e+03 1.8686600000e-01
9.1100000000e+03 1.8672700000e-01
9.1105000000e+03 1.8657900000e-01
9.1110000000e+03 1.8643100000e-01
9.1115000000e+03 1.8628300000e-01
9.1120000000e+03 1.8613500000e-01
9.1125000000e+03 1.8598700000e-01
9.1130000000e+03 1.8584000000e-01
9.1135000000e+03 1.8569200000e-01
9.1140000000e+03 1.8554500000e-01
9.1145000000e+03 1.8533800000e-01
9.1150000000e+03 1.8513200000e-01
9.1155000000e+03 1.8492500000e-01
9.1160000000e+03 1.8471900000e-01
9.1165000000e+03 1.8451200000e-01
9.1170000000e+03 1.8430600000e-01
9.1175000000e+03 1.8410000000e-01
9.1180000000e+03 1.8389300000e-01
9.1185000000e+03 1.8368700000e-01
9.1190000000e+03 1.8348200000e-01
9.1195000000e+03 1.8327600000e-01
9.1200000000e+03 1.8307000000e-01
9.1205000000e+03 1.8286500000e-01
9.1210000000e+03 1.8265900000e-01
9.1215000000e+03 1.8245400000e-01
9.1220000000e+03 1.8224900000e-01
9.1225000000e+03 1.8204400000e-01
9.1230000000e+03 1.8183800000e-01
9.1235000000e+03 1.8163300000e-01
9.1240000000e+03 1.8142800000e-01
9.1245000000e+03 1.8141000000e-01
9.1250000000e+03 1.8139100000e-01
9.1255000000e+03 1.8137200000e-01
9.1260000000e+03 1.8135300000e-01
9.1265000000e+03 1.8133400000e-01
9.1270000000e+03 1.8131500000e-01
9.1275000000e+03 1.8129600000e-01
9.1280000000e+03 1.8127600000e-01
9.1285000000e+03 1.8125700000e-01
9.1290000000e+03 1.8123800000e-01
9.1295000000e+03 1.8121900000e-01
9.1300000000e+03 1.8120000000e-01
9.1305000000e+03 1.8117200000e-01
9.1310000000e+03 1.8114500000e-01
9.1315000000e+03 1.8111800000e-01
9.1320000000e+03 1.8109100000e-01
9.1325000000e+03 1.8106300000e-01
9.1330000000e+03 1.8103600000e-01
9.1335000000e+03 1.8100900000e-01
9.1340000000e+03 1.8098100000e-01
9.1345000000e+03 1.8096300000e-01
9.1350000000e+03 1.8094500000e-01
9.1355000000e+03 1.8092700000e-01
9.1360000000e+03 1.8090900000e-01
9.1365000000e+03 1.8089100000e-01
9.1370000000e+03 1.8087300000e-01
9.1375000000e+03 1.8085400000e-01
9.1380000000e+03 1.8083600000e-01
9.1385000000e+03 1.8081800000e-01
9.1390000000e+03 1.8079900000e-01
9.1395000000e+03 1.8078100000e-01
9.1400000000e+03 1.8076300000e-01
9.1405000000e+03 1.8075400000e-01
9.1410000000e+03 1.8074400000e-01
9.1415000000e+03 1.8073500000e-01
9.1420000000e+03 1.8072600000e-01
9.1425000000e+03 1.8071700000e-01
9.1430000000e+03 1.8070800000e-01
9.1435000000e+03 1.8069800000e-01
9.1440000000e+03 1.8068900000e-01
9.1445000000e+03 1.8054500000e-01
9.1450000000e+03 1.8040100000e-01
9.1455000000e+03 1.8025700000e-01
9.1460000000e+03 1.8011400000e-01
9.1465000000e+03 1.7997000000e-01
9.1470000000e+03 1.7982500000e-01
9.1475000000e+03 1.7968200000e-01
9.1480000000e+03 1.7953800000e-01
9.1485000000e+03 1.7939500000e-01
9.1490000000e+03 1.7925200000e-01
9.1495000000e+03 1.7910800000e-01
9.1500000000e+03 1.7896500000e-01
9.1505000000e+03 1.7881700000e-01
9.1510000000e+03 1.7866800000e-01
9.1515000000e+03 1.7852000000e-01
9.1520000000e+03 1.7837200000e-01
9.1525000000e+03 1.7822400000e-01
9.1530000000e+03 1.7807600000e-01
9.1535000000e+03 1.7792700000e-01
9.1540000000e+03 1.7777900000e-01
9.1545000000e+03 1.7774600000e-01
9.1550000000e+03 1.7771200000e-01
9.1555000000e+03 1.7767800000e-01
9.1560000000e+03 1.7764500000e-01
9.1565000000e+03 1.7761100000e-01
9.1570000000e+03 1.7757800000e-01
9.1575000000e+03 1.7754400000e-01
9.1580000000e+03 1.7751100000e-01
9.1585000000e+03 1.7747600000e-01
9.1590000000e+03 1.7744200000e-01
9.1595000000e+03 1.7740800000e-01
9.1600000000e+03 1.7737400000e-01
9.1605000000e+03 1.7735000000e-01
9.1610000000e+03 1.7732500000e-01
9.1615000000e+03 1.7730100000e-01
9.1620000000e+03 1.7727600000e-01
9.1625000000e+03 1.7725200000e-01
9.1630000000e+03 1.7722700000e-01
9.1635000000e+03 1.7720200000e-01
9.1640000000e+03 1.7717700000e-01
9.1645000000e+03 1.7710500000e-01
9.1650000000e+03 1.7703300000e-01
9.1655000000e+03 1.7696100000e-01
9.1660000000e+03 1.7688900000e-01
9.1665000000e+03 1.7681700000e-01
9.1670000000e+03 1.7674500000e-01
9.1675000000e+03 1.7667300000e-01
9.1680000000e+03 1.7660100000e-01
9.1685000000e+03 1.7652900000e-01
9.1690000000e+03 1.7645600000e-01
9.1695000000e+03 1.7638500000e-01
9.1700000000e+03 1.7631300000e-01
9.1705000000e+03 1.7622600000e-01
9.1710000000e+03 1.7614000000e-01
9.1715000000e+03 1.7605400000e-01
9.1720000000e+03 1.7596800000e-01
9.1725000000e+03 1.7588200000e-01
9.1730000000e+03 1.7579600000e-01
9.1735000000e+03 1.7571000000e-01
9.1740000000e+03 1.7562300000e-01
9.1745000000e+03 1.7558400000e-01
9.1750000000e+03 1.7554500000e-01
9.1755000000e+03 1.7550500000e-01
9.1760000000e+03 1.7546600000e-01
9.1765000000e+03 1.7542700000e-01
9.1770000000e+03 1.7538700000e-01
9.1775000000e+03 1.7534700000e-01
9.1780000000e+03 1.7530800000e-01
9.1785000000e+03 1.7526800000e-01
9.1790000000e+03 1.7522900000e-01
9.1795000000e+03 1.7518900000e-01
9.1800000000e+03 1.7514900000e-01
9.1805000000e+03 1.7511600000e-01
9.1810000000e+03 1.7508200000e-01
9.1815000000e+03 1.7504900000e-01
9.1820000000e+03 1.7501500000e-01
9.1825000000e+03 1.7498100000e-01
9.1830000000e+03 1.7494700000e-01
9.1835000000e+03 1.7491300000e-01
9.1840000000e+03 1.7487900000e-01
9.1845000000e+03 1.7488200000e-01
9.1850000000e+03 1.7488500000e-01
9.1855000000e+03 1.7488900000e-01
9.1860000000e+03 1.7489200000e-01
9.1865000000e+03 1.7489500000e-01
9.1870000000e+03 1.7489700000e-01
9.1875000000e+03 1.7490000000e-01
9.1880000000e+03 1.7490200000e-01
9.1885000000e+03 1.7490500000e-01
9.1890000000e+03 1.7490800000e-01
9.1895000000e+03 1.7491000000e-01
9.1900000000e+03 1.7491200000e-01
9.1905000000e+03 1.7492100000e-01
9.1910000000e+03 1.7492900000e-01
9.1915000000e+03 1.7493700000e-01
9.1920000000e+03 1.7494400000e-01
9.1925000000e+03 1.7495200000e-01
9.1930000000e+03 1.7496000000e-01
9.1935000000e+03 1.7496700000e-01
9.1940000000e+03 1.7497400000e-01
9.1945000000e+03 1.7485300000e-01
9.1950000000e+03 1.7473200000e-01
9.1955000000e+03 1.7461100000e-01
9.1960000000e+03 1.7449000000e-01
9.1965000000e+03 1.7436900000e-01
9.1970000000e+03 1.7424700000e-01
9.1975000000e+03 1.7412600000e-01
9.1980000000e+03 1.7400500000e-01
9.1985000000e+03 1.7388400000e-01
9.1990000000e+03 1.7376300000e-01
9.1995000000e+03 1.7364200000e-01
9.2000000000e+03 1.7352100000e-01
9.2005000000e+03 1.7339900000e-01
9.2010000000e+03 1.7327700000e-01
9.2015000000e+03 1.7315500000e-01
9.2020000000e+03 1.7303300000e-01
9.2025000000e+03 1.7291200000e-01
9.2030000000e+03 1.7279100000e-01
9.2035000000e+03 1.7266900000e-01
9.2040000000e+03 1.7254800000e-01
9.2045000000e+03 1.7250800000e-01
9.2050000000e+03 1.7246900000e-01
9.2055000000e+03 1.7243000000e-01
9.2060000000e+03 1.7239000000e-01
9.2065000000e+03 1.7235000000e-01
9.2070000000e+03 1.7231000000e-01
9.2075000000e+03 1.7227100000e-01
9.2080000000e+03 1.7223100000e-01
9.2085000000e+03 1.7219200000e-01
9.2090000000e+03 1.7215200000e-01
9.2095000000e+03 1.7211300000e-01
9.2100000000e+03 1.7207300000e-01
9.2105000000e+03 1.7203300000e-01
9.2110000000e+03 1.7199300000e-01
9.2115000000e+03 1.7195300000e-01
9.2120000000e+03 1.7191300000e-01
9.2125000000e+03 1.7187400000e-01
9.2130000000e+03 1.7183400000e-01
9.2135000000e+03 1.7179400000e-01
9.2140000000e+03 1.7175300000e-01
9.2145000000e+03 1.7165900000e-01
9.2150000000e+03 1.7156500000e-01
9.2155000000e+03 1.7147100000e-01
9.2160000000e+03 1.7137600000e-01
9.2165000000e+03 1.7128300000e-01
9.2170000000e+03 1.7118900000e-01
9.2175000000e+03 1.7109400000e-01
9.2180000000e+03 1.7100000000e-01
9.2185000000e+03 1.7090500000e-01
9.2190000000e+03 1.7081100000e-01
9.2195000000e+03 1.7071700000e-01
9.2200000000e+03 1.7062400000e-01
9.2205000000e+03 1.7053300000e-01
9.2210000000e+03 1.7044300000e-01
9.2215000000e+03 1.7035300000e-01
9.2220000000e+03 1.7026200000e-01
9.2225000000e+03 1.7017200000e-01
9.2230000000e+03 1.7008200000e-01
9.2235000000e+03 1.6999200000e-01
9.2240000000e+03 1.6990200000e-01
9.2245000000e+03 1.6980300000e-01
9.2250000000e+03 1.6970500000e-01
9.2255000000e+03 1.6960600000e-01
9.2260000000e+03 1.6950700000e-01
9.2265000000e+03 1.6940800000e-01
9.2270000000e+03 1.6930800000e-01
9.2275000000e+03 1.6920900000e-01
9.2280000000e+03 1.6911100000e-01
9.2285000000e+03 1.6901300000e-01
9.2290000000e+03 1.6891400000e-01
9.2295000000e+03 1.6881500000e-01
9.2300000000e+03 1.6871600000e-01
9.2305000000e+03 1.6861400000e-01
9.2310000000e+03 1.6851100000e-01
9.2315000000e+03 1.6840800000e-01
9.2320000000e+03 1.6830600000e-01
9.2325000000e+03 1.6820400000e-01
9.2330000000e+03 1.6810200000e-01
9.2335000000e+03 1.6799900000e-01
9.2340000000e+03 1.6789700000e-01
9.2345000000e+03 1.6791900000e-01
9.2350000000e+03 1.6794100000e-01
9.2355000000e+03 1.6796200000e-01
9.2360000000e+03 1.6798400000e-01
9.2365000000e+03 1.6800500000e-01
9.2370000000e+03 1.6802600000e-01
9.2375000000e+03 1.6804800000e-01
9.2380000000e+03 1.6807000000e-01
9.2385000000e+03 1.6809100000e-01
9.2390000000e+03 1.6811200000e-01
9.2395000000e+03 1.6813400000e-01
9.2400000000e+03 1.6815500000e-01
9.2405000000e+03 1.6818200000e-01
9.2410000000e+03 1.6820900000e-01
9.2415000000e+03 1.6823600000e-01
9.2420000000e+03 1.6826300000e-01
9.2425000000e+03 1.6829100000e-01
9.2430000000e+03 1.6831800000e-01
9.2435000000e+03 1.6834500000e-01
9.2440000000e+03 1.6837200000e-01
9.2445000000e+03 1.6834600000e-01
9.2450000000e+03 1.6832000000e-01
9.2455000000e+03 1.6829400000e-01
9.2460000000e+03 1.6826800000e-01
9.2465000000e+03 1.6824200000e-01
9.2470000000e+03 1.6821600000e-01
9.2475000000e+03 1.6819000000e-01
9.2480000000e+03 1.6816300000e-01
9.2485000000e+03 1.6813700000e-01
9.2490000000e+03 1.6811000000e-01
9.2495000000e+03 1.6808300000e-01
9.2500000000e+03 1.6805600000e-01
9.2505000000e+03 1.6802700000e-01
9.2510000000e+03 1.6799700000e-01
9.2515000000e+03 1.6796700000e-01
9.2520000000e+03 1.6793700000e-01
9.2525000000e+03 1.6790600000e-01
9.2530000000e+03 1.6787600000e-01
9.2535000000e+03 1.6784600000e-01
9.2540000000e+03 1.6781600000e-01
9.2545000000e+03 1.6769800000e-01
9.2550000000e+03 1.6758000000e-01
9.2555000000e+03 1.6746300000e-01
9.2560000000e+03 1.6734600000e-01
9.2565000000e+03 1.6722800000e-01
9.2570000000e+03 1.6711100000e-01
9.2575000000e+03 1.6699300000e-01
9.2580000000e+03 1.6687600000e-01
9.2585000000e+03 1.6675900000e-01
9.2590000000e+03 1.6664200000e-01
9.2595000000e+03 1.6652400000e-01
9.2600000000e+03 1.6640700000e-01
9.2605000000e+03 1.6629000000e-01
9.2610000000e+03 1.6617400000e-01
9.2615000000e+03 1.6605700000e-01
9.2620000000e+03 1.6594100000e-01
9.2625000000e+03 1.6582500000e-01
9.2630000000e+03 1.6570900000e-01
9.2635000000e+03 1.6559300000e-01
9.2640000000e+03 1.6547600000e-01
9.2645000000e+03 1.6535200000e-01
9.2650000000e+03 1.6522700000e-01
9.2655000000e+03 1.6510200000e-01
9.2660000000e+03 1.6497800000e-01
9.2665000000e+03 1.6485300000e-01
9.2670000000e+03 1.6472800000e-01
9.2675000000e+03 1.6460400000e-01
9.2680000000e+03 1.6447900000e-01
9.2685000000e+03 1.6435400000e-01
9.2690000000e+03 1.6422900000e-01
9.2695000000e+03 1.6410500000e-01
9.2700000000e+03 1.6398100000e-01
9.2705000000e+03 1.6385600000e-01
9.2710000000e+03 1.6373200000e-01
9.2715000000e+03 1.6360700000e-01
9.2720000000e+03 1.6348300000e-01
9.2725000000e+03 1.6335800000e-01
9.2730000000e+03 1.6323400000e-01
9.2735000000e+03 1.6311000000e-01
9.2740000000e+03 1.6298500000e-01
9.2745000000e+03 1.6296400000e-01
9.2750000000e+03 1.6294300000e-01
9.2755000000e+03 1.6292100000e-01
9.2760000000e+03 1.6290000000e-01
9.2765000000e+03 1.6287800000e-01
9.2770000000e+03 1.6285600000e-01
9.2775000000e+03 1.6283500000e-01
9.2780000000e+03 1.6281300000e-01
9.2785000000e+03 1.6279100000e-01
9.2790000000e+03 1.6276900000e-01
9.2795000000e+03 1.6274800000e-01
9.2800000000e+03 1.6272600000e-01
9.2805000000e+03 1.6269800000e-01
9.2810000000e+03 1.6266900000e-01
9.2815000000e+03 1.6264000000e-01
9.2820000000e+03 1.6261100000e-01
9.2825000000e+03 1.6258300000e-01
9.2830000000e+03 1.6255400000e-01
9.2835000000e+03 1.6252500000e-01
9.2840000000e+03 1.6249600000e-01
9.2845000000e+03 1.6238200000e-01
9.2850000000e+03 1.6226800000e-01
9.2855000000e+03 1.6215500000e-01
9.2860000000e+03 1.6204100000e-01
9.2865000000e+03 1.6192700000e-01
9.2870000000e+03 1.6181400000e-01
9.2875000000e+03 1.6170000000e-01
9.2880000000e+03 1.6158700000e-01
9.2885000000e+03 1.6147300000e-01
9.2890000000e+03 1.6135900000e-01
9.2895000000e+03 1.6124600000e-01
9.2900000000e+03 1.6113200000e-01
9.2905000000e+03 1.6102600000e-01
9.2910000000e+03 1.6092000000e-01
9.2915000000e+03 1.6081400000e-01
9.2920000000e+03 1.6070800000e-01
9.2925000000e+03 1.6060200000e-01
9.2930000000e+03 1.6049600000e-01
9.2935000000e+03 1.6039000000e-01
9.2940000000e+03 1.6028400000e-01
9.2945000000e+03 1.6025400000e-01
9.2950000000e+03 1.6022300000e-01
9.2955000000e+03 1.6019300000e-01
9.2960000000e+03 1.6016300000e-01
9.2965000000e+03 1.6013300000e-01
9.2970000000e+03 1.6010200000e-01
9.2975000000e+03 1.6007200000e-01
9.2980000000e+03 1.6004300000e-01
9.2985000000e+03 1.6001200000e-01
9.2990000000e+03 1.5998100000e-01
9.2995000000e+03 1.5995000000e-01
9.3000000000e+03 1.5991800000e-01
9.3005000000e+03 1.5988500000e-01
9.3010000000e+03 1.5985200000e-01
9.3015000000e+03 1.5981700000e-01
9.3020000000e+03 1.5978300000e-01
9.3025000000e+03 1.5974900000e-01
9.3030000000e+03 1.5971600000e-01
9.3035000000e+03 1.5968200000e-01
9.3040000000e+03 1.5964700000e-01
9.3045000000e+03 1.5950500000e-01
9.3050000000e+03 1.5936300000e-01
9.3055000000e+03 1.5922000000e-01
9.3060000000e+03 1.5907800000e-01
9.3065000000e+03 1.5893500000e-01
9.3070000000e+03 1.5879300000e-01
9.3075000000e+03 1.5865100000e-01
9.3080000000e+03 1.5850900000e-01
9.3085000000e+03 1.5836600000e-01
9.3090000000e+03 1.5822400000e-01
9.3095000000e+03 1.5808200000e-01
9.3100000000e+03 1.5794100000e-01
9.3105000000e+03 1.5780400000e-01
9.3110000000e+03 1.5766600000e-01
9.3115000000e+03 1.5752900000e-01
9.3120000000e+03 1.5739300000e-01
9.3125000000e+03 1.5725500000e-01
9.3130000000e+03 1.5711800000e-01
9.3135000000e+03 1.5698100000e-01
9.3140000000e+03 1.5684400000e-01
9.3145000000e+03 1.5675700000e-01
9.3150000000e+03 1.5666900000e-01
9.3155000000e+03 1.5658200000e-01
9.3160000000e+03 1.5649500000e-01
9.3165000000e+03 1.5640700000e-01
9.3170000000e+03 1.5632000000e-01
9.3175000000e+03 1.5623300000e-01
9.3180000000e+03 1.5614600000e-01
9.3185000000e+03 1.5605800000e-01
9.3190000000e+03 1.5597000000e-01
9.3195000000e+03 1.5588400000e-01
9.3200000000e+03 1.5579700000e-01
9.3205000000e+03 1.5570300000e-01
9.3210000000e+03 1.5560900000e-01
9.3215000000e+03 1.5551500000e-01
9.3220000000e+03 1.5542200000e-01
9.3225000000e+03 1.5532800000e-01
9.3230000000e+03 1.5523500000e-01
9.3235000000e+03 1.5514100000e-01
9.3240000000e+03 1.5504800000e-01
9.3245000000e+03 1.5498700000e-01
9.3250000000e+03 1.5492600000e-01
9.3255000000e+03 1.5486600000e-01
9.3260000000e+03 1.5480500000e-01
9.3265000000e+03 1.5474400000e-01
9.3270000000e+03 1.5468300000e-01
9.3275000000e+03 1.5462300000e-01
9.3280000000e+03 1.5456200000e-01
9.3285000000e+03 1.5450100000e-01
9.3290000000e+03 1.5444100000e-01
9.3295000000e+03 1.5438000000e-01
9.3300000000e+03 1.5431900000e-01
9.3305000000e+03 1.5425900000e-01
9.3310000000e+03 1.5420000000e-01
9.3315000000e+03 1.5414000000e-01
9.3320000000e+03 1.5408100000e-01
9.3325000000e+03 1.5402200000e-01
9.3330000000e+03 1.5396400000e-01
9.3335000000e+03 1.5390500000e-01
9.3340000000e+03 1.5384500000e-01
9.3345000000e+03 1.5373700000e-01
9.3350000000e+03 1.5363000000e-01
9.3355000000e+03 1.5352200000e-01
9.3360000000e+03 1.5341300000e-01
9.3365000000e+03 1.5330500000e-01
9.3370000000e+03 1.5319700000e-01
9.3375000000e+03 1.5308900000e-01
9.3380000000e+03 1.5298200000e-01
9.3385000000e+03 1.5287400000e-01
9.3390000000e+03 1.5276700000e-01
9.3395000000e+03 1.5265900000e-01
9.3400000000e+03 1.5255200000e-01
9.3405000000e+03 1.5244000000e-01
9.3410000000e+03 1.5232800000e-01
9.3415000000e+03 1.5221600000e-01
9.3420000000e+03 1.5210400000e-01
9.3425000000e+03 1.5199200000e-01
9.3430000000e+03 1.5188100000e-01
9.3435000000e+03 1.5176800000e-01
9.3440000000e+03 1.5165600000e-01
9.3445000000e+03 1.5156000000e-01
9.3450000000e+03 1.5146400000e-01
9.3455000000e+03 1.5136900000e-01
9.3460000000e+03 1.5127400000e-01
9.3465000000e+03 1.5117800000e-01
9.3470000000e+03 1.5108300000e-01
9.3475000000e+03 1.5098700000e-01
9.3480000000e+03 1.5089100000e-01
9.3485000000e+03 1.5079500000e-01
9.3490000000e+03 1.5069900000e-01
9.3495000000e+03 1.5060400000e-01
9.3500000000e+03 1.5050900000e-01
9.3505000000e+03 1.5042500000e-01
9.3510000000e+03 1.5034100000e-01
9.3515000000e+03 1.5025800000e-01
9.3520000000e+03 1.5017500000e-01
9.3525000000e+03 1.5009100000e-01
9.3530000000e+03 1.5000700000e-01
9.3535000000e+03 1.4992300000e-01
9.3540000000e+03 1.4984000000e-01
9.3545000000e+03 1.4975600000e-01
9.3550000000e+03 1.4967300000e-01
9.3555000000e+03 1.4958900000e-01
9.3560000000e+03 1.4950500000e-01
9.3565000000e+03 1.4942100000e-01
9.3570000000e+03 1.4933800000e-01
9.3575000000e+03 1.4925400000e-01
9.3580000000e+03 1.4917100000e-01
9.3585000000e+03 1.4908700000e-01
9.3590000000e+03 1.4900400000e-01
9.3595000000e+03 1.4892000000e-01
9.3600000000e+03 1.4883600000e-01
9.3605000000e+03 1.4874000000e-01
9.3610000000e+03 1.4864400000e-01
9.3615000000e+03 1.4854800000e-01
9.3620000000e+03 1.4845200000e-01
9.3625000000e+03 1.4835600000e-01
9.3630000000e+03 1.4826000000e-01
9.3635000000e+03 1.4816400000e-01
9.3640000000e+03 1.4806800000e-01
9.3645000000e+03 1.4794100000e-01
9.3650000000e+03 1.4781300000e-01
9.3655000000e+03 1.4768600000e-01
9.3660000000e+03 1.4755900000e-01
9.3665000000e+03 1.4743200000e-01
9.3670000000e+03 1.4730500000e-01
9.3675000000e+03 1.4717800000e-01
9.3680000000e+03 1.4705100000e-01
9.3685000000e+03 1.4692400000e-01
9.3690000000e+03 1.4679700000e-01
9.3695000000e+03 1.4667000000e-01
9.3700000000e+03 1.4654400000e-01
9.3705000000e+03 1.4642000000e-01
9.3710000000e+03 1.4629600000e-01
9.3715000000e+03 1.4617200000e-01
9.3720000000e+03 1.4604900000e-01
9.3725000000e+03 1.4592500000e-01
9.3730000000e+03 1.4580200000e-01
9.3735000000e+03 1.4567900000e-01
9.3740000000e+03 1.4555500000e-01
9.3745000000e+03 1.4548700000e-01
9.3750000000e+03 1.4541800000e-01
9.3755000000e+03 1.4534900000e-01
9.3760000000e+03 1.4527900000e-01
9.3765000000e+03 1.4521100000e-01
9.3770000000e+03 1.4514300000e-01
9.3775000000e+03 1.4507400000e-01
9.3780000000e+03 1.4500500000e-01
9.3785000000e+03 1.4493600000e-01
9.3790000000e+03 1.4486800000e-01
9.3795000000e+03 1.4479900000e-01
9.3800000000e+03 1.4472900000e-01
9.3805000000e+03 1.4466000000e-01
9.3810000000e+03 1.4459100000e-01
9.3815000000e+03 1.4452100000e-01
9.3820000000e+03 1.4445200000e-01
9.3825000000e+03 1.4438300000e-01
9.3830000000e+03 1.4431300000e-01
9.3835000000e+03 1.4424400000e-01
9.3840000000e+03 1.4417500000e-01
9.3845000000e+03 1.4403600000e-01
9.3850000000e+03 1.4389700000e-01
9.3855000000e+03 1.4375900000e-01
9.3860000000e+03 1.4362000000e-01
9.3865000000e+03 1.4348200000e-01
9.3870000000e+03 1.4334400000e-01
9.3875000000e+03 1.4320600000e-01
9.3880000000e+03 1.4306700000e-01
9.3885000000e+03 1.4292900000e-01
9.3890000000e+03 1.4279100000e-01
9.3895000000e+03 1.4265300000e-01
9.3900000000e+03 1.4251500000e-01
9.3905000000e+03 1.4238000000e-01
9.3910000000e+03 1.4224500000e-01
9.3915000000e+03 1.4210900000e-01
9.3920000000e+03 1.4197400000e-01
9.3925000000e+03 1.4183800000e-01
9.3930000000e+03 1.4170300000e-01
9.3935000000e+03 1.4156700000e-01
9.3940000000e+03 1.4143200000e-01
9.3945000000e+03 1.4113000000e-01
9.3950000000e+03 1.4082700000e-01
9.3955000000e+03 1.4052500000e-01
9.3960000000e+03 1.4022300000e-01
9.3965000000e+03 1.3992100000e-01
9.3970000000e+03 1.3962000000e-01
9.3975000000e+03 1.3931900000e-01
9.3980000000e+03 1.3901700000e-01
9.3985000000e+03 1.3871600000e-01
9.3990000000e+03 1.3841500000e-01
9.3995000000e+03 1.3811500000e-01
9.4000000000e+03 1.3781500000e-01
9.4005000000e+03 1.3749700000e-01
9.4010000000e+03 1.3717800000e-01
9.4015000000e+03 1.3686000000e-01
9.4020000000e+03 1.3654200000e-01
9.4025000000e+03 1.3622400000e-01
9.4030000000e+03 1.3590700000e-01
9.4035000000e+03 1.3559000000e-01
9.4040000000e+03 1.3527400000e-01
9.4045000000e+03 1.3530300000e-01
9.4050000000e+03 1.3533300000e-01
9.4055000000e+03 1.3536300000e-01
9.4060000000e+03 1.3539200000e-01
9.4065000000e+03 1.3542200000e-01
9.4070000000e+03 1.3545100000e-01
9.4075000000e+03 1.3548000000e-01
9.4080000000e+03 1.3550800000e-01
9.4085000000e+03 1.3553700000e-01
9.4090000000e+03 1.3556600000e-01
9.4095000000e+03 1.3559400000e-01
9.4100000000e+03 1.3562200000e-01
9.4105000000e+03 1.3565300000e-01
9.4110000000e+03 1.3568400000e-01
9.4115000000e+03 1.3571300000e-01
9.4120000000e+03 1.3574300000e-01
9.4125000000e+03 1.3577200000e-01
9.4130000000e+03 1.3580100000e-01
9.4135000000e+03 1.3583100000e-01
9.4140000000e+03 1.3586100000e-01
9.4145000000e+03 1.3572700000e-01
9.4150000000e+03 1.3559200000e-01
9.4155000000e+03 1.3545800000e-01
9.4160000000e+03 1.3532400000e-01
9.4165000000e+03 1.3519000000e-01
9.4170000000e+03 1.3505600000e-01
9.4175000000e+03 1.3492200000e-01
9.4180000000e+03 1.3478800000e-01
9.4185000000e+03 1.3465400000e-01
9.4190000000e+03 1.3452100000e-01
9.4195000000e+03 1.3438700000e-01
9.4200000000e+03 1.3425300000e-01
9.4205000000e+03 1.3411100000e-01
9.4210000000e+03 1.3396900000e-01
9.4215000000e+03 1.3382700000e-01
9.4220000000e+03 1.3368500000e-01
9.4225000000e+03 1.3354400000e-01
9.4230000000e+03 1.3340200000e-01
9.4235000000e+03 1.3326000000e-01
9.4240000000e+03 1.3311900000e-01
9.4245000000e+03 1.3295500000e-01
9.4250000000e+03 1.3279200000e-01
9.4255000000e+03 1.3262900000e-01
9.4260000000e+03 1.3246600000e-01
9.4265000000e+03 1.3230300000e-01
9.4270000000e+03 1.3214000000e-01
9.4275000000e+03 1.3197700000e-01
9.4280000000e+03 1.3181500000e-01
9.4285000000e+03 1.3165300000e-01
9.4290000000e+03 1.3149100000e-01
9.4295000000e+03 1.3132800000e-01
9.4300000000e+03 1.3116600000e-01
9.4305000000e+03 1.3100900000e-01
9.4310000000e+03 1.3085300000e-01
9.4315000000e+03 1.3069700000e-01
9.4320000000e+03 1.3054100000e-01
9.4325000000e+03 1.3038500000e-01
9.4330000000e+03 1.3022900000e-01
9.4335000000e+03 1.3007300000e-01
9.4340000000e+03 1.2991700000e-01
9.4345000000e+03 1.2977600000e-01
9.4350000000e+03 1.2963600000e-01
9.4355000000e+03 1.2949400000e-01
9.4360000000e+03 1.2935300000e-01
9.4365000000e+03 1.2921200000e-01
9.4370000000e+03 1.2907000000e-01
9.4375000000e+03 1.2893000000e-01
9.4380000000e+03 1.2879000000e-01
9.4385000000e+03 1.2864900000e-01
9.4390000000e+03 1.2850900000e-01
9.4395000000e+03 1.2836800000e-01
9.4400000000e+03 1.2822800000e-01
9.4405000000e+03 1.2809100000e-01
9.4410000000e+03 1.2795300000e-01
9.4415000000e+03 1.2781600000e-01
9.4420000000e+03 1.2767800000e-01
9.4425000000e+03 1.2754100000e-01
9.4430000000e+03 1.2740400000e-01
9.4435000000e+03 1.2726700000e-01
9.4440000000e+03 1.2713000000e-01
9.4445000000e+03 1.2696500000e-01
9.4450000000e+03 1.2679900000e-01
9.4455000000e+03 1.2663400000e-01
9.4460000000e+03 1.2647000000e-01
9.4465000000e+03 1.2630400000e-01
9.4470000000e+03 1.2613900000e-01
9.4475000000e+03 1.2597500000e-01
9.4480000000e+03 1.2581000000e-01
9.4485000000e+03 1.2564600000e-01
9.4490000000e+03 1.2548200000e-01
9.4495000000e+03 1.2531800000e-01
9.4500000000e+03 1.2515300000e-01
9.4505000000e+03 1.2498500000e-01
9.4510000000e+03 1.2481700000e-01
9.4515000000e+03 1.2464900000e-01
9.4520000000e+03 1.2448100000e-01
9.4525000000e+03 1.2431400000e-01
9.4530000000e+03 1.2414600000e-01
9.4535000000e+03 1.2397900000e-01
9.4540000000e+03 1.2381100000e-01
9.4545000000e+03 1.2372900000e-01
9.4550000000e+03 1.2364600000e-01
9.4555000000e+03 1.2356300000e-01
9.4560000000e+03 1.2348000000e-01
9.4565000000e+03 1.2339800000e-01
9.4570000000e+03 1.2331500000e-01
9.4575000000e+03 1.2323100000e-01
9.4580000000e+03 1.2314800000e-01
9.4585000000e+03 1.2306600000e-01
9.4590000000e+03 1.2298400000e-01
9.4595000000e+03 1.2290100000e-01
9.4600000000e+03 1.2281800000e-01
9.4605000000e+03 1.2273800000e-01
9.4610000000e+03 1.2265800000e-01
9.4615000000e+03 1.2257700000e-01
9.4620000000e+03 1.2249700000e-01
9.4625000000e+03 1.2241700000e-01
9.4630000000e+03 1.2233700000e-01
9.4635000000e+03 1.2225800000e-01
9.4640000000e+03 1.2217800000e-01
9.4645000000e+03 1.2203500000e-01
9.4650000000e+03 1.2189200000e-01
9.4655000000e+03 1.2175000000e-01
9.4660000000e+03 1.2160900000e-01
9.4665000000e+03 1.2146700000e-01
9.4670000000e+03 1.2132500000e-01
9.4675000000e+03 1.2118300000e-01
9.4680000000e+03 1.2104100000e-01
9.4685000000e+03 1.2089900000e-01
9.4690000000e+03 1.2075800000e-01
9.4695000000e+03 1.2061700000e-01
9.4700000000e+03 1.2047500000e-01
9.4705000000e+03 1.2033400000e-01
9.4710000000e+03 1.2019400000e-01
9.4715000000e+03 1.2005300000e-01
9.4720000000e+03 1.1991200000e-01
9.4725000000e+03 1.1977100000e-01
9.4730000000e+03 1.1963000000e-01
9.4735000000e+03 1.1949000000e-01
9.4740000000e+03 1.1935000000e-01
9.4745000000e+03 1.1929800000e-01
9.4750000000e+03 1.1924600000e-01
9.4755000000e+03 1.1919400000e-01
9.4760000000e+03 1.1914300000e-01
9.4765000000e+03 1.1909100000e-01
9.4770000000e+03 1.1903900000e-01
9.4775000000e+03 1.1898700000e-01
9.4780000000e+03 1.1893500000e-01
9.4785000000e+03 1.1888400000e-01
9.4790000000e+03 1.1883200000e-01
9.4795000000e+03 1.1878000000e-01
9.4800000000e+03 1.1872700000e-01
9.4805000000e+03 1.1867500000e-01
9.4810000000e+03 1.1862200000e-01
9.4815000000e+03 1.1856800000e-01
9.4820000000e+03 1.1851500000e-01
9.4825000000e+03 1.1846200000e-01
9.4830000000e+03 1.1840900000e-01
9.4835000000e+03 1.1835600000e-01
9.4840000000e+03 1.1830200000e-01
9.4845000000e+03 1.1825600000e-01
9.4850000000e+03 1.1820900000e-01
9.4855000000e+03 1.1816200000e-01
9.4860000000e+03 1.1811500000e-01
9.4865000000e+03 1.1806900000e-01
9.4870000000e+03 1.1802200000e-01
9.4875000000e+03 1.1797500000e-01
9.4880000000e+03 1.1792900000e-01
9.4885000000e+03 1.1788200000e-01
9.4890000000e+03 1.1783400000e-01
9.4895000000e+03 1.1778700000e-01
9.4900000000e+03 1.1774000000e-01
9.4905000000e+03 1.1769000000e-01
9.4910000000e+03 1.1763900000e-01
9.4915000000e+03 1.1758900000e-01
9.4920000000e+03 1.1753800000e-01
9.4925000000e+03 1.1748800000e-01
9.4930000000e+03 1.1743700000e-01
9.4935000000e+03 1.1738600000e-01
9.4940000000e+03 1.1733500000e-01
9.4945000000e+03 1.1731700000e-01
9.4950000000e+03 1.1729900000e-01
9.4955000000e+03 1.1728100000e-01
9.4960000000e+03 1.1726400000e-01
9.4965000000e+03 1.1724600000e-01
9.4970000000e+03 1.1722800000e-01
9.4975000000e+03 1.1720900000e-01
9.4980000000e+03 1.1719100000e-01
9.4985000000e+03 1.1717200000e-01
9.4990000000e+03 1.1715400000e-01
9.4995000000e+03 1.1713500000e-01
9.5000000000e+03 1.1711600000e-01
9.5005000000e+03 1.1710100000e-01
9.5010000000e+03 1.1708600000e-01
9.5015000000e+03 1.1707100000e-01
9.5020000000e+03 1.1705600000e-01
9.5025000000e+03 1.1704000000e-01
9.5030000000e+03 1.1702400000e-01
9.5035000000e+03 1.1700900000e-01
9.5040000000e+03 1.1699300000e-01
9.5045000000e+03 1.1694500000e-01
9.5050000000e+03 1.1689700000e-01
9.5055000000e+03 1.1684800000e-01
9.5060000000e+03 1.1680000000e-01
9.5065000000e+03 1.1675100000e-01
9.5070000000e+03 1.1670200000e-01
9.5075000000e+03 1.1665300000e-01
9.5080000000e+03 1.1660500000e-01
9.5085000000e+03 1.1655600000e-01
9.5090000000e+03 1.1650800000e-01
9.5095000000e+03 1.1645900000e-01
9.5100000000e+03 1.1641000000e-01
9.5105000000e+03 1.1636300000e-01
9.5110000000e+03 1.1631600000e-01
9.5115000000e+03 1.1626900000e-01
9.5120000000e+03 1.1622100000e-01
9.5125000000e+03 1.1617400000e-01
9.5130000000e+03 1.1612600000e-01
9.5135000000e+03 1.1607900000e-01
9.5140000000e+03 1.1603100000e-01
9.5145000000e+03 1.1595200000e-01
9.5150000000e+03 1.1587200000e-01
9.5155000000e+03 1.1579200000e-01
9.5160000000e+03 1.1571300000e-01
9.5165000000e+03 1.1563300000e-01
9.5170000000e+03 1.1555300000e-01
9.5175000000e+03 1.1547400000e-01
9.5180000000e+03 1.1539500000e-01
9.5185000000e+03 1.1531500000e-01
9.5190000000e+03 1.1523500000e-01
9.5195000000e+03 1.1515600000e-01
9.5200000000e+03 1.1507700000e-01
9.5205000000e+03 1.1499400000e-01
9.5210000000e+03 1.1491100000e-01
9.5215000000e+03 1.1482900000e-01
9.5220000000e+03 1.1474700000e-01
9.5225000000e+03 1.1466400000e-01
9.5230000000e+03 1.1458200000e-01
9.5235000000e+03 1.1450000000e-01
9.5240000000e+03 1.1441700000e-01
9.5245000000e+03 1.1412100000e-01
9.5250000000e+03 1.1382400000e-01
9.5255000000e+03 1.1352700000e-01
9.5260000000e+03 1.1323000000e-01
9.5265000000e+03 1.1293400000e-01
9.5270000000e+03 1.1263900000e-01
9.5275000000e+03 1.1234300000e-01
9.5280000000e+03 1.1204800000e-01
9.5285000000e+03 1.1175400000e-01
9.5290000000e+03 1.1146000000e-01
9.5295000000e+03 1.1116600000e-01
9.5300000000e+03 1.1087200000e-01
9.5305000000e+03 1.1058000000e-01
9.5310000000e+03 1.1028900000e-01
9.5315000000e+03 1.0999900000e-01
9.5320000000e+03 1.0970800000e-01
9.5325000000e+03 1.0941800000e-01
9.5330000000e+03 1.0912800000e-01
9.5335000000e+03 1.0883900000e-01
9.5340000000e+03 1.0855100000e-01
9.5345000000e+03 1.0805700000e-01
9.5350000000e+03 1.0756300000e-01
9.5355000000e+03 1.0707000000e-01
9.5360000000e+03 1.0657800000e-01
9.5365000000e+03 1.0608600000e-01
9.5370000000e+03 1.0559500000e-01
9.5375000000e+03 1.0510400000e-01
9.5380000000e+03 1.0461400000e-01
9.5385000000e+03 1.0412500000e-01
9.5390000000e+03 1.0363600000e-01
9.5395000000e+03 1.0314900000e-01
9.5400000000e+03 1.0266200000e-01
9.5405000000e+03 1.0217100000e-01
9.5410000000e+03 1.0168100000e-01
9.5415000000e+03 1.0119200000e-01
9.5420000000e+03 1.0070500000e-01
9.5425000000e+03 1.0021700000e-01
9.5430000000e+03 9.9729900000e-02
9.5435000000e+03 9.9243600000e-02
9.5440000000e+03 9.8758000000e-02
9.5445000000e+03 9.7991000000e-02
9.5450000000e+03 9.7225100000e-02
9.5455000000e+03 9.6460100000e-02
9.5460000000e+03 9.5696200000e-02
9.5465000000e+03 9.4933700000e-02
9.5470000000e+03 9.4172300000e-02
9.5475000000e+03 9.3412200000e-02
9.5480000000e+03 9.2653100000e-02
9.5485000000e+03 9.1894800000e-02
9.5490000000e+03 9.1137500000e-02
9.5495000000e+03 9.0381600000e-02
9.5500000000e+03 8.9626900000e-02
9.5505000000e+03 8.8877000000e-02
9.5510000000e+03 8.8128200000e-02
9.5515000000e+03 8.7380500000e-02
9.5520000000e+03 8.6633800000e-02
9.5525000000e+03 8.5888200000e-02
9.5530000000e+03 8.5143600000e-02
9.5535000000e+03 8.4399800000e-02
9.5540000000e+03 8.3657100000e-02
9.5545000000e+03 8.2752500000e-02
9.5550000000e+03 8.1849300000e-02
9.5555000000e+03 8.0947500000e-02
9.5560000000e+03 8.0047100000e-02
9.5565000000e+03 7.9147700000e-02
9.5570000000e+03 7.8249600000e-02
9.5575000000e+03 7.7353100000e-02
9.5580000000e+03 7.6457800000e-02
9.5585000000e+03 7.5564000000e-02
9.5590000000e+03 7.4671500000e-02
9.5595000000e+03 7.3779600000e-02
9.5600000000e+03 7.2889000000e-02
9.5605000000e+03 7.1998500000e-02
9.5610000000e+03 7.1109400000e-02
9.5615000000e+03 7.0222000000e-02
9.5620000000e+03 6.9336000000e-02
9.5625000000e+03 6.8450900000e-02
9.5630000000e+03 6.7567100000e-02
9.5635000000e+03 6.6684900000e-02
9.5640000000e+03 6.5804000000e-02
9.5645000000e+03 6.4859000000e-02
9.5650000000e+03 6.3915500000e-02
9.5655000000e+03 6.2973400000e-02
9.5660000000e+03 6.2032800000e-02
9.5665000000e+03 6.1093200000e-02
9.5670000000e+03 6.0155100000e-02
9.5675000000e+03 5.9219100000e-02
9.5680000000e+03 5.8284600000e-02
9.5685000000e+03 5.7351100000e-02
9.5690000000e+03 5.6419100000e-02
9.5695000000e+03 5.5488800000e-02
9.5700000000e+03 5.4560000000e-02
9.5705000000e+03 5.3632700000e-02
9.5710000000e+03 5.2706900000e-02
9.5715000000e+03 5.1783100000e-02
9.5720000000e+03 5.0860700000e-02
9.5725000000e+03 4.9939400000e-02
9.5730000000e+03 4.9019500000e-02
9.5735000000e+03 4.8101100000e-02
9.5740000000e+03 4.7184200000e-02
9.5745000000e+03 4.6403100000e-02
9.5750000000e+03 4.5623300000e-02
9.5755000000e+03 4.4844900000e-02
9.5760000000e+03 4.4067800000e-02
9.5765000000e+03 4.3291500000e-02
9.5770000000e+03 4.2516500000e-02
9.5775000000e+03 4.1742900000e-02
9.5780000000e+03 4.0970500000e-02
9.5785000000e+03 4.0199100000e-02
9.5790000000e+03 3.9428900000e-02
9.5795000000e+03 3.8659900000e-02
9.5800000000e+03 3.7892200000e-02
9.5805000000e+03 3.7123800000e-02
9.5810000000e+03 3.6356700000e-02
9.5815000000e+03 3.5590800000e-02
9.5820000000e+03 3.4826200000e-02
9.5825000000e+03 3.4062700000e-02
9.5830000000e+03 3.3300500000e-02
9.5835000000e+03 3.2540000000e-02
9.5840000000e+03 3.1780600000e-02
9.5845000000e+03 3.1183500000e-02
9.5850000000e+03 3.0587300000e-02
9.5855000000e+03 2.9992100000e-02
9.5860000000e+03 2.9397900000e-02
9.5865000000e+03 2.8804700000e-02
9.5870000000e+03 2.8212500000e-02
9.5875000000e+03 2.7621400000e-02
9.5880000000e+03 2.7031400000e-02
9.5885000000e+03 2.6442200000e-02
9.5890000000e+03 2.5854000000e-02
9.5895000000e+03 2.5266800000e-02
9.5900000000e+03 2.4680600000e-02
9.5905000000e+03 2.4097200000e-02
9.5910000000e+03 2.3514700000e-02
9.5915000000e+03 2.2933100000e-02
9.5920000000e+03 2.2352500000e-02
9.5925000000e+03 2.1772600000e-02
9.5930000000e+03 2.1193700000e-02
9.5935000000e+03 2.0615700000e-02
9.5940000000e+03 2.0038600000e-02
9.5945000000e+03 1.9643500000e-02
9.5950000000e+03 1.9249000000e-02
9.5955000000e+03 1.8855000000e-02
9.5960000000e+03 1.8461700000e-02
9.5965000000e+03 1.8069100000e-02
9.5970000000e+03 1.7677000000e-02
9.5975000000e+03 1.7285500000e-02
9.5980000000e+03 1.6894600000e-02
9.5985000000e+03 1.6504400000e-02
9.5990000000e+03 1.6114800000e-02
9.5995000000e+03 1.5725800000e-02
9.6000000000e+03 1.5337400000e-02
9.6005000000e+03 1.4949800000e-02
9.6010000000e+03 1.4562800000e-02
9.6015000000e+03 1.4176500000e-02
9.6020000000e+03 1.3790800000e-02
9.6025000000e+03 1.3405700000e-02
9.6030000000e+03 1.3021200000e-02
9.6035000000e+03 1.2637200000e-02
9.6040000000e+03 1.2253900000e-02
9.6045000000e+03 1.2014800000e-02
9.6050000000e+03 1.1776100000e-02
9.6055000000e+03 1.1537600000e-02
9.6060000000e+03 1.1299500000e-02
9.6065000000e+03 1.1061900000e-02
9.6070000000e+03 1.0824700000e-02
9.6075000000e+03 1.0587800000e-02
9.6080000000e+03 1.0351300000e-02
9.6085000000e+03 1.0115100000e-02
9.6090000000e+03 9.8793000000e-03
9.6095000000e+03 9.6438700000e-03
9.6100000000e+03 9.4088200000e-03
9.6105000000e+03 9.1738500000e-03
9.6110000000e+03 8.9392700000e-03
9.6115000000e+03 8.7050500000e-03
9.6120000000e+03 8.4712000000e-03
9.6125000000e+03 8.2378100000e-03
9.6130000000e+03 8.0047900000e-03
9.6135000000e+03 7.7720700000e-03
9.6140000000e+03 7.5397300000e-03
9.6145000000e+03 7.3976400000e-03
9.6150000000e+03 7.2557700000e-03
9.6155000000e+03 7.1141000000e-03
9.6160000000e+03 6.9726500000e-03
9.6165000000e+03 6.8314700000e-03
9.6170000000e+03 6.6905200000e-03
9.6175000000e+03 6.5497600000e-03
9.6180000000e+03 6.4092200000e-03
9.6185000000e+03 6.2689400000e-03
9.6190000000e+03 6.1288900000e-03
9.6195000000e+03 5.9890600000e-03
9.6200000000e+03 5.8494600000e-03
9.6205000000e+03 5.7100200000e-03
9.6210000000e+03 5.5708200000e-03
9.6215000000e+03 5.4318100000e-03
9.6220000000e+03 5.2930300000e-03
9.6225000000e+03 5.1545200000e-03
9.6230000000e+03 5.0162500000e-03
9.6235000000e+03 4.8781800000e-03
9.6240000000e+03 4.7403400000e-03
9.6245000000e+03 4.6549500000e-03
9.6250000000e+03 4.5697100000e-03
9.6255000000e+03 4.4846200000e-03
9.6260000000e+03 4.3996700000e-03
9.6265000000e+03 4.3148500000e-03
9.6270000000e+03 4.2301700000e-03
9.6275000000e+03 4.1456300000e-03
9.6280000000e+03 4.0612300000e-03
9.6285000000e+03 3.9770100000e-03
9.6290000000e+03 3.8929300000e-03
9.6295000000e+03 3.8089400000e-03
9.6300000000e+03 3.7251000000e-03
9.6305000000e+03 3.6415400000e-03
9.6310000000e+03 3.5581200000e-03
9.6315000000e+03 3.4748200000e-03
9.6320000000e+03 3.3916500000e-03
9.6325000000e+03 3.3086400000e-03
9.6330000000e+03 3.2257700000e-03
9.6335000000e+03 3.1430300000e-03
9.6340000000e+03 3.0604300000e-03
9.6345000000e+03 3.0059800000e-03
9.6350000000e+03 2.9516200000e-03
9.6355000000e+03 2.8973700000e-03
9.6360000000e+03 2.8432100000e-03
9.6365000000e+03 2.7891300000e-03
9.6370000000e+03 2.7351400000e-03
9.6375000000e+03 2.6812300000e-03
9.6380000000e+03 2.6274000000e-03
9.6385000000e+03 2.5736800000e-03
9.6390000000e+03 2.5200400000e-03
9.6395000000e+03 2.4664800000e-03
9.6400000000e+03 2.4130100000e-03
9.6405000000e+03 2.3595300000e-03
9.6410000000e+03 2.3061500000e-03
9.6415000000e+03 2.2528800000e-03
9.6420000000e+03 2.1996900000e-03
9.6425000000e+03 2.1465900000e-03
9.6430000000e+03 2.0935700000e-03
9.6435000000e+03 2.0406600000e-03
9.6440000000e+03 1.9878300000e-03
9.6445000000e+03 1.9553800000e-03
9.6450000000e+03 1.9229800000e-03
9.6455000000e+03 1.8906300000e-03
9.6460000000e+03 1.8583300000e-03
9.6465000000e+03 1.8261000000e-03
9.6470000000e+03 1.7939300000e-03
9.6475000000e+03 1.7618100000e-03
9.6480000000e+03 1.7297500000e-03
9.6485000000e+03 1.6977300000e-03
9.6490000000e+03 1.6657600000e-03
9.6495000000e+03 1.6338600000e-03
9.6500000000e+03 1.6020100000e-03
9.6505000000e+03 1.5702900000e-03
9.6510000000e+03 1.5386300000e-03
9.6515000000e+03 1.5070200000e-03
9.6520000000e+03 1.4754700000e-03
9.6525000000e+03 1.4439600000e-03
9.6530000000e+03 1.4125100000e-03
9.6535000000e+03 1.3811100000e-03
9.6540000000e+03 1.3497600000e-03
9.6545000000e+03 1.3288800000e-03
9.6550000000e+03 1.3080400000e-03
9.6555000000e+03 1.2872400000e-03
9.6560000000e+03 1.2664600000e-03
9.6565000000e+03 1.2457200000e-03
9.6570000000e+03 1.2250000000e-03
9.6575000000e+03 1.2043300000e-03
9.6580000000e+03 1.1837000000e-03
9.6585000000e+03 1.1631000000e-03
9.6590000000e+03 1.1425300000e-03
9.6595000000e+03 1.1219900000e-03
9.6600000000e+03 1.1014800000e-03
9.6605000000e+03 1.0809800000e-03
9.6610000000e+03 1.0605100000e-03
9.6615000000e+03 1.0400900000e-03
9.6620000000e+03 1.0196900000e-03
9.6625000000e+03 9.9933300000e-04
9.6630000000e+03 9.7900900000e-04
9.6635000000e+03 9.5872100000e-04
9.6640000000e+03 9.3846700000e-04
9.6645000000e+03 9.2416800000e-04
9.6650000000e+03 9.0989400000e-04
9.6655000000e+03 8.9564900000e-04
9.6660000000e+03 8.8142800000e-04
9.6665000000e+03 8.6723100000e-04
9.6670000000e+03 8.5305800000e-04
9.6675000000e+03 8.3890800000e-04
9.6680000000e+03 8.2478100000e-04
9.6685000000e+03 8.1068300000e-04
9.6690000000e+03 7.9661000000e-04
9.6695000000e+03 7.8256000000e-04
9.6700000000e+03 7.6853400000e-04
9.6705000000e+03 7.5452600000e-04
9.6710000000e+03 7.4054100000e-04
9.6715000000e+03 7.2658800000e-04
9.6720000000e+03 7.1265800000e-04
9.6725000000e+03 6.9875200000e-04
9.6730000000e+03 6.8487100000e-04
9.6735000000e+03 6.7100900000e-04
9.6740000000e+03 6.5717200000e-04
9.6745000000e+03 6.4770200000e-04
9.6750000000e+03 6.3824900000e-04
9.6755000000e+03 6.2880800000e-04
9.6760000000e+03 6.1938300000e-04
9.6765000000e+03 6.0997700000e-04
9.6770000000e+03 6.0058600000e-04
9.6775000000e+03 5.9121200000e-04
9.6780000000e+03 5.8185300000e-04
9.6785000000e+03 5.7251000000e-04
9.6790000000e+03 5.6318200000e-04
9.6795000000e+03 5.5387400000e-04
9.6800000000e+03 5.4458300000e-04
9.6805000000e+03 5.3531600000e-04
9.6810000000e+03 5.2606400000e-04
9.6815000000e+03 5.1682200000e-04
9.6820000000e+03 5.0759600000e-04
9.6825000000e+03 4.9839400000e-04
9.6830000000e+03 4.8920800000e-04
9.6835000000e+03 4.8003400000e-04
9.6840000000e+03 4.7087700000e-04
9.6845000000e+03 4.6488000000e-04
9.6850000000e+03 4.5889300000e-04
9.6855000000e+03 4.5291700000e-04
9.6860000000e+03 4.4695200000e-04
9.6865000000e+03 4.4099900000e-04
9.6870000000e+03 4.3505700000e-04
9.6875000000e+03 4.2912100000e-04
9.6880000000e+03 4.2319500000e-04
9.6885000000e+03 4.1728400000e-04
9.6890000000e+03 4.1138400000e-04
9.6895000000e+03 4.0548800000e-04
9.6900000000e+03 3.9960300000e-04
9.6905000000e+03 3.9373600000e-04
9.6910000000e+03 3.8787900000e-04
9.6915000000e+03 3.8203300000e-04
9.6920000000e+03 3.7619600000e-04
9.6925000000e+03 3.7036900000e-04
9.6930000000e+03 3.6455200000e-04
9.6935000000e+03 3.5874500000e-04
9.6940000000e+03 3.5294700000e-04
9.6945000000e+03 3.5429100000e-04
9.6950000000e+03 3.5563100000e-04
9.6955000000e+03 3.5696500000e-04
9.6960000000e+03 3.5829600000e-04
9.6965000000e+03 3.5962700000e-04
9.6970000000e+03 3.6095500000e-04
9.6975000000e+03 3.6227900000e-04
9.6980000000e+03 3.6360000000e-04
9.6985000000e+03 3.6491800000e-04
9.6990000000e+03 3.6623200000e-04
9.6995000000e+03 3.6754400000e-04
9.7000000000e+03 3.6885300000e-04
9.7005000000e+03 3.7015800000e-04
9.7010000000e+03 3.7146000000e-04
9.7015000000e+03 3.7275800000e-04
9.7020000000e+03 3.7405300000e-04
9.7025000000e+03 3.7534600000e-04
9.7030000000e+03 3.7663600000e-04
9.7035000000e+03 3.7792300000e-04
9.7040000000e+03 3.7920700000e-04
9.7045000000e+03 3.7683800000e-04
9.7050000000e+03 3.7447300000e-04
9.7055000000e+03 3.7211000000e-04
9.7060000000e+03 3.6975100000e-04
9.7065000000e+03 3.6739700000e-04
9.7070000000e+03 3.6504600000e-04
9.7075000000e+03 3.6269800000e-04
9.7080000000e+03 3.6035200000e-04
9.7085000000e+03 3.5801500000e-04
9.7090000000e+03 3.5568000000e-04
9.7095000000e+03 3.5334700000e-04
9.7100000000e+03 3.5101800000e-04
9.7105000000e+03 3.4868500000e-04
9.7110000000e+03 3.4635700000e-04
9.7115000000e+03 3.4403000000e-04
9.7120000000e+03 3.4170800000e-04
9.7125000000e+03 3.3939000000e-04
9.7130000000e+03 3.3707500000e-04
9.7135000000e+03 3.3476500000e-04
9.7140000000e+03 3.3246000000e-04
9.7145000000e+03 3.3015600000e-04
9.7150000000e+03 3.2785500000e-04
9.7155000000e+03 3.2556300000e-04
9.7160000000e+03 3.2327500000e-04
9.7165000000e+03 3.2098600000e-04
9.7170000000e+03 3.1870100000e-04
9.7175000000e+03 3.1642300000e-04
9.7180000000e+03 3.1414900000e-04
9.7185000000e+03 3.1187800000e-04
9.7190000000e+03 3.0961000000e-04
9.7195000000e+03 3.0734800000e-04
9.7200000000e+03 3.0508900000e-04
9.7205000000e+03 3.0283900000e-04
9.7210000000e+03 3.0059300000e-04
9.7215000000e+03 2.9835200000e-04
9.7220000000e+03 2.9611400000e-04
9.7225000000e+03 2.9387800000e-04
9.7230000000e+03 2.9164600000e-04
9.7235000000e+03 2.8942100000e-04
9.7240000000e+03 2.8720100000e-04
9.7245000000e+03 2.8498100000e-04
9.7250000000e+03 2.8276400000e-04
9.7255000000e+03 2.8055300000e-04
9.7260000000e+03 2.7834500000e-04
9.7265000000e+03 2.7614200000e-04
9.7270000000e+03 2.7394300000e-04
9.7275000000e+03 2.7174700000e-04
9.7280000000e+03 2.6955500000e-04
9.7285000000e+03 2.6736600000e-04
9.7290000000e+03 2.6518000000e-04
9.7295000000e+03 2.6300100000e-04
9.7300000000e+03 2.6082500000e-04
9.7305000000e+03 2.5864800000e-04
9.7310000000e+03 2.5647600000e-04
9.7315000000e+03 2.5430900000e-04
9.7320000000e+03 2.5214700000e-04
9.7325000000e+03 2.4998800000e-04
9.7330000000e+03 2.4783300000e-04
9.7335000000e+03 2.4568100000e-04
9.7340000000e+03 2.4353200000e-04
9.7345000000e+03 2.4138900000e-04
9.7350000000e+03 2.3924800000e-04
9.7355000000e+03 2.3711100000e-04
9.7360000000e+03 2.3497800000e-04
9.7365000000e+03 2.3284900000e-04
9.7370000000e+03 2.3072400000e-04
9.7375000000e+03 2.2860300000e-04
9.7380000000e+03 2.2648500000e-04
9.7385000000e+03 2.2437100000e-04
9.7390000000e+03 2.2226100000e-04
9.7395000000e+03 2.2015400000e-04
9.7400000000e+03 2.1805200000e-04
9.7405000000e+03 2.1595300000e-04
9.7410000000e+03 2.1385800000e-04
9.7415000000e+03 2.1176500000e-04
9.7420000000e+03 2.0967500000e-04
9.7425000000e+03 2.0759200000e-04
9.7430000000e+03 2.0551200000e-04
9.7435000000e+03 2.0343500000e-04
9.7440000000e+03 2.0136200000e-04
9.7445000000e+03 1.9962200000e-04
9.7450000000e+03 1.9788500000e-04
9.7455000000e+03 1.9615200000e-04
9.7460000000e+03 1.9442300000e-04
9.7465000000e+03 1.9269600000e-04
9.7470000000e+03 1.9097200000e-04
9.7475000000e+03 1.8925200000e-04
9.7480000000e+03 1.8753500000e-04
9.7485000000e+03 1.8582200000e-04
9.7490000000e+03 1.8411100000e-04
9.7495000000e+03 1.8240300000e-04
9.7500000000e+03 1.8069700000e-04
9.7505000000e+03 1.7899900000e-04
9.7510000000e+03 1.7730300000e-04
9.7515000000e+03 1.7561000000e-04
9.7520000000e+03 1.7391900000e-04
9.7525000000e+03 1.7223300000e-04
9.7530000000e+03 1.7054900000e-04
9.7535000000e+03 1.6886700000e-04
9.7540000000e+03 1.6718700000e-04
9.7545000000e+03 1.6551300000e-04
9.7550000000e+03 1.6384100000e-04
9.7555000000e+03 1.6217300000e-04
9.7560000000e+03 1.6050900000e-04
9.7565000000e+03 1.5884600000e-04
9.7570000000e+03 1.5718600000e-04
9.7575000000e+03 1.5552900000e-04
9.7580000000e+03 1.5387600000e-04
9.7585000000e+03 1.5222600000e-04
9.7590000000e+03 1.5057800000e-04
9.7595000000e+03 1.4893400000e-04
9.7600000000e+03 1.4729300000e-04
9.7605000000e+03 1.4565700000e-04
9.7610000000e+03 1.4402400000e-04
9.7615000000e+03 1.4239200000e-04
9.7620000000e+03 1.4076300000e-04
9.7625000000e+03 1.3913800000e-04
9.7630000000e+03 1.3751700000e-04
9.7635000000e+03 1.3589800000e-04
9.7640000000e+03 1.3428200000e-04
9.7645000000e+03 1.3266900000e-04
9.7650000000e+03 1.3105900000e-04
9.7655000000e+03 1.2945200000e-04
9.7660000000e+03 1.2784800000e-04
9.7665000000e+03 1.2624800000e-04
9.7670000000e+03 1.2465100000e-04
9.7675000000e+03 1.2305600000e-04
9.7680000000e+03 1.2146500000e-04
9.7685000000e+03 1.1987600000e-04
9.7690000000e+03 1.1829000000e-04
9.7695000000e+03 1.1670800000e-04
9.7700000000e+03 1.1512800000e-04
9.7705000000e+03 1.1354600000e-04
9.7710000000e+03 1.1196700000e-04
9.7715000000e+03 1.1039200000e-04
9.7720000000e+03 1.0881900000e-04
9.7725000000e+03 1.0724900000e-04
9.7730000000e+03 1.0568200000e-04
9.7735000000e+03 1.0412000000e-04
9.7740000000e+03 1.0256100000e-04
9.7745000000e+03 1.0100400000e-04
9.7750000000e+03 9.9449500000e-05
9.7755000000e+03 9.7899000000e-05
9.7760000000e+03 9.6351700000e-05
9.7765000000e+03 9.4807500000e-05
9.7770000000e+03 9.3266400000e-05
9.7775000000e+03 9.1728900000e-05
9.7780000000e+03 9.0194500000e-05
9.7785000000e+03 8.8663300000e-05
