# photband: ZTF_i
# source: SVO Filter Profile Service
# svo_id: Palomar/ZTF.i
# detector_type: 1
# response_type: photon
# components: Filter + CCD
# profile_reference: https://github.com/ZwickyTransientFacility/ztf_information/tree/master/filter_transmission
# wavelength_unit: Angstrom
# columns: wavelength transmission
3.0000000000e+03 0.0000000000e+00
3.0020000000e+03 0.0000000000e+00
3.0040000000e+03 0.0000000000e+00
3.0060000000e+03 0.0000000000e+00
3.0080000000e+03 0.0000000000e+00
3.0100000000e+03 0.0000000000e+00
3.0120000000e+03 0.0000000000e+00
3.0140000000e+03 0.0000000000e+00
3.0160000000e+03 0.0000000000e+00
3.0180000000e+03 8.2767265087e-04
3.0200000000e+03 8.2880140165e-04
3.0220000000e+03 7.6367937786e-04
3.0240000000e+03 6.9756547582e-04
3.0260000000e+03 6.3045969552e-04
3.0280000000e+03 5.6236203697e-04
3.0300000000e+03 4.9327250016e-04
3.0320000000e+03 4.5174834287e-04
3.0340000000e+03 4.0961802521e-04
3.0360000000e+03 3.6688154718e-04
3.0380000000e+03 3.2353890877e-04
3.0400000000e+03 2.7959010998e-04
3.0420000000e+03 2.6807625159e-04
3.0440000000e+03 2.5638793584e-04
3.0460000000e+03 2.4449688362e-04
3.0480000000e+03 2.3242782408e-04
3.0500000000e+03 2.2018821811e-04
3.0520000000e+03 1.8602988530e-04
3.0540000000e+03 1.5143186379e-04
3.0560000000e+03 1.1639415357e-04
3.0580000000e+03 8.0916754651e-05
3.0600000000e+03 4.4999667030e-05
3.0620000000e+03 5.3145757699e-05
3.0640000000e+03 6.1386372377e-05
3.0660000000e+03 6.9721511066e-05
3.0680000000e+03 7.8167583602e-05
3.0700000000e+03 8.6751818139e-05
3.0720000000e+03 7.4113044784e-05
3.0740000000e+03 6.1302959562e-05
3.0760000000e+03 4.8321562473e-05
3.0780000000e+03 3.5168853517e-05
3.0800000000e+03 2.1844832694e-05
3.0820000000e+03 1.7796891174e-05
3.0840000000e+03 1.3696349530e-05
3.0860000000e+03 9.5432077620e-06
3.0880000000e+03 5.3326710132e-06
3.0900000000e+03 1.0770957588e-06
3.0920000000e+03 7.8286331833e-06
3.0940000000e+03 1.4649323416e-05
3.0960000000e+03 2.1539166455e-05
3.0980000000e+03 2.8498162303e-05
3.1000000000e+03 3.5526310958e-05
3.1020000000e+03 3.6513021297e-05
3.1040000000e+03 3.7507810235e-05
3.1060000000e+03 3.8510677772e-05
3.1080000000e+03 3.9521623908e-05
3.1100000000e+03 4.0540648643e-05
3.1120000000e+03 3.4452096022e-05
3.1140000000e+03 2.8299699877e-05
3.1160000000e+03 2.2078995881e-05
3.1180000000e+03 1.5802791315e-05
3.1200000000e+03 9.4710861757e-06
3.1220000000e+03 1.2627135197e-05
3.1240000000e+03 1.5810078473e-05
3.1260000000e+03 1.9019916003e-05
3.1280000000e+03 2.2256647788e-05
3.1300000000e+03 2.5520273827e-05
3.1320000000e+03 2.0587407116e-05
3.1340000000e+03 1.5611935455e-05
3.1360000000e+03 1.0593858845e-05
3.1380000000e+03 5.5331772855e-06
3.1400000000e+03 4.2989077646e-07
3.1420000000e+03 1.1696423365e-05
3.1440000000e+03 2.3056189049e-05
3.1460000000e+03 3.4500709591e-05
3.1480000000e+03 4.6022480505e-05
3.1500000000e+03 5.7626752071e-05
3.1520000000e+03 4.9721800483e-05
3.1540000000e+03 4.1758541247e-05
3.1560000000e+03 3.3736974365e-05
3.1580000000e+03 2.5657099836e-05
3.1600000000e+03 1.7518917660e-05
3.1620000000e+03 1.7179473400e-05
3.1640000000e+03 1.6837194387e-05
3.1660000000e+03 1.6492080620e-05
3.1680000000e+03 1.6144132101e-05
3.1700000000e+03 1.5793348829e-05
3.1720000000e+03 1.9195374061e-05
3.1740000000e+03 2.2621545734e-05
3.1760000000e+03 2.6071462621e-05
3.1780000000e+03 2.9544939920e-05
3.1800000000e+03 3.3041977629e-05
3.1820000000e+03 3.0658238247e-05
3.1840000000e+03 2.8257216064e-05
3.1860000000e+03 2.5838911079e-05
3.1880000000e+03 2.3403323293e-05
3.1900000000e+03 2.0950452705e-05
3.1920000000e+03 2.1358150354e-05
3.1940000000e+03 2.1768134293e-05
3.1960000000e+03 2.2180404522e-05
3.1980000000e+03 2.2594961041e-05
3.2000000000e+03 2.3011370234e-05
3.2020000000e+03 2.2932281377e-05
3.2040000000e+03 2.2852233474e-05
3.2060000000e+03 2.2771226523e-05
3.2080000000e+03 2.2689260525e-05
3.2100000000e+03 2.2606335480e-05
3.2120000000e+03 1.8461229427e-05
3.2140000000e+03 1.4289928383e-05
3.2160000000e+03 1.0092432348e-05
3.2180000000e+03 5.8687413232e-06
3.2200000000e+03 1.6188553074e-06
3.2220000000e+03 7.3792638697e-06
3.2240000000e+03 1.3174888968e-05
3.2260000000e+03 1.9005730601e-05
3.2280000000e+03 2.4871788770e-05
3.2300000000e+03 3.0773063475e-05
3.2320000000e+03 2.5986897880e-05
3.2340000000e+03 2.1168464336e-05
3.2360000000e+03 1.6324169494e-05
3.2380000000e+03 1.1454013353e-05
3.2400000000e+03 6.5579959146e-06
3.2420000000e+03 1.2484359677e-05
3.2440000000e+03 1.8441663997e-05
3.2460000000e+03 2.4429908874e-05
3.2480000000e+03 3.0449094308e-05
3.2500000000e+03 3.6499220299e-05
3.2520000000e+03 3.0237021250e-05
3.2540000000e+03 2.3941967978e-05
3.2560000000e+03 1.7614060485e-05
3.2580000000e+03 1.1253298770e-05
3.2600000000e+03 4.8596828336e-06
3.2620000000e+03 8.1269644107e-06
3.2640000000e+03 1.1413346806e-05
3.2660000000e+03 1.4718803196e-05
3.2680000000e+03 1.8042755921e-05
3.2700000000e+03 2.1385204981e-05
3.2720000000e+03 2.5860182142e-05
3.2740000000e+03 3.0359898101e-05
3.2760000000e+03 3.4884352860e-05
3.2780000000e+03 3.9433546418e-05
3.2800000000e+03 4.4007478775e-05
3.2820000000e+03 3.6837586378e-05
3.2840000000e+03 2.9627398818e-05
3.2860000000e+03 2.2376916097e-05
3.2880000000e+03 1.5086138215e-05
3.2900000000e+03 7.7550651703e-06
3.2920000000e+03 9.0713270837e-06
3.2940000000e+03 1.0394786132e-05
3.2960000000e+03 1.1727010054e-05
3.2980000000e+03 1.3066698789e-05
3.3000000000e+03 1.4413852336e-05
3.3020000000e+03 1.5400796690e-05
3.3040000000e+03 1.6393116383e-05
3.3060000000e+03 1.7390811416e-05
3.3080000000e+03 1.8393881787e-05
3.3100000000e+03 1.9402327498e-05
3.3120000000e+03 1.8561433624e-05
3.3140000000e+03 1.7715522486e-05
3.3160000000e+03 1.6864594085e-05
3.3180000000e+03 1.6008648418e-05
3.3200000000e+03 1.5147685488e-05
3.3220000000e+03 1.2263876217e-05
3.3240000000e+03 9.3639691370e-06
3.3260000000e+03 6.4477808954e-06
3.3280000000e+03 3.5153114919e-06
3.3300000000e+03 5.6656092641e-07
3.3320000000e+03 8.6879831784e-07
3.3340000000e+03 1.1726858843e-06
3.3360000000e+03 1.4782236259e-06
3.3380000000e+03 1.7854115426e-06
3.3400000000e+03 2.0942496344e-06
3.3420000000e+03 3.5338442276e-06
3.3440000000e+03 4.9812018554e-06
3.3460000000e+03 6.4363225175e-06
3.3480000000e+03 7.8992062142e-06
3.3500000000e+03 9.3707497527e-06
3.3520000000e+03 8.3033759344e-06
3.3540000000e+03 7.2298444252e-06
3.3560000000e+03 6.1501552250e-06
3.3580000000e+03 5.0643083339e-06
3.3600000000e+03 3.9723037518e-06
3.3620000000e+03 7.1869647628e-06
3.3640000000e+03 1.0419410187e-05
3.3660000000e+03 1.3669640024e-05
3.3680000000e+03 1.6937654275e-05
3.3700000000e+03 2.0223452938e-05
3.3720000000e+03 1.9740757021e-05
3.3740000000e+03 1.9255114178e-05
3.3760000000e+03 1.8766524407e-05
3.3780000000e+03 1.8274987710e-05
3.3800000000e+03 1.7780504085e-05
3.3820000000e+03 1.5094629485e-05
3.3840000000e+03 1.2392614225e-05
3.3860000000e+03 9.6744127927e-06
3.3880000000e+03 6.9400251872e-06
3.3900000000e+03 4.1894514087e-06
3.3920000000e+03 7.5327857179e-06
3.3940000000e+03 1.0895521899e-05
3.3960000000e+03 1.4277659952e-05
3.3980000000e+03 1.7679199877e-05
3.4000000000e+03 2.1100141673e-05
3.4020000000e+03 1.7061707638e-05
3.4040000000e+03 1.2999740757e-05
3.4060000000e+03 8.9142410312e-06
3.4080000000e+03 4.8052234562e-06
3.4100000000e+03 6.7265261174e-07
3.4120000000e+03 4.1546528668e-06
3.4140000000e+03 7.6564258025e-06
3.4160000000e+03 1.1177971419e-05
3.4180000000e+03 1.4719289716e-05
3.4200000000e+03 1.8280380693e-05
3.4220000000e+03 1.6791512673e-05
3.4240000000e+03 1.5294016216e-05
3.4260000000e+03 1.3787891324e-05
3.4280000000e+03 1.2273137995e-05
3.4300000000e+03 1.0749756230e-05
3.4320000000e+03 1.0781209823e-05
3.4340000000e+03 1.0811780321e-05
3.4360000000e+03 1.0842364625e-05
3.4380000000e+03 1.0872962736e-05
3.4400000000e+03 1.0903574653e-05
3.4420000000e+03 1.1502620250e-05
3.4440000000e+03 1.2104583580e-05
3.4460000000e+03 1.2709464643e-05
3.4480000000e+03 1.3317263438e-05
3.4500000000e+03 1.3927979965e-05
3.4520000000e+03 1.1730728132e-05
3.4540000000e+03 9.5222149572e-06
3.4560000000e+03 7.3024404393e-06
3.4580000000e+03 5.0733251319e-06
3.4600000000e+03 2.8315288934e-06
3.4620000000e+03 5.8362276304e-06
3.4640000000e+03 8.8586871214e-06
3.4660000000e+03 1.1898907366e-05
3.4680000000e+03 1.4956888365e-05
3.4700000000e+03 1.8032630119e-05
3.4720000000e+03 1.6206965591e-05
3.4740000000e+03 1.4370328766e-05
3.4760000000e+03 1.2522719645e-05
3.4780000000e+03 1.0664138227e-05
3.4800000000e+03 8.7945845121e-06
3.4820000000e+03 9.7524514384e-06
3.4840000000e+03 1.0716015316e-05
3.4860000000e+03 1.1689114709e-05
3.4880000000e+03 1.2668299493e-05
3.4900000000e+03 1.3653569670e-05
3.4920000000e+03 1.3483704788e-05
3.4940000000e+03 1.3312466187e-05
3.4960000000e+03 1.3139853866e-05
3.4980000000e+03 1.2965867825e-05
3.5000000000e+03 1.2790508065e-05
3.5020000000e+03 1.1589898983e-05
3.5040000000e+03 1.0376237545e-05
3.5060000000e+03 9.1566042768e-06
3.5080000000e+03 7.9309991779e-06
3.5100000000e+03 6.6994222483e-06
3.5120000000e+03 6.9561784024e-06
3.5140000000e+03 7.2140815271e-06
3.5160000000e+03 7.4731316225e-06
3.5180000000e+03 7.7333286885e-06
3.5200000000e+03 7.9946727251e-06
3.5220000000e+03 1.1199822790e-05
3.5240000000e+03 1.4419973525e-05
3.5260000000e+03 1.7655124929e-05
3.5280000000e+03 2.0905277003e-05
3.5300000000e+03 2.4168564999e-05
3.5320000000e+03 2.1297873387e-05
3.5340000000e+03 1.8414385656e-05
3.5360000000e+03 1.5518101806e-05
3.5380000000e+03 1.2609021838e-05
3.5400000000e+03 9.6871457510e-06
3.5420000000e+03 1.2388971893e-05
3.5440000000e+03 1.5102404127e-05
3.5460000000e+03 1.7827442455e-05
3.5480000000e+03 2.0564086876e-05
3.5500000000e+03 2.3312337390e-05
3.5520000000e+03 1.8786673514e-05
3.5540000000e+03 1.4241412100e-05
3.5560000000e+03 9.6765531463e-06
3.5580000000e+03 5.0920966540e-06
3.5600000000e+03 4.8804262279e-07
3.5620000000e+03 1.3476055380e-06
3.5640000000e+03 2.2116156642e-06
3.5660000000e+03 3.0799701965e-06
3.5680000000e+03 3.9526691349e-06
3.5700000000e+03 4.8297124795e-06
3.5720000000e+03 8.3274893676e-06
3.5740000000e+03 1.1842686472e-05
3.5760000000e+03 1.5375303794e-05
3.5780000000e+03 1.8925341333e-05
3.5800000000e+03 2.2492799088e-05
3.5820000000e+03 2.1514056609e-05
3.5840000000e+03 2.0532201035e-05
3.5860000000e+03 1.9557700288e-05
3.5880000000e+03 1.8576545413e-05
3.5900000000e+03 1.7588736410e-05
3.5920000000e+03 1.5803496082e-05
3.5940000000e+03 1.4006591949e-05
3.5960000000e+03 1.2198024010e-05
3.5980000000e+03 1.0377792265e-05
3.6000000000e+03 8.5458967150e-06
3.6020000000e+03 1.0116924570e-05
3.6040000000e+03 1.1698723074e-05
3.6060000000e+03 1.3293016625e-05
3.6080000000e+03 1.4897842171e-05
3.6100000000e+03 1.6513199712e-05
3.6120000000e+03 1.5507546705e-05
3.6140000000e+03 1.4494776254e-05
3.6160000000e+03 1.3474888361e-05
3.6180000000e+03 1.2447883024e-05
3.6200000000e+03 1.1413760244e-05
3.6220000000e+03 1.0688860600e-05
3.6240000000e+03 9.9614339482e-06
3.6260000000e+03 9.2287657512e-06
3.6280000000e+03 8.4906530736e-06
3.6300000000e+03 7.7470959156e-06
3.6320000000e+03 7.7298675619e-06
3.6340000000e+03 7.7123271564e-06
3.6360000000e+03 7.6944746993e-06
3.6380000000e+03 7.6763101906e-06
3.6400000000e+03 7.6616864023e-06
3.6420000000e+03 7.9679813224e-06
3.6440000000e+03 8.2765547229e-06
3.6460000000e+03 8.5874066038e-06
3.6480000000e+03 8.9005369652e-06
3.6500000000e+03 9.2159458069e-06
3.6520000000e+03 1.0574995469e-05
3.6540000000e+03 1.1942073107e-05
3.6560000000e+03 1.3318209508e-05
3.6580000000e+03 1.4703404672e-05
3.6600000000e+03 1.6097658600e-05
3.6620000000e+03 1.3885671634e-05
3.6640000000e+03 1.1658467608e-05
3.6660000000e+03 9.4160465229e-06
3.6680000000e+03 7.1584083779e-06
3.6700000000e+03 4.8867020518e-06
3.6720000000e+03 7.6499504687e-06
3.6740000000e+03 1.0434332680e-05
3.6760000000e+03 1.3239848685e-05
3.6780000000e+03 1.6066498485e-05
3.6800000000e+03 1.8914282079e-05
3.6820000000e+03 1.5188804060e-05
3.6840000000e+03 1.1434636843e-05
3.6860000000e+03 7.6517804271e-06
3.6880000000e+03 3.8395153069e-06
3.6900000000e+03 0.0000000000e+00
3.6920000000e+03 2.3373653565e-05
3.6940000000e+03 4.6909935434e-05
3.6960000000e+03 7.0608845607e-05
3.6980000000e+03 9.4470384086e-05
3.7000000000e+03 1.1849455087e-04
3.7020000000e+03 1.2175230164e-04
3.7040000000e+03 1.2502955108e-04
3.7060000000e+03 1.2832629917e-04
3.7080000000e+03 1.3164254593e-04
3.7100000000e+03 1.3494185803e-04
3.7120000000e+03 1.4229931842e-04
3.7140000000e+03 1.4969532794e-04
3.7160000000e+03 1.5712988661e-04
3.7180000000e+03 1.6460299441e-04
3.7200000000e+03 1.7211465135e-04
3.7220000000e+03 1.4624947917e-04
3.7240000000e+03 1.2024092629e-04
3.7260000000e+03 9.4088992702e-05
3.7280000000e+03 6.7793678401e-05
3.7300000000e+03 4.1429414422e-05
3.7320000000e+03 6.1447829648e-05
3.7340000000e+03 8.1680894309e-05
3.7360000000e+03 1.0212860841e-04
3.7380000000e+03 1.2279097194e-04
3.7400000000e+03 1.4366798490e-04
3.7420000000e+03 1.4786787179e-04
3.7440000000e+03 1.5210405302e-04
3.7460000000e+03 1.5606751329e-04
3.7480000000e+03 1.5998183648e-04
3.7500000000e+03 1.6391560900e-04
3.7520000000e+03 1.5037138263e-04
3.7540000000e+03 1.3674926162e-04
3.7560000000e+03 1.2304924598e-04
3.7580000000e+03 1.0927133570e-04
3.7600000000e+03 9.5415530790e-05
3.7620000000e+03 9.0239203611e-05
3.7640000000e+03 8.5047501573e-05
3.7660000000e+03 7.9843187419e-05
3.7680000000e+03 7.4604558457e-05
3.7700000000e+03 6.9331614689e-05
3.7720000000e+03 6.9903271187e-05
3.7740000000e+03 7.0477137033e-05
3.7760000000e+03 7.1053212226e-05
3.7780000000e+03 7.1631496767e-05
3.7800000000e+03 7.2213287682e-05
3.7820000000e+03 9.3461965980e-05
3.7840000000e+03 1.1484329326e-04
3.7860000000e+03 1.3635726951e-04
3.7880000000e+03 1.5800389474e-04
3.7900000000e+03 1.7978316895e-04
3.7920000000e+03 1.5041745247e-04
3.7940000000e+03 1.2080633414e-04
3.7960000000e+03 9.1064787211e-05
3.7980000000e+03 6.1192811673e-05
3.8000000000e+03 3.1190407530e-05
3.8020000000e+03 3.4305473118e-05
3.8040000000e+03 3.7433700481e-05
3.8060000000e+03 4.0575089621e-05
3.8080000000e+03 4.3729640536e-05
3.8100000000e+03 4.6897353227e-05
3.8120000000e+03 4.1387668424e-05
3.8140000000e+03 3.5852742197e-05
3.8160000000e+03 3.0291755263e-05
3.8180000000e+03 2.4704707621e-05
3.8200000000e+03 1.9091599273e-05
3.8220000000e+03 2.8604013726e-05
3.8240000000e+03 3.8159848018e-05
3.8260000000e+03 4.7759102148e-05
3.8280000000e+03 5.7394686813e-05
3.8300000000e+03 6.7051097172e-05
3.8320000000e+03 5.8305650024e-05
3.8340000000e+03 4.9527480091e-05
3.8360000000e+03 4.0716587371e-05
3.8380000000e+03 3.1872971866e-05
3.8400000000e+03 2.2996633576e-05
3.8420000000e+03 3.4838759324e-05
3.8440000000e+03 4.6724022365e-05
3.8460000000e+03 5.8652422698e-05
3.8480000000e+03 7.0623960324e-05
3.8500000000e+03 8.2638635242e-05
3.8520000000e+03 7.0621031592e-05
3.8540000000e+03 5.8557832573e-05
3.8560000000e+03 4.6448525431e-05
3.8580000000e+03 3.4293110165e-05
3.8600000000e+03 2.2091586775e-05
3.8620000000e+03 5.2073891671e-05
3.8640000000e+03 8.2168532497e-05
3.8660000000e+03 1.1237550925e-04
3.8680000000e+03 1.4269482194e-04
3.8700000000e+03 1.7312647055e-04
3.8720000000e+03 1.4659635160e-04
3.8740000000e+03 1.1994365776e-04
3.8760000000e+03 9.3187765200e-05
3.8780000000e+03 6.6350128846e-05
3.8800000000e+03 3.9430748698e-05
3.8820000000e+03 4.3364189429e-05
3.8840000000e+03 4.7309331923e-05
3.8860000000e+03 5.1266176182e-05
3.8880000000e+03 5.5234722205e-05
3.8900000000e+03 5.9214969992e-05
3.8920000000e+03 7.0941466178e-05
3.8940000000e+03 8.2702853133e-05
3.8960000000e+03 9.4499130856e-05
3.8980000000e+03 1.0633029935e-04
3.9000000000e+03 1.1819635861e-04
3.9020000000e+03 1.0327147565e-04
3.9040000000e+03 8.8301655067e-05
3.9060000000e+03 7.3269766622e-05
3.9080000000e+03 5.8186431051e-05
3.9100000000e+03 4.3072318818e-05
3.9120000000e+03 6.4845776277e-05
3.9140000000e+03 8.6663264861e-05
3.9160000000e+03 1.0852478457e-04
3.9180000000e+03 1.3043033540e-04
3.9200000000e+03 1.5237991736e-04
3.9220000000e+03 1.7856035521e-04
3.9240000000e+03 2.0479326520e-04
3.9260000000e+03 2.3107864734e-04
3.9280000000e+03 2.5741650162e-04
3.9300000000e+03 2.8380682805e-04
3.9320000000e+03 2.5506701077e-04
3.9340000000e+03 2.2626897041e-04
3.9360000000e+03 1.9741270695e-04
3.9380000000e+03 1.6849822041e-04
3.9400000000e+03 1.3952551077e-04
3.9420000000e+03 1.3824385054e-04
3.9440000000e+03 1.3695604727e-04
3.9460000000e+03 1.3566610154e-04
3.9480000000e+03 1.3437401335e-04
3.9500000000e+03 1.3307978271e-04
3.9520000000e+03 1.1703605102e-04
3.9540000000e+03 1.0096758272e-04
3.9560000000e+03 8.4874377810e-05
3.9580000000e+03 6.8756436296e-05
3.9600000000e+03 5.2613758176e-05
3.9620000000e+03 5.3160702595e-05
3.9640000000e+03 5.3708420453e-05
3.9660000000e+03 5.4256911752e-05
3.9680000000e+03 5.4806176490e-05
3.9700000000e+03 5.5356214668e-05
3.9720000000e+03 5.9412957997e-05
3.9740000000e+03 6.3475805303e-05
3.9760000000e+03 6.7544756587e-05
3.9780000000e+03 7.1619811849e-05
3.9800000000e+03 7.5700971089e-05
3.9820000000e+03 8.5583089456e-05
3.9840000000e+03 9.5477693003e-05
3.9860000000e+03 1.0538119533e-04
3.9880000000e+03 1.1529806054e-04
3.9900000000e+03 1.2522828863e-04
3.9920000000e+03 1.3242245158e-04
3.9940000000e+03 1.3962625071e-04
3.9960000000e+03 1.4683968602e-04
3.9980000000e+03 1.5406275752e-04
4.0000000000e+03 1.6129546519e-04
4.0020000000e+03 1.6980611509e-04
4.0040000000e+03 1.7832811449e-04
4.0060000000e+03 1.8686146338e-04
4.0080000000e+03 1.9540616177e-04
4.0100000000e+03 2.0396220966e-04
4.0120000000e+03 2.4944008979e-04
4.0140000000e+03 2.9497901279e-04
4.0160000000e+03 3.4057897866e-04
4.0180000000e+03 3.8623998740e-04
4.0200000000e+03 4.3196203900e-04
4.0220000000e+03 3.8041786328e-04
4.0240000000e+03 3.2880413620e-04
4.0260000000e+03 2.7712085777e-04
4.0280000000e+03 2.2536802797e-04
4.0300000000e+03 1.7354564681e-04
4.0320000000e+03 1.5334667824e-04
4.0340000000e+03 1.3312158833e-04
4.0360000000e+03 1.1287381602e-04
4.0380000000e+03 9.2603361322e-05
4.0400000000e+03 7.2310224230e-05
4.0420000000e+03 6.1097417330e-05
4.0440000000e+03 4.9872071327e-05
4.0460000000e+03 3.8634186221e-05
4.0480000000e+03 2.7383762012e-05
4.0500000000e+03 1.6120798700e-05
4.0520000000e+03 2.0278192674e-05
4.0540000000e+03 2.4440196316e-05
4.0560000000e+03 2.8606809624e-05
4.0580000000e+03 3.2778032600e-05
4.0600000000e+03 3.6953865242e-05
4.0620000000e+03 4.6965544941e-05
4.0640000000e+03 5.6988295928e-05
4.0660000000e+03 6.7022118202e-05
4.0680000000e+03 7.7067011765e-05
4.0700000000e+03 8.7122976615e-05
4.0720000000e+03 7.9495981893e-05
4.0740000000e+03 7.1860505789e-05
4.0760000000e+03 6.4216548301e-05
4.0780000000e+03 5.6560133054e-05
4.0800000000e+03 4.8888669605e-05
4.0820000000e+03 4.4533026437e-05
4.0840000000e+03 4.0174544844e-05
4.0860000000e+03 3.5813224826e-05
4.0880000000e+03 3.1449066383e-05
4.0900000000e+03 2.7082069515e-05
4.0920000000e+03 2.6785963440e-05
4.0940000000e+03 2.6489659722e-05
4.0960000000e+03 2.6193158363e-05
4.0980000000e+03 2.5896459362e-05
4.1000000000e+03 2.5599562718e-05
4.1020000000e+03 2.7874291238e-05
4.1040000000e+03 3.0150486596e-05
4.1060000000e+03 3.2428148790e-05
4.1080000000e+03 3.4707277821e-05
4.1100000000e+03 3.6987873690e-05
4.1120000000e+03 3.6776870332e-05
4.1140000000e+03 3.6565722910e-05
4.1160000000e+03 3.6354431424e-05
4.1180000000e+03 3.6142995873e-05
4.1200000000e+03 3.5931416258e-05
4.1220000000e+03 2.8754407893e-05
4.1240000000e+03 2.1572762085e-05
4.1260000000e+03 1.4383984743e-05
4.1280000000e+03 7.1927619682e-06
4.1300000000e+03 0.0000000000e+00
4.1320000000e+03 1.7247852182e-05
4.1340000000e+03 3.4499394478e-05
4.1360000000e+03 5.1754626887e-05
4.1380000000e+03 6.9013549409e-05
4.1400000000e+03 8.6276162045e-05
4.1420000000e+03 7.1188678631e-05
4.1440000000e+03 5.6097967059e-05
4.1460000000e+03 4.1004027330e-05
4.1480000000e+03 2.5906859443e-05
4.1500000000e+03 1.0806463398e-05
4.1520000000e+03 2.0535399264e-05
4.1540000000e+03 3.0266414129e-05
4.1560000000e+03 3.9999507991e-05
4.1580000000e+03 4.9734680852e-05
4.1600000000e+03 5.9471932712e-05
4.1620000000e+03 5.0117161532e-05
4.1640000000e+03 4.0760390784e-05
4.1660000000e+03 3.1401620468e-05
4.1680000000e+03 2.2040850582e-05
4.1700000000e+03 1.2678081128e-05
4.1720000000e+03 1.0611542869e-05
4.1740000000e+03 8.5441002200e-06
4.1760000000e+03 6.4766200320e-06
4.1780000000e+03 4.4091023052e-06
4.1800000000e+03 2.3415470397e-06
4.1820000000e+03 8.3963271072e-06
4.1840000000e+03 1.4451217102e-05
4.1860000000e+03 2.0506217025e-05
4.1880000000e+03 2.6561326876e-05
4.1900000000e+03 3.2616546655e-05
4.1920000000e+03 2.9990094726e-05
4.1940000000e+03 2.7363595109e-05
4.1960000000e+03 2.4737047805e-05
4.1980000000e+03 2.2110452812e-05
4.2000000000e+03 1.9483810132e-05
4.2020000000e+03 2.6018758870e-05
4.2040000000e+03 3.2553826240e-05
4.2060000000e+03 3.9089012242e-05
4.2080000000e+03 4.5624316876e-05
4.2100000000e+03 5.2159740142e-05
4.2120000000e+03 4.1833694630e-05
4.2140000000e+03 3.1507461660e-05
4.2160000000e+03 2.1181041231e-05
4.2180000000e+03 1.0854433344e-05
4.2200000000e+03 5.2763390171e-07
4.2220000000e+03 4.1396090946e-06
4.2240000000e+03 7.7515793141e-06
4.2260000000e+03 1.1363544560e-05
4.2280000000e+03 1.4975504833e-05
4.2300000000e+03 1.8587460132e-05
4.2320000000e+03 1.6384353478e-05
4.2340000000e+03 1.4181249857e-05
4.2360000000e+03 1.1978149269e-05
4.2380000000e+03 9.7750517157e-06
4.2400000000e+03 7.5719571955e-06
4.2420000000e+03 1.9065027265e-05
4.2440000000e+03 3.0558081510e-05
4.2460000000e+03 4.2051119929e-05
4.2480000000e+03 5.3544142523e-05
4.2500000000e+03 6.5037149291e-05
4.2520000000e+03 5.2801686817e-05
4.2540000000e+03 4.0566241190e-05
4.2560000000e+03 2.8330812410e-05
4.2580000000e+03 1.6095400478e-05
4.2600000000e+03 3.8600053936e-06
4.2620000000e+03 4.5005595451e-06
4.2640000000e+03 5.1411128145e-06
4.2660000000e+03 5.7816491111e-06
4.2680000000e+03 6.4221361194e-06
4.2700000000e+03 7.0626097353e-06
4.2720000000e+03 1.0816880022e-05
4.2740000000e+03 1.4571071812e-05
4.2760000000e+03 1.8325185106e-05
4.2780000000e+03 2.2079219903e-05
4.2800000000e+03 2.5833176205e-05
4.2820000000e+03 2.4276082481e-05
4.2840000000e+03 2.2719021308e-05
4.2860000000e+03 2.1161992688e-05
4.2880000000e+03 1.9604996620e-05
4.2900000000e+03 1.8048033103e-05
4.2920000000e+03 2.0000713729e-05
4.2940000000e+03 2.1953353519e-05
4.2960000000e+03 2.3905952474e-05
4.2980000000e+03 2.5858510595e-05
4.3000000000e+03 2.7811027880e-05
4.3020000000e+03 3.3665336863e-05
4.3040000000e+03 3.9519523418e-05
4.3060000000e+03 4.5373587546e-05
4.3080000000e+03 5.1227529245e-05
4.3100000000e+03 5.7081348517e-05
4.3120000000e+03 6.2224312267e-05
4.3140000000e+03 6.7362549207e-05
4.3160000000e+03 7.2498570884e-05
4.3180000000e+03 7.7633580686e-05
4.3200000000e+03 8.2767578613e-05
4.3220000000e+03 7.3764768592e-05
4.3240000000e+03 6.4763728897e-05
4.3260000000e+03 5.5764459528e-05
4.3280000000e+03 4.6766960484e-05
4.3300000000e+03 3.7771231765e-05
4.3320000000e+03 3.4529769514e-05
4.3340000000e+03 3.1288944828e-05
4.3360000000e+03 2.8048757706e-05
4.3380000000e+03 2.4809208149e-05
4.3400000000e+03 2.1570296157e-05
4.3420000000e+03 1.8132419114e-05
4.3440000000e+03 1.4695218960e-05
4.3460000000e+03 1.1258695695e-05
4.3480000000e+03 7.8228493189e-06
4.3500000000e+03 4.3876798322e-06
4.3520000000e+03 4.1360198028e-06
4.3540000000e+03 3.8844092930e-06
4.3560000000e+03 3.6328483028e-06
4.3580000000e+03 3.3813368322e-06
4.3600000000e+03 3.1298327476e-06
4.3620000000e+03 3.8069397601e-06
4.3640000000e+03 4.4838467954e-06
4.3660000000e+03 5.1605538534e-06
4.3680000000e+03 5.8370609341e-06
4.3700000000e+03 6.5133680376e-06
4.3720000000e+03 5.2837200076e-06
4.3740000000e+03 4.0544348790e-06
4.3760000000e+03 2.8255126518e-06
4.3780000000e+03 1.5969533262e-06
4.3800000000e+03 3.6875690202e-07
4.3820000000e+03 1.8453555736e-06
4.3840000000e+03 3.3215177826e-06
4.3860000000e+03 4.7972435290e-06
4.3880000000e+03 6.2725328128e-06
4.3900000000e+03 7.7473856341e-06
4.3920000000e+03 8.8036339839e-06
4.3940000000e+03 9.8595695627e-06
4.3960000000e+03 1.0915192371e-05
4.3980000000e+03 1.1970502408e-05
4.4000000000e+03 1.3025499674e-05
4.4020000000e+03 1.2625961984e-05
4.4040000000e+03 1.2226541992e-05
4.4060000000e+03 1.1827239697e-05
4.4080000000e+03 1.1428141818e-05
4.4100000000e+03 1.1029180607e-05
4.4120000000e+03 1.4916307314e-05
4.4140000000e+03 1.8802358773e-05
4.4160000000e+03 2.2687334983e-05
4.4180000000e+03 2.6571235944e-05
4.4200000000e+03 3.0454061656e-05
4.4220000000e+03 2.9043622864e-05
4.4240000000e+03 2.7633573176e-05
4.4260000000e+03 2.6223912592e-05
4.4280000000e+03 2.4814641112e-05
4.4300000000e+03 2.3405758735e-05
4.4320000000e+03 2.9800554288e-05
4.4340000000e+03 3.6193578274e-05
4.4360000000e+03 4.2584830693e-05
4.4380000000e+03 4.8974311545e-05
4.4400000000e+03 5.5362020831e-05
4.4420000000e+03 4.4881906967e-05
4.4440000000e+03 3.4404694850e-05
4.4460000000e+03 2.3930384482e-05
4.4480000000e+03 1.3458975862e-05
4.4500000000e+03 2.9904689894e-06
4.4520000000e+03 7.8842049345e-06
4.4540000000e+03 1.2776583750e-05
4.4560000000e+03 1.7667605074e-05
4.4580000000e+03 2.2557269078e-05
4.4600000000e+03 2.7445575762e-05
4.4620000000e+03 2.4334633804e-05
4.4640000000e+03 2.1224554162e-05
4.4660000000e+03 1.8115336836e-05
4.4680000000e+03 1.5006981825e-05
4.4700000000e+03 1.1899489129e-05
4.4720000000e+03 1.2996944337e-05
4.4740000000e+03 1.4094094301e-05
4.4760000000e+03 1.5190939021e-05
4.4780000000e+03 1.6287478496e-05
4.4800000000e+03 1.7383712727e-05
4.4820000000e+03 2.0376116088e-05
4.4840000000e+03 2.3367687150e-05
4.4860000000e+03 2.6358425912e-05
4.4880000000e+03 2.9348332374e-05
4.4900000000e+03 3.2337406537e-05
4.4920000000e+03 3.6635428539e-05
4.4940000000e+03 4.0932253983e-05
4.4960000000e+03 4.5227882869e-05
4.4980000000e+03 4.9522315196e-05
4.5000000000e+03 5.3815550966e-05
4.5020000000e+03 6.0728999456e-05
4.5040000000e+03 6.7639452155e-05
4.5060000000e+03 7.4547430555e-05
4.5080000000e+03 8.1452934656e-05
4.5100000000e+03 8.8355964458e-05
4.5120000000e+03 7.9409350382e-05
4.5140000000e+03 7.0465931269e-05
4.5160000000e+03 6.1525707118e-05
4.5180000000e+03 5.2588677930e-05
4.5200000000e+03 4.3654843704e-05
4.5220000000e+03 5.3713946724e-05
4.5240000000e+03 6.3769445119e-05
4.5260000000e+03 7.3821338891e-05
4.5280000000e+03 8.3869628040e-05
4.5300000000e+03 9.3914312565e-05
4.5320000000e+03 8.6171294162e-05
4.5340000000e+03 7.8431044727e-05
4.5360000000e+03 7.0693564260e-05
4.5380000000e+03 6.2958852760e-05
4.5400000000e+03 5.5226910228e-05
4.5420000000e+03 5.4411929568e-05
4.5440000000e+03 5.3597237696e-05
4.5460000000e+03 5.2782834612e-05
4.5480000000e+03 5.1969107789e-05
4.5500000000e+03 5.1156802177e-05
4.5520000000e+03 5.7913828299e-05
4.5540000000e+03 6.4668829469e-05
4.5560000000e+03 7.1421805688e-05
4.5580000000e+03 7.8172756954e-05
4.5600000000e+03 8.4921683269e-05
4.5620000000e+03 8.3797819971e-05
4.5640000000e+03 8.2674289533e-05
4.5660000000e+03 8.1551091958e-05
4.5680000000e+03 8.0428227243e-05
4.5700000000e+03 7.9305695390e-05
4.5720000000e+03 6.7511042085e-05
4.5740000000e+03 5.5719921142e-05
4.5760000000e+03 4.3932332561e-05
4.5780000000e+03 3.2148276341e-05
4.5800000000e+03 2.0367752482e-05
4.5820000000e+03 2.3311813470e-05
4.5840000000e+03 2.6254990278e-05
4.5860000000e+03 2.9197282905e-05
4.5880000000e+03 3.2138691353e-05
4.5900000000e+03 3.5079215621e-05
4.5920000000e+03 3.2738711094e-05
4.5940000000e+03 3.0398907701e-05
4.5960000000e+03 2.8059597835e-05
4.5980000000e+03 2.5720956774e-05
4.6000000000e+03 2.3383063528e-05
4.6020000000e+03 2.9826533309e-05
4.6040000000e+03 3.6267936862e-05
4.6060000000e+03 4.2707274189e-05
4.6080000000e+03 4.9144545290e-05
4.6100000000e+03 5.5579750164e-05
4.6120000000e+03 4.6079864444e-05
4.6140000000e+03 3.6583022865e-05
4.6160000000e+03 2.7089225425e-05
4.6180000000e+03 1.7598472125e-05
4.6200000000e+03 8.1107629652e-06
4.6220000000e+03 1.0299740044e-05
4.6240000000e+03 1.2488014047e-05
4.6260000000e+03 1.4675584976e-05
4.6280000000e+03 1.6862452829e-05
4.6300000000e+03 1.9048617608e-05
4.6320000000e+03 2.0595609977e-05
4.6340000000e+03 2.2142104383e-05
4.6360000000e+03 2.3688100826e-05
4.6380000000e+03 2.5233599305e-05
4.6400000000e+03 2.6778599822e-05
4.6420000000e+03 2.7188537646e-05
4.6440000000e+03 2.7599621424e-05
4.6460000000e+03 2.8010621820e-05
4.6480000000e+03 2.8421538833e-05
4.6500000000e+03 2.8832372464e-05
4.6520000000e+03 5.2774542787e-05
4.6540000000e+03 7.6711886406e-05
4.6560000000e+03 1.0064440332e-04
4.6580000000e+03 1.2457209353e-04
4.6600000000e+03 1.4849495704e-04
4.6620000000e+03 1.6570936808e-04
4.6640000000e+03 1.8292030437e-04
4.6660000000e+03 2.0012776592e-04
4.6680000000e+03 2.1733175272e-04
4.6700000000e+03 2.3453226477e-04
4.6720000000e+03 2.3814294302e-04
4.6740000000e+03 2.4175288795e-04
4.6760000000e+03 2.4536209955e-04
4.6780000000e+03 2.4897057782e-04
4.6800000000e+03 2.5257832277e-04
4.6820000000e+03 2.2359740698e-04
4.6840000000e+03 1.9462233668e-04
4.6860000000e+03 1.6565311188e-04
4.6880000000e+03 1.3668973257e-04
4.6900000000e+03 1.0773298736e-04
4.6920000000e+03 1.0304325576e-04
4.6940000000e+03 9.8354375545e-05
4.6960000000e+03 9.3666346705e-05
4.6980000000e+03 8.8979169246e-05
4.7000000000e+03 8.4292843165e-05
4.7020000000e+03 7.6320652149e-05
4.7040000000e+03 6.8349910708e-05
4.7060000000e+03 6.0380618842e-05
4.7080000000e+03 5.2412776551e-05
4.7100000000e+03 4.4446383835e-05
4.7120000000e+03 3.8037597927e-05
4.7140000000e+03 3.1629978239e-05
4.7160000000e+03 2.5223524769e-05
4.7180000000e+03 1.8818237519e-05
4.7200000000e+03 1.2414116489e-05
4.7220000000e+03 1.3799207623e-05
4.7240000000e+03 1.5184046230e-05
4.7260000000e+03 1.6568632309e-05
4.7280000000e+03 1.7952965860e-05
4.7300000000e+03 1.9337046884e-05
4.7320000000e+03 1.9254308863e-05
4.7340000000e+03 1.9171585601e-05
4.7360000000e+03 1.9088920328e-05
4.7380000000e+03 1.9006417723e-05
4.7400000000e+03 1.8923928246e-05
4.7420000000e+03 2.4097272656e-05
4.7440000000e+03 2.9269777732e-05
4.7460000000e+03 3.4441443472e-05
4.7480000000e+03 3.9612269878e-05
4.7500000000e+03 4.4782256948e-05
4.7520000000e+03 3.8701460868e-05
4.7540000000e+03 3.2621650867e-05
4.7560000000e+03 2.6542826946e-05
4.7580000000e+03 2.0464989105e-05
4.7600000000e+03 1.4388137344e-05
4.7620000000e+03 1.4288121020e-05
4.7640000000e+03 1.4188120742e-05
4.7660000000e+03 1.4088136510e-05
4.7680000000e+03 1.3988168323e-05
4.7700000000e+03 1.3888216182e-05
4.7720000000e+03 1.9192207969e-05
4.7740000000e+03 2.4495338250e-05
4.7760000000e+03 2.9797607023e-05
4.7780000000e+03 3.5099014290e-05
4.7800000000e+03 4.0399560049e-05
4.7820000000e+03 4.1944249023e-05
4.7840000000e+03 4.3487120713e-05
4.7860000000e+03 4.5028983117e-05
4.7880000000e+03 4.6570438154e-05
4.7900000000e+03 4.8111485824e-05
4.7920000000e+03 6.6902143704e-05
4.7940000000e+03 8.5687851737e-05
4.7960000000e+03 1.0446860992e-04
4.7980000000e+03 1.2324441827e-04
4.8000000000e+03 1.4201527676e-04
4.8020000000e+03 1.3167345817e-04
4.8040000000e+03 1.2133435978e-04
4.8060000000e+03 1.1099798157e-04
4.8080000000e+03 1.0066432357e-04
4.8100000000e+03 9.0333385755e-05
4.8120000000e+03 7.5712680006e-05
4.8140000000e+03 6.1095826290e-05
4.8160000000e+03 4.6482824607e-05
4.8180000000e+03 3.1873674957e-05
4.8200000000e+03 1.7268377340e-05
4.8220000000e+03 1.7547300482e-05
4.8240000000e+03 1.7826149429e-05
4.8260000000e+03 1.8104924180e-05
4.8280000000e+03 1.8383624735e-05
4.8300000000e+03 1.8662646873e-05
4.8320000000e+03 1.5599161838e-05
4.8340000000e+03 1.2535866758e-05
4.8360000000e+03 9.4727616312e-06
4.8380000000e+03 6.4098464585e-06
4.8400000000e+03 3.3471212396e-06
4.8420000000e+03 2.8834465724e-06
4.8440000000e+03 2.4198006592e-06
4.8460000000e+03 1.9561835000e-06
4.8480000000e+03 1.4925950947e-06
4.8500000000e+03 1.0290354435e-06
4.8520000000e+03 3.9066342540e-06
4.8540000000e+03 6.7840545456e-06
4.8560000000e+03 9.6612963184e-06
4.8580000000e+03 1.2538359572e-05
4.8600000000e+03 1.5415244307e-05
4.8620000000e+03 1.7184377661e-05
4.8640000000e+03 1.8953401217e-05
4.8660000000e+03 2.0722314974e-05
4.8680000000e+03 2.2491118934e-05
4.8700000000e+03 2.4259813095e-05
4.8720000000e+03 2.3246477186e-05
4.8740000000e+03 2.2233204114e-05
4.8760000000e+03 2.1219993878e-05
4.8780000000e+03 2.0205982664e-05
4.8800000000e+03 1.9191777507e-05
4.8820000000e+03 1.6446542930e-05
4.8840000000e+03 1.3701811440e-05
4.8860000000e+03 1.0957583038e-05
4.8880000000e+03 8.2138577240e-06
4.8900000000e+03 5.4706354977e-06
4.8920000000e+03 5.7275517792e-06
4.8940000000e+03 5.9844208348e-06
4.8960000000e+03 6.2412426643e-06
4.8980000000e+03 6.4980172679e-06
4.9000000000e+03 6.7547446456e-06
4.9020000000e+03 8.4926865599e-06
4.9040000000e+03 1.0230309371e-05
4.9060000000e+03 1.1967613079e-05
4.9080000000e+03 1.3704597683e-05
4.9100000000e+03 1.5441263184e-05
4.9120000000e+03 1.6916855684e-05
4.9140000000e+03 1.8392176961e-05
4.9160000000e+03 1.9867227018e-05
4.9180000000e+03 2.1342005852e-05
4.9200000000e+03 2.2816513466e-05
4.9220000000e+03 1.9294071027e-05
4.9240000000e+03 1.5772435089e-05
4.9260000000e+03 1.2251871013e-05
4.9280000000e+03 8.7315971065e-06
4.9300000000e+03 5.2116133685e-06
4.9320000000e+03 5.8289135699e-06
4.9340000000e+03 6.4461628593e-06
4.9360000000e+03 7.0633612368e-06
4.9380000000e+03 7.6805087023e-06
4.9400000000e+03 8.2976052559e-06
4.9420000000e+03 9.3750151752e-06
4.9440000000e+03 1.0452336219e-05
4.9460000000e+03 1.1529568388e-05
4.9480000000e+03 1.2606711682e-05
4.9500000000e+03 1.3683766100e-05
4.9520000000e+03 1.6542937458e-05
4.9540000000e+03 1.9401872944e-05
4.9560000000e+03 2.2260572557e-05
4.9580000000e+03 2.5119036298e-05
4.9600000000e+03 2.7977264166e-05
4.9620000000e+03 2.5138367674e-05
4.9640000000e+03 2.2299705288e-05
4.9660000000e+03 1.9461277010e-05
4.9680000000e+03 1.6623082838e-05
4.9700000000e+03 1.3785122772e-05
4.9720000000e+03 1.7516047024e-05
4.9740000000e+03 2.1245830225e-05
4.9760000000e+03 2.4974775658e-05
4.9780000000e+03 2.8702883323e-05
4.9800000000e+03 3.2430153221e-05
4.9820000000e+03 3.1113055357e-05
4.9840000000e+03 2.9796252492e-05
4.9860000000e+03 2.8479744626e-05
4.9880000000e+03 2.7163531761e-05
4.9900000000e+03 2.5847613896e-05
4.9920000000e+03 2.2483650822e-05
4.9940000000e+03 1.9120443060e-05
4.9960000000e+03 1.5757990610e-05
4.9980000000e+03 1.2396293471e-05
5.0000000000e+03 9.0353516440e-06
5.0020000000e+03 1.4300063199e-05
5.0040000000e+03 1.9563590752e-05
5.0060000000e+03 2.4825934303e-05
5.0080000000e+03 3.0087093851e-05
5.0100000000e+03 3.5347069398e-05
5.0120000000e+03 2.9777868580e-05
5.0140000000e+03 2.4209919810e-05
5.0160000000e+03 1.8643223088e-05
5.0180000000e+03 1.3077778414e-05
5.0200000000e+03 7.5135857886e-06
5.0220000000e+03 9.5398464515e-06
5.0240000000e+03 1.1565650805e-05
5.0260000000e+03 1.3590998850e-05
5.0280000000e+03 1.5615890586e-05
5.0300000000e+03 1.7640326012e-05
5.0320000000e+03 1.6906148640e-05
5.0340000000e+03 1.6172136179e-05
5.0360000000e+03 1.5438288630e-05
5.0380000000e+03 1.4704605993e-05
5.0400000000e+03 1.3971088267e-05
5.0420000000e+03 1.1442035662e-05
5.0440000000e+03 8.9135526426e-06
5.0460000000e+03 6.3856392093e-06
5.0480000000e+03 3.8582953617e-06
5.0500000000e+03 1.3315211000e-06
5.0520000000e+03 7.2639601670e-06
5.0540000000e+03 1.3195061528e-05
5.0560000000e+03 1.9124825182e-05
5.0580000000e+03 2.5053251131e-05
5.0600000000e+03 3.0980339373e-05
5.0620000000e+03 2.8993333396e-05
5.0640000000e+03 2.7006774922e-05
5.0660000000e+03 2.5021704585e-05
5.0680000000e+03 2.3037367694e-05
5.0700000000e+03 2.1053235725e-05
5.0720000000e+03 1.8507090407e-05
5.0740000000e+03 1.5961208114e-05
5.0760000000e+03 1.3415588847e-05
5.0780000000e+03 1.0870232606e-05
5.0800000000e+03 8.3251393906e-06
5.0820000000e+03 6.6597672878e-06
5.0840000000e+03 4.9945672974e-06
5.0860000000e+03 3.3295394193e-06
5.0880000000e+03 1.6646836535e-06
5.0900000000e+03 0.0000000000e+00
5.0920000000e+03 2.5827404851e-06
5.0940000000e+03 5.1652139120e-06
5.0960000000e+03 7.7474202807e-06
5.0980000000e+03 1.0329359591e-05
5.1000000000e+03 1.2911031844e-05
5.1020000000e+03 1.1866547518e-05
5.1040000000e+03 1.0822171153e-05
5.1060000000e+03 9.7779027467e-06
5.1080000000e+03 8.7337423005e-06
5.1100000000e+03 7.6896898140e-06
5.1120000000e+03 8.3519901196e-06
5.1140000000e+03 9.0146150088e-06
5.1160000000e+03 9.6772389443e-06
5.1180000000e+03 1.0339861926e-05
5.1200000000e+03 1.1002483955e-05
5.1220000000e+03 1.0798726481e-05
5.1240000000e+03 1.0594969302e-05
5.1260000000e+03 1.0391212415e-05
5.1280000000e+03 1.0187455821e-05
5.1300000000e+03 9.9836995211e-06
5.1320000000e+03 1.2533210221e-05
5.1340000000e+03 1.5082717251e-05
5.1360000000e+03 1.7632220613e-05
5.1380000000e+03 2.0181720305e-05
5.1400000000e+03 2.2731216329e-05
5.1420000000e+03 2.1703600909e-05
5.1440000000e+03 2.0675986968e-05
5.1460000000e+03 1.9648374505e-05
5.1480000000e+03 1.8620763522e-05
5.1500000000e+03 1.7593154017e-05
5.1520000000e+03 1.5603504123e-05
5.1540000000e+03 1.3613857092e-05
5.1560000000e+03 1.1624212924e-05
5.1580000000e+03 9.6345716193e-06
5.1600000000e+03 7.6448813031e-06
5.1620000000e+03 8.0682292366e-06
5.1640000000e+03 8.4915679193e-06
5.1660000000e+03 8.9148973512e-06
5.1680000000e+03 9.3382175323e-06
5.1700000000e+03 9.7615284627e-06
5.1720000000e+03 9.9137779572e-06
5.1740000000e+03 1.0066024123e-05
5.1760000000e+03 1.0218266960e-05
5.1780000000e+03 1.0370506468e-05
5.1800000000e+03 1.0522742648e-05
5.1820000000e+03 8.7865712702e-06
5.1840000000e+03 7.0504378245e-06
5.1860000000e+03 5.3143423109e-06
5.1880000000e+03 3.5782847294e-06
5.1900000000e+03 1.8422650800e-06
5.1920000000e+03 4.4160737185e-06
5.1940000000e+03 6.9898261168e-06
5.1960000000e+03 9.5635222750e-06
5.1980000000e+03 1.2137162193e-05
5.2000000000e+03 1.4710745871e-05
5.2020000000e+03 1.2012906495e-05
5.2040000000e+03 9.3151260690e-06
5.2060000000e+03 6.6173073343e-06
5.2080000000e+03 3.9193243906e-06
5.2100000000e+03 1.2218959934e-06
5.2120000000e+03 1.1898981032e-06
5.2140000000e+03 1.1579067671e-06
5.2160000000e+03 1.1259219851e-06
5.2180000000e+03 1.0939437571e-06
5.2200000000e+03 1.0619720832e-06
5.2220000000e+03 5.1199487025e-06
5.2240000000e+03 9.1770904069e-06
5.2260000000e+03 1.3233397196e-05
5.2280000000e+03 1.7288869071e-05
5.2300000000e+03 2.1343506031e-05
5.2320000000e+03 2.2745785245e-05
5.2340000000e+03 2.4147775352e-05
5.2360000000e+03 2.5549476352e-05
5.2380000000e+03 2.6950888245e-05
5.2400000000e+03 2.8352011031e-05
5.2420000000e+03 2.3909767179e-05
5.2440000000e+03 1.9468437619e-05
5.2460000000e+03 1.5028022351e-05
5.2480000000e+03 1.0588521374e-05
5.2500000000e+03 6.1499346900e-06
5.2520000000e+03 8.4181812028e-06
5.2540000000e+03 1.0687034356e-05
5.2560000000e+03 1.2956561975e-05
5.2580000000e+03 1.5226318397e-05
5.2600000000e+03 1.7496303621e-05
5.2620000000e+03 1.6148665213e-05
5.2640000000e+03 1.4800890842e-05
5.2660000000e+03 1.3452980509e-05
5.2680000000e+03 1.2104934212e-05
5.2700000000e+03 1.0756751954e-05
5.2720000000e+03 9.3500950791e-06
5.2740000000e+03 7.9432963612e-06
5.2760000000e+03 6.5363558003e-06
5.2780000000e+03 5.1292733964e-06
5.2800000000e+03 3.7220491493e-06
5.2820000000e+03 8.2066035732e-06
5.2840000000e+03 1.2691609899e-05
5.2860000000e+03 1.7177068127e-05
5.2880000000e+03 2.1662978258e-05
5.2900000000e+03 2.6149340290e-05
5.2920000000e+03 2.4001651915e-05
5.2940000000e+03 2.1853747034e-05
5.2960000000e+03 1.9705625646e-05
5.2980000000e+03 1.7557287751e-05
5.3000000000e+03 1.5408687710e-05
5.3020000000e+03 1.7740866369e-05
5.3040000000e+03 2.0073184630e-05
5.3060000000e+03 2.2405642494e-05
5.3080000000e+03 2.4738239960e-05
5.3100000000e+03 2.7070977028e-05
5.3120000000e+03 2.3074717540e-05
5.3140000000e+03 1.9078218780e-05
5.3160000000e+03 1.5081480746e-05
5.3180000000e+03 1.1084503440e-05
5.3200000000e+03 7.0872868613e-06
5.3220000000e+03 6.6433136372e-06
5.3240000000e+03 6.1993138272e-06
5.3260000000e+03 5.7552874314e-06
5.3280000000e+03 5.3112344497e-06
5.3300000000e+03 4.8671548821e-06
5.3320000000e+03 7.9788330008e-06
5.3340000000e+03 1.1090697326e-05
5.3360000000e+03 1.4202747859e-05
5.3380000000e+03 1.7314984598e-05
5.3400000000e+03 2.0427407545e-05
5.3420000000e+03 2.0647522542e-05
5.3440000000e+03 2.0867650674e-05
5.3460000000e+03 2.1087791939e-05
5.3480000000e+03 2.1309478171e-05
5.3500000000e+03 2.1532079632e-05
5.3520000000e+03 1.8163191941e-05
5.3540000000e+03 1.4793345316e-05
5.3560000000e+03 1.1422539759e-05
5.3580000000e+03 8.0507752694e-06
5.3600000000e+03 4.6780518466e-06
5.3620000000e+03 8.1877541427e-06
5.3640000000e+03 1.1698453648e-05
5.3660000000e+03 1.5210150363e-05
5.3680000000e+03 1.8722844288e-05
5.3700000000e+03 2.2236535422e-05
5.3720000000e+03 2.1799865188e-05
5.3740000000e+03 2.1363070051e-05
5.3760000000e+03 2.0926150011e-05
5.3780000000e+03 2.0489105068e-05
5.3800000000e+03 2.0051935221e-05
5.3820000000e+03 2.3632695668e-05
5.3840000000e+03 2.7214471456e-05
5.3860000000e+03 3.0797262584e-05
5.3880000000e+03 3.4381069053e-05
5.3900000000e+03 3.7965890862e-05
5.3920000000e+03 3.6097575306e-05
5.3940000000e+03 3.4227975933e-05
5.3960000000e+03 3.2353370166e-05
5.3980000000e+03 3.0478843379e-05
5.4000000000e+03 2.8604395573e-05
5.4020000000e+03 2.8275217661e-05
5.4040000000e+03 2.7946053599e-05
5.4060000000e+03 2.7616903387e-05
5.4080000000e+03 2.7287767024e-05
5.4100000000e+03 2.6958644511e-05
5.4120000000e+03 2.1799103203e-05
5.4140000000e+03 1.6639779371e-05
5.4160000000e+03 1.1480673015e-05
5.4180000000e+03 6.3217841356e-06
5.4200000000e+03 1.1631127321e-06
5.4220000000e+03 3.7254337011e-06
5.4240000000e+03 6.2876466431e-06
5.4260000000e+03 8.8497515583e-06
5.4280000000e+03 1.1411748447e-05
5.4300000000e+03 1.3973637308e-05
5.4320000000e+03 1.3994648964e-05
5.4340000000e+03 1.4015659721e-05
5.4360000000e+03 1.4036669580e-05
5.4380000000e+03 1.4057678541e-05
5.4400000000e+03 1.4078686603e-05
5.4420000000e+03 1.2862204285e-05
5.4440000000e+03 1.1645744990e-05
5.4460000000e+03 1.0429361728e-05
5.4480000000e+03 9.2130544970e-06
5.4500000000e+03 7.9968232982e-06
5.4520000000e+03 1.0202952989e-05
5.4540000000e+03 1.2408944713e-05
5.4560000000e+03 1.4614798469e-05
5.4580000000e+03 1.6820514258e-05
5.4600000000e+03 1.9026092079e-05
5.4620000000e+03 1.7394486707e-05
5.4640000000e+03 1.5762983339e-05
5.4660000000e+03 1.4131581977e-05
5.4680000000e+03 1.2500282619e-05
5.4700000000e+03 1.0869085267e-05
5.4720000000e+03 1.1102977895e-05
5.4740000000e+03 1.1336855873e-05
5.4760000000e+03 1.1570719198e-05
5.4780000000e+03 1.1804567873e-05
5.4800000000e+03 1.2038401896e-05
5.4820000000e+03 1.1140274301e-05
5.4840000000e+03 1.0242202869e-05
5.4860000000e+03 9.3441876019e-06
5.4880000000e+03 8.4463214475e-06
5.4900000000e+03 7.5491008850e-06
5.4920000000e+03 1.1000529586e-05
5.4940000000e+03 1.4452375274e-05
5.4960000000e+03 1.7904637949e-05
5.4980000000e+03 2.1357317611e-05
5.5000000000e+03 2.4810414260e-05
5.5020000000e+03 2.1269382224e-05
5.5040000000e+03 1.7727922266e-05
5.5060000000e+03 1.4186034388e-05
5.5080000000e+03 1.0643718588e-05
5.5100000000e+03 7.1009748681e-06
5.5120000000e+03 6.4924582839e-06
5.5140000000e+03 5.8838681641e-06
5.5160000000e+03 5.2752045089e-06
5.5180000000e+03 4.6664673181e-06
5.5200000000e+03 4.0576565919e-06
5.5220000000e+03 1.0680183725e-05
5.5240000000e+03 1.7303510315e-05
5.5260000000e+03 2.3927636363e-05
5.5280000000e+03 3.0552561868e-05
5.5300000000e+03 3.7178286830e-05
5.5320000000e+03 3.4039814801e-05
5.5340000000e+03 3.0900963732e-05
5.5360000000e+03 2.7761733622e-05
5.5380000000e+03 2.4622124472e-05
5.5400000000e+03 2.1482136282e-05
5.5420000000e+03 2.1136925293e-05
5.5440000000e+03 2.0791672498e-05
5.5460000000e+03 2.0446377897e-05
5.5480000000e+03 2.0101041491e-05
5.5500000000e+03 1.9755663278e-05
5.5520000000e+03 1.7897595181e-05
5.5540000000e+03 1.6039302833e-05
5.5560000000e+03 1.4180786234e-05
5.5580000000e+03 1.2322045384e-05
5.5600000000e+03 1.0463080283e-05
5.5620000000e+03 9.0964054553e-06
5.5640000000e+03 7.7295657628e-06
5.5660000000e+03 6.3625612049e-06
5.5680000000e+03 4.9953917817e-06
5.5700000000e+03 3.6280574932e-06
5.5720000000e+03 8.9604192871e-06
5.5740000000e+03 1.4293423820e-05
5.5760000000e+03 1.9627071092e-05
5.5780000000e+03 2.4961361102e-05
5.5800000000e+03 3.0296293852e-05
5.5820000000e+03 2.6600965516e-05
5.5840000000e+03 2.2903998442e-05
5.5860000000e+03 1.9207036665e-05
5.5880000000e+03 1.5510080185e-05
5.5900000000e+03 1.1813129003e-05
5.5920000000e+03 1.0621133979e-05
5.5940000000e+03 9.4291406634e-06
5.5960000000e+03 8.2371490556e-06
5.5980000000e+03 7.0451591557e-06
5.6000000000e+03 5.8531709637e-06
5.6020000000e+03 8.7512849067e-06
5.6040000000e+03 1.1649394697e-05
5.6060000000e+03 1.4547500335e-05
5.6080000000e+03 1.7445601820e-05
5.6100000000e+03 2.0343699153e-05
5.6120000000e+03 1.9349183513e-05
5.6140000000e+03 1.8354669298e-05
5.6160000000e+03 1.7360156508e-05
5.6180000000e+03 1.6365645143e-05
5.6200000000e+03 1.5371135203e-05
5.6220000000e+03 1.4172034178e-05
5.6240000000e+03 1.2972934872e-05
5.6260000000e+03 1.1773837283e-05
5.6280000000e+03 1.0574741413e-05
5.6300000000e+03 9.3756472606e-06
5.6320000000e+03 9.9662881056e-06
5.6340000000e+03 1.0556928104e-05
5.6360000000e+03 1.1147567256e-05
5.6380000000e+03 1.1738205562e-05
5.6400000000e+03 1.2328843021e-05
5.6420000000e+03 1.6130669490e-05
5.6440000000e+03 1.9932490510e-05
5.6460000000e+03 2.3734306081e-05
5.6480000000e+03 2.7536116204e-05
5.6500000000e+03 3.1337920878e-05
5.6520000000e+03 2.8366891305e-05
5.6540000000e+03 2.5395865989e-05
5.6560000000e+03 2.2424844932e-05
5.6580000000e+03 1.9453828132e-05
5.6600000000e+03 1.6482815591e-05
5.6620000000e+03 1.3805348875e-05
5.6640000000e+03 1.1127885996e-05
5.6660000000e+03 8.4504269553e-06
5.6680000000e+03 5.7729717515e-06
5.6700000000e+03 3.0955203850e-06
5.6720000000e+03 3.5100329557e-06
5.6740000000e+03 3.9245449324e-06
5.6760000000e+03 4.3390982031e-06
5.6780000000e+03 4.7540960440e-06
5.6800000000e+03 5.1691775354e-06
5.6820000000e+03 9.9140768181e-06
5.6840000000e+03 1.4659933235e-05
5.6860000000e+03 1.9406746787e-05
5.6880000000e+03 2.4154517473e-05
5.6900000000e+03 2.8903245294e-05
5.6920000000e+03 2.4462071250e-05
5.6940000000e+03 2.0020001104e-05
5.6960000000e+03 1.5577034856e-05
5.6980000000e+03 1.1133172506e-05
5.7000000000e+03 6.6884140544e-06
5.7020000000e+03 8.4508745598e-06
5.7040000000e+03 1.0213690131e-05
5.7060000000e+03 1.1976860769e-05
5.7080000000e+03 1.3740386472e-05
5.7100000000e+03 1.5504267242e-05
5.7120000000e+03 1.5147590841e-05
5.7140000000e+03 1.4790842278e-05
5.7160000000e+03 1.4434021552e-05
5.7180000000e+03 1.4077128665e-05
5.7200000000e+03 1.3720163616e-05
5.7220000000e+03 1.3972972845e-05
5.7240000000e+03 1.4225237108e-05
5.7260000000e+03 1.4477109738e-05
5.7280000000e+03 1.4728997303e-05
5.7300000000e+03 1.4980899802e-05
5.7320000000e+03 1.5978317483e-05
5.7340000000e+03 1.6975794373e-05
5.7360000000e+03 1.7973330472e-05
5.7380000000e+03 1.8970925780e-05
5.7400000000e+03 1.9968580297e-05
5.7420000000e+03 2.0780783169e-05
5.7440000000e+03 2.1593034235e-05
5.7460000000e+03 2.2405333494e-05
5.7480000000e+03 2.3217680947e-05
5.7500000000e+03 2.4030076593e-05
5.7520000000e+03 1.9675989792e-05
5.7540000000e+03 1.5321644441e-05
5.7560000000e+03 1.0967040539e-05
5.7580000000e+03 6.6121780879e-06
5.7600000000e+03 2.2570570863e-06
5.7620000000e+03 2.7709989700e-06
5.7640000000e+03 3.2849713586e-06
5.7660000000e+03 3.7989742521e-06
5.7680000000e+03 4.3130076505e-06
5.7700000000e+03 4.8270881743e-06
5.7720000000e+03 5.1950609597e-06
5.7740000000e+03 5.5630853465e-06
5.7760000000e+03 5.9311613349e-06
5.7780000000e+03 6.2992889246e-06
5.7800000000e+03 6.6674681158e-06
5.7820000000e+03 5.3343487283e-06
5.7840000000e+03 4.0010422230e-06
5.7860000000e+03 2.6675485999e-06
5.7880000000e+03 1.3338678589e-06
5.7900000000e+03 0.0000000000e+00
5.7920000000e+03 4.8754619631e-07
5.7940000000e+03 9.7516077706e-07
5.7960000000e+03 1.4628437422e-06
5.7980000000e+03 1.9505950919e-06
5.8000000000e+03 2.4384148259e-06
5.8020000000e+03 2.5314842932e-06
5.8040000000e+03 2.6245667860e-06
5.8060000000e+03 2.7176623045e-06
5.8080000000e+03 2.8107708486e-06
5.8100000000e+03 2.9038924183e-06
5.8120000000e+03 7.2379006589e-06
5.8140000000e+03 1.1572516344e-05
5.8160000000e+03 1.5907739473e-05
5.8180000000e+03 2.0243217049e-05
5.8200000000e+03 2.4578834119e-05
5.8220000000e+03 2.4354570444e-05
5.8240000000e+03 2.4130288868e-05
5.8260000000e+03 2.3905989390e-05
5.8280000000e+03 2.3681672011e-05
5.8300000000e+03 2.3457336729e-05
5.8320000000e+03 1.9848341569e-05
5.8340000000e+03 1.6239059557e-05
5.8360000000e+03 1.2629490693e-05
5.8380000000e+03 9.0196349773e-06
5.8400000000e+03 5.4094924094e-06
5.8420000000e+03 1.0796166271e-05
5.8440000000e+03 1.6183268065e-05
5.8460000000e+03 2.1570797794e-05
5.8480000000e+03 2.6958755456e-05
5.8500000000e+03 3.2347141052e-05
5.8520000000e+03 3.1336028265e-05
5.8540000000e+03 3.0324835063e-05
5.8560000000e+03 2.9313561446e-05
5.8580000000e+03 2.8302207414e-05
5.8600000000e+03 2.7290772967e-05
5.8620000000e+03 2.3583169741e-05
5.8640000000e+03 1.9875271992e-05
5.8660000000e+03 1.6167079718e-05
5.8680000000e+03 1.2458592921e-05
5.8700000000e+03 8.7498115991e-06
5.8720000000e+03 9.6663310400e-06
5.8740000000e+03 1.0582923224e-05
5.8760000000e+03 1.1499588151e-05
5.8780000000e+03 1.2416325821e-05
5.8800000000e+03 1.3333136234e-05
5.8820000000e+03 1.1704989552e-05
5.8840000000e+03 1.0076713580e-05
5.8860000000e+03 8.4483083193e-06
5.8880000000e+03 6.8197737689e-06
5.8900000000e+03 5.1911099292e-06
5.8920000000e+03 4.5307657391e-06
5.8940000000e+03 3.8703691229e-06
5.8960000000e+03 3.2099200806e-06
5.8980000000e+03 2.5494186122e-06
5.9000000000e+03 1.8888647176e-06
5.9020000000e+03 5.6005718154e-06
5.9040000000e+03 9.3125734372e-06
5.9060000000e+03 1.3024869583e-05
5.9080000000e+03 1.6737460253e-05
5.9100000000e+03 2.0450345447e-05
5.9120000000e+03 1.7604456814e-05
5.9140000000e+03 1.4758568509e-05
5.9160000000e+03 1.1912051881e-05
5.9180000000e+03 9.0649069299e-06
5.9200000000e+03 6.2171336558e-06
5.9220000000e+03 8.2946067554e-06
5.9240000000e+03 1.0372537859e-05
5.9260000000e+03 1.2450926966e-05
5.9280000000e+03 1.4529774078e-05
5.9300000000e+03 1.6609079194e-05
5.9320000000e+03 1.4827007476e-05
5.9340000000e+03 1.3044542562e-05
5.9360000000e+03 1.1261684453e-05
5.9380000000e+03 9.4784331481e-06
5.9400000000e+03 7.6947886471e-06
5.9420000000e+03 8.6051205792e-06
5.9440000000e+03 9.5156528634e-06
5.9460000000e+03 1.0426385500e-05
5.9480000000e+03 1.1337318488e-05
5.9500000000e+03 1.2248451828e-05
5.9520000000e+03 1.2228262241e-05
5.9540000000e+03 1.2208067912e-05
5.9560000000e+03 1.2187868841e-05
5.9580000000e+03 1.2167606215e-05
5.9600000000e+03 1.2146419293e-05
5.9620000000e+03 1.5084268691e-05
5.9640000000e+03 1.8022291338e-05
5.9660000000e+03 2.0960487232e-05
5.9680000000e+03 2.3898856374e-05
5.9700000000e+03 2.6837398763e-05
5.9720000000e+03 2.3521352537e-05
5.9740000000e+03 2.0205110719e-05
5.9760000000e+03 1.6888673309e-05
5.9780000000e+03 1.3572040307e-05
5.9800000000e+03 1.0255211712e-05
5.9820000000e+03 1.0562640652e-05
5.9840000000e+03 1.0870087700e-05
5.9860000000e+03 1.1177552856e-05
5.9880000000e+03 1.1485036121e-05
5.9900000000e+03 1.1792537494e-05
5.9920000000e+03 1.5193331636e-05
5.9940000000e+03 1.8594326241e-05
5.9960000000e+03 2.1995521310e-05
5.9980000000e+03 2.5396916842e-05
6.0000000000e+03 2.8798512838e-05
6.0020000000e+03 2.6702739334e-05
6.0040000000e+03 2.4606842248e-05
6.0060000000e+03 2.2510697081e-05
6.0080000000e+03 2.0414359150e-05
6.0100000000e+03 1.8317939805e-05
6.0120000000e+03 2.1159023728e-05
6.0140000000e+03 2.4000217947e-05
6.0160000000e+03 2.6841522461e-05
6.0180000000e+03 2.9682937271e-05
6.0200000000e+03 3.2524462376e-05
6.0220000000e+03 3.7119937086e-05
6.0240000000e+03 4.1715590181e-05
6.0260000000e+03 4.6311421660e-05
6.0280000000e+03 5.0907431524e-05
6.0300000000e+03 5.5503619772e-05
6.0320000000e+03 4.9110469724e-05
6.0340000000e+03 4.2717071457e-05
6.0360000000e+03 3.6323424974e-05
6.0380000000e+03 2.9929530272e-05
6.0400000000e+03 2.3535387353e-05
6.0420000000e+03 2.0820100678e-05
6.0440000000e+03 1.8104708590e-05
6.0460000000e+03 1.5389211091e-05
6.0480000000e+03 1.2673608179e-05
6.0500000000e+03 9.9578998549e-06
6.0520000000e+03 1.4629782148e-05
6.0540000000e+03 1.9302224990e-05
6.0560000000e+03 2.3975037088e-05
6.0580000000e+03 2.8648218442e-05
6.0600000000e+03 3.3321769052e-05
6.0620000000e+03 3.1665471228e-05
6.0640000000e+03 3.0009042409e-05
6.0660000000e+03 2.8352482596e-05
6.0680000000e+03 2.6695791789e-05
6.0700000000e+03 2.5038969987e-05
6.0720000000e+03 2.1815783478e-05
6.0740000000e+03 1.8592342226e-05
6.0760000000e+03 1.5368646231e-05
6.0780000000e+03 1.2144695494e-05
6.0800000000e+03 8.9204900137e-06
6.0820000000e+03 8.9676048429e-06
6.0840000000e+03 9.0147233661e-06
6.0860000000e+03 9.0618455833e-06
6.0880000000e+03 9.1089714945e-06
6.0900000000e+03 9.1561010996e-06
6.0920000000e+03 1.0383320749e-05
6.0940000000e+03 1.1610637294e-05
6.0960000000e+03 1.2838050734e-05
6.0980000000e+03 1.4065561071e-05
6.1000000000e+03 1.5293085273e-05
6.1020000000e+03 1.8488984602e-05
6.1040000000e+03 2.1685072005e-05
6.1060000000e+03 2.4881347480e-05
6.1080000000e+03 2.8077811030e-05
6.1100000000e+03 3.1274462653e-05
6.1120000000e+03 2.6038825694e-05
6.1140000000e+03 2.0802880574e-05
6.1160000000e+03 1.5566627293e-05
6.1180000000e+03 1.0330065851e-05
6.1200000000e+03 5.0931962486e-06
6.1220000000e+03 4.8863726653e-06
6.1240000000e+03 4.6795369039e-06
6.1260000000e+03 4.4726889643e-06
6.1280000000e+03 4.2658288465e-06
6.1300000000e+03 4.0589565506e-06
6.1320000000e+03 7.8373466453e-06
6.1340000000e+03 1.1615959018e-05
6.1360000000e+03 1.5394793669e-05
6.1380000000e+03 1.9173850599e-05
6.1400000000e+03 2.2953129807e-05
6.1420000000e+03 2.3380475628e-05
6.1440000000e+03 2.3807846547e-05
6.1460000000e+03 2.4235264470e-05
6.1480000000e+03 2.4663429031e-05
6.1500000000e+03 2.5091644403e-05
6.1520000000e+03 2.1371034351e-05
6.1540000000e+03 1.7649981157e-05
6.1560000000e+03 1.3928484820e-05
6.1580000000e+03 1.0206545340e-05
6.1600000000e+03 6.4841627181e-06
6.1620000000e+03 7.6229471540e-06
6.1640000000e+03 8.7618670838e-06
6.1660000000e+03 9.9009225077e-06
6.1680000000e+03 1.1040113426e-05
6.1700000000e+03 1.2179439837e-05
6.1720000000e+03 1.0805391471e-05
6.1740000000e+03 9.4311795259e-06
6.1760000000e+03 8.0568040016e-06
6.1780000000e+03 6.6822648983e-06
6.1800000000e+03 5.3075622161e-06
6.1820000000e+03 6.4613725931e-06
6.1840000000e+03 7.6153201792e-06
6.1860000000e+03 8.7694049744e-06
6.1880000000e+03 9.9236269787e-06
6.1900000000e+03 1.1077986192e-05
6.1920000000e+03 1.1224677488e-05
6.1940000000e+03 1.1371206570e-05
6.1960000000e+03 1.1517583839e-05
6.1980000000e+03 1.1663969688e-05
6.2000000000e+03 1.1810364117e-05
6.2020000000e+03 1.1194029605e-05
6.2040000000e+03 1.0577658868e-05
6.2060000000e+03 9.9612519076e-06
6.2080000000e+03 9.3448087221e-06
6.2100000000e+03 8.7283293121e-06
6.2120000000e+03 9.1938697484e-06
6.2140000000e+03 9.6594375119e-06
6.2160000000e+03 1.0125032603e-05
6.2180000000e+03 1.0590655021e-05
6.2200000000e+03 1.1056304766e-05
6.2220000000e+03 1.5755245987e-05
6.2240000000e+03 2.0454463129e-05
6.2260000000e+03 2.5153956191e-05
6.2280000000e+03 2.9853725175e-05
6.2300000000e+03 3.4553770079e-05
6.2320000000e+03 3.3537353125e-05
6.2340000000e+03 3.2520876433e-05
6.2360000000e+03 3.1504340001e-05
6.2380000000e+03 3.0487743831e-05
6.2400000000e+03 2.9471070204e-05
6.2420000000e+03 2.4190255897e-05
6.2440000000e+03 1.8909449053e-05
6.2460000000e+03 1.3628649672e-05
6.2480000000e+03 8.3478577537e-06
6.2500000000e+03 3.0670732988e-06
6.2520000000e+03 5.0408216126e-06
6.2540000000e+03 7.0145671370e-06
6.2560000000e+03 8.9883098720e-06
6.2580000000e+03 1.0962049818e-05
6.2600000000e+03 1.2935786974e-05
6.2620000000e+03 1.7354148811e-05
6.2640000000e+03 2.1772504404e-05
6.2660000000e+03 2.6190853753e-05
6.2680000000e+03 3.0609196858e-05
6.2700000000e+03 3.5027533718e-05
6.2720000000e+03 3.3048359992e-05
6.2740000000e+03 3.1069189064e-05
6.2760000000e+03 2.9090020932e-05
6.2780000000e+03 2.7110855597e-05
6.2800000000e+03 2.5131693060e-05
6.2820000000e+03 2.2042986994e-05
6.2840000000e+03 1.8954285293e-05
6.2860000000e+03 1.5865587958e-05
6.2880000000e+03 1.2776894989e-05
6.2900000000e+03 9.6882063846e-06
6.2920000000e+03 1.2372750921e-05
6.2940000000e+03 1.5057291664e-05
6.2960000000e+03 1.7741828614e-05
6.2980000000e+03 2.0426361771e-05
6.3000000000e+03 2.3110891135e-05
6.3020000000e+03 2.5725055728e-05
6.3040000000e+03 2.8339216628e-05
6.3060000000e+03 3.0953373833e-05
6.3080000000e+03 3.3567527345e-05
6.3100000000e+03 3.6181677164e-05
6.3120000000e+03 4.0098398828e-05
6.3140000000e+03 4.4015114959e-05
6.3160000000e+03 4.7931825555e-05
6.3180000000e+03 5.1848530616e-05
6.3200000000e+03 5.5765230144e-05
6.3220000000e+03 4.6125804976e-05
6.3240000000e+03 3.6486393429e-05
6.3260000000e+03 2.6846995501e-05
6.3280000000e+03 1.7207611194e-05
6.3300000000e+03 7.5682405076e-06
6.3320000000e+03 6.5507179662e-06
6.3340000000e+03 5.5331968626e-06
6.3360000000e+03 4.5156771961e-06
6.3380000000e+03 3.4981589676e-06
6.3400000000e+03 2.4806421772e-06
6.3420000000e+03 4.1494348914e-06
6.3440000000e+03 5.8182252472e-06
6.3460000000e+03 7.4870132445e-06
6.3480000000e+03 9.1557988833e-06
6.3500000000e+03 1.0824582164e-05
6.3520000000e+03 1.1674303614e-05
6.3540000000e+03 1.2524023863e-05
6.3560000000e+03 1.3373742911e-05
6.3580000000e+03 1.4223460759e-05
6.3600000000e+03 1.5073177405e-05
6.3620000000e+03 1.3204130158e-05
6.3640000000e+03 1.1335085553e-05
6.3660000000e+03 9.4660435885e-06
6.3680000000e+03 7.5970042658e-06
6.3700000000e+03 5.7279675847e-06
6.3720000000e+03 4.7104607229e-06
6.3740000000e+03 3.6929552991e-06
6.3760000000e+03 2.6754513134e-06
6.3780000000e+03 1.6579487657e-06
6.3800000000e+03 6.4044765604e-07
6.3820000000e+03 4.6617340106e-06
6.3840000000e+03 8.6830146818e-06
6.3860000000e+03 1.2704289670e-05
6.3880000000e+03 1.6725558974e-05
6.3900000000e+03 2.0746822595e-05
6.3920000000e+03 2.2312740916e-05
6.3940000000e+03 2.3878657023e-05
6.3960000000e+03 2.5444570918e-05
6.3980000000e+03 2.7010482599e-05
6.4000000000e+03 2.8576392067e-05
6.4020000000e+03 2.3566486476e-05
6.4040000000e+03 1.8556587965e-05
6.4060000000e+03 1.3546696536e-05
6.4080000000e+03 8.5368121863e-06
6.4100000000e+03 3.5269349177e-06
6.4120000000e+03 6.6948574068e-06
6.4140000000e+03 9.8627754187e-06
6.4160000000e+03 1.3030688953e-05
6.4180000000e+03 1.6198598010e-05
6.4200000000e+03 1.9366502590e-05
6.4220000000e+03 2.0654581413e-05
6.4240000000e+03 2.1942658415e-05
6.4260000000e+03 2.3230733597e-05
6.4280000000e+03 2.4518806958e-05
6.4300000000e+03 2.5806106550e-05
6.4320000000e+03 3.0591156178e-05
6.4340000000e+03 3.5375911272e-05
6.4360000000e+03 4.0160371832e-05
6.4380000000e+03 4.4944537858e-05
6.4400000000e+03 4.9728409350e-05
6.4420000000e+03 4.3619689537e-05
6.4440000000e+03 3.7511345635e-05
6.4460000000e+03 3.1403377644e-05
6.4480000000e+03 2.5295785564e-05
6.4500000000e+03 1.9188569395e-05
6.4520000000e+03 1.8495480291e-05
6.4540000000e+03 1.7802433818e-05
6.4560000000e+03 1.7109429977e-05
6.4580000000e+03 1.6416468767e-05
6.4600000000e+03 1.5723550188e-05
6.4620000000e+03 1.5934029302e-05
6.4640000000e+03 1.6144495428e-05
6.4660000000e+03 1.6354948564e-05
6.4680000000e+03 1.6565388710e-05
6.4700000000e+03 1.6775815868e-05
6.4720000000e+03 1.4126947417e-05
6.4740000000e+03 1.1478242053e-05
6.4760000000e+03 8.8296998049e-06
6.4780000000e+03 6.1813206477e-06
6.4800000000e+03 3.5331045429e-06
6.4820000000e+03 5.1120285693e-06
6.4840000000e+03 6.6908553636e-06
6.4860000000e+03 8.2695849257e-06
6.4880000000e+03 9.8482172557e-06
6.4900000000e+03 1.1426752354e-05
6.4920000000e+03 1.4338871034e-05
6.4940000000e+03 1.7250810346e-05
6.4960000000e+03 2.0162570290e-05
6.4980000000e+03 2.3074150864e-05
6.5000000000e+03 2.5985552069e-05
6.5020000000e+03 2.3362850692e-05
6.5040000000e+03 2.0740310812e-05
6.5060000000e+03 1.8117932432e-05
6.5080000000e+03 1.5495715550e-05
6.5100000000e+03 1.2873660166e-05
6.5120000000e+03 1.9710777349e-05
6.5140000000e+03 2.6547473304e-05
6.5160000000e+03 3.3383748031e-05
6.5180000000e+03 4.0219601529e-05
6.5200000000e+03 4.7055033799e-05
6.5220000000e+03 3.9228133594e-05
6.5240000000e+03 3.1400788840e-05
6.5260000000e+03 2.3574373919e-05
6.5280000000e+03 1.5748912458e-05
6.5300000000e+03 7.9244044550e-06
6.5320000000e+03 7.9905545568e-06
6.5340000000e+03 8.0566965376e-06
6.5360000000e+03 8.1228303973e-06
6.5380000000e+03 8.1889561358e-06
6.5400000000e+03 8.2550737534e-06
6.5420000000e+03 8.8810897817e-06
6.5440000000e+03 9.5070294280e-06
6.5460000000e+03 1.0132892692e-05
6.5480000000e+03 1.0758679574e-05
6.5500000000e+03 1.1384390075e-05
6.5520000000e+03 2.3699685085e-05
6.5540000000e+03 3.6013478134e-05
6.5560000000e+03 4.8325769221e-05
6.5580000000e+03 6.0636558348e-05
6.5600000000e+03 7.2945845514e-05
6.5620000000e+03 6.7246785727e-05
6.5640000000e+03 6.1548420622e-05
6.5660000000e+03 5.5850750199e-05
6.5680000000e+03 5.0153774457e-05
6.5700000000e+03 4.4458130093e-05
6.5720000000e+03 3.8225796801e-05
6.5740000000e+03 3.1993848079e-05
6.5760000000e+03 2.5762283929e-05
6.5780000000e+03 1.9531104348e-05
6.5800000000e+03 1.3300309339e-05
6.5820000000e+03 1.3866425976e-05
6.5840000000e+03 1.4432507643e-05
6.5860000000e+03 1.4998554339e-05
6.5880000000e+03 1.5564566064e-05
6.5900000000e+03 1.6130542817e-05
6.5920000000e+03 2.2943505332e-05
6.5940000000e+03 2.9756047195e-05
6.5960000000e+03 3.6568168407e-05
6.5980000000e+03 4.3379868966e-05
6.6000000000e+03 5.0191148874e-05
6.6020000000e+03 4.6259294322e-05
6.6040000000e+03 4.2327682458e-05
6.6060000000e+03 3.8396313282e-05
6.6080000000e+03 3.4465186793e-05
6.6100000000e+03 3.0534302993e-05
6.6120000000e+03 2.7103413080e-05
6.6140000000e+03 2.3672734992e-05
6.6160000000e+03 2.0242268729e-05
6.6180000000e+03 1.6811194505e-05
6.6200000000e+03 1.3380646395e-05
6.6220000000e+03 2.1754140842e-05
6.6240000000e+03 3.0126275783e-05
6.6260000000e+03 3.8497051217e-05
6.6280000000e+03 4.6866467144e-05
6.6300000000e+03 5.5234523566e-05
6.6320000000e+03 6.2332968491e-05
6.6340000000e+03 6.9430259879e-05
6.6360000000e+03 7.6526397728e-05
6.6380000000e+03 8.3621382039e-05
6.6400000000e+03 9.0715212811e-05
6.6420000000e+03 9.8486650118e-05
6.6440000000e+03 1.0625682361e-04
6.6460000000e+03 1.1402573328e-04
6.6480000000e+03 1.2179337914e-04
6.6500000000e+03 1.2955976119e-04
6.6520000000e+03 1.1938453187e-04
6.6540000000e+03 1.0921095467e-04
6.6560000000e+03 9.9039029594e-05
6.6580000000e+03 8.8868756639e-05
6.6600000000e+03 7.8700135805e-05
6.6620000000e+03 7.1554604729e-05
6.6640000000e+03 6.4409636850e-05
6.6660000000e+03 5.7265338459e-05
6.6680000000e+03 5.0122488880e-05
6.6700000000e+03 4.2981088113e-05
6.6720000000e+03 5.3528573661e-05
6.6740000000e+03 6.4073916758e-05
6.6760000000e+03 7.4617117405e-05
6.6780000000e+03 8.5158175602e-05
6.6800000000e+03 9.5697091347e-05
6.6820000000e+03 1.1101240795e-04
6.6840000000e+03 1.2632461137e-04
6.6860000000e+03 1.4163370161e-04
6.6880000000e+03 1.5693967867e-04
6.6900000000e+03 1.7224254254e-04
6.6920000000e+03 1.6735218344e-04
6.6940000000e+03 1.6246281473e-04
6.6960000000e+03 1.5757443640e-04
6.6980000000e+03 1.5268704847e-04
6.7000000000e+03 1.4780065094e-04
6.7020000000e+03 1.4038515246e-04
6.7040000000e+03 1.3297115887e-04
6.7060000000e+03 1.2555867017e-04
6.7080000000e+03 1.1814768635e-04
6.7100000000e+03 1.1073820741e-04
6.7120000000e+03 1.1253163596e-04
6.7140000000e+03 1.1432461030e-04
6.7160000000e+03 1.1611718076e-04
6.7180000000e+03 1.1790934735e-04
6.7200000000e+03 1.1970111007e-04
6.7220000000e+03 1.2826609796e-04
6.7240000000e+03 1.3682916616e-04
6.7260000000e+03 1.4539031465e-04
6.7280000000e+03 1.5394954344e-04
6.7300000000e+03 1.6250685254e-04
6.7320000000e+03 1.6926743896e-04
6.7340000000e+03 1.7602650756e-04
6.7360000000e+03 1.8278405833e-04
6.7380000000e+03 1.8954009127e-04
6.7400000000e+03 1.9629460638e-04
6.7420000000e+03 1.9369090881e-04
6.7440000000e+03 1.9108778962e-04
6.7460000000e+03 1.8848524884e-04
6.7480000000e+03 1.8588328644e-04
6.7500000000e+03 1.8328190243e-04
6.7520000000e+03 1.7391883647e-04
6.7540000000e+03 1.6455786472e-04
6.7560000000e+03 1.5519898719e-04
6.7580000000e+03 1.4584153922e-04
6.7600000000e+03 1.3648551025e-04
6.7620000000e+03 1.4846137599e-04
6.7640000000e+03 1.6043430893e-04
6.7660000000e+03 1.7240430909e-04
6.7680000000e+03 1.8437137644e-04
6.7700000000e+03 1.9633551101e-04
6.7720000000e+03 2.0137489120e-04
6.7740000000e+03 2.0641303237e-04
6.7760000000e+03 2.1144993453e-04
6.7780000000e+03 2.1648559766e-04
6.7800000000e+03 2.2152002178e-04
6.7820000000e+03 2.1958392945e-04
6.7840000000e+03 2.1764830453e-04
6.7860000000e+03 2.1571314703e-04
6.7880000000e+03 2.1377845694e-04
6.7900000000e+03 2.1184423426e-04
6.7920000000e+03 2.1591000796e-04
6.7940000000e+03 2.1997477918e-04
6.7960000000e+03 2.2403854793e-04
6.7980000000e+03 2.2810131421e-04
6.8000000000e+03 2.3216307801e-04
6.8020000000e+03 2.4780253173e-04
6.8040000000e+03 2.6343814445e-04
6.8060000000e+03 2.7906456673e-04
6.8080000000e+03 2.9468621867e-04
6.8100000000e+03 3.1030339414e-04
6.8120000000e+03 3.1841223627e-04
6.8140000000e+03 3.2651874734e-04
6.8160000000e+03 3.3462292734e-04
6.8180000000e+03 3.4272477629e-04
6.8200000000e+03 3.5082429417e-04
6.8220000000e+03 3.5301583972e-04
6.8240000000e+03 3.5520674389e-04
6.8260000000e+03 3.5739700668e-04
6.8280000000e+03 3.5958662808e-04
6.8300000000e+03 3.6177560809e-04
6.8320000000e+03 3.8222245504e-04
6.8340000000e+03 4.0266343289e-04
6.8360000000e+03 4.2309854162e-04
6.8380000000e+03 4.4352778125e-04
6.8400000000e+03 4.6395115176e-04
6.8420000000e+03 4.9409316328e-04
6.8440000000e+03 5.2422651940e-04
6.8460000000e+03 5.5435122012e-04
6.8480000000e+03 5.8446726545e-04
6.8500000000e+03 6.1457465537e-04
6.8520000000e+03 6.3307622117e-04
6.8540000000e+03 6.5156852712e-04
6.8560000000e+03 6.7005512200e-04
6.8580000000e+03 6.8853600581e-04
6.8600000000e+03 7.0701117855e-04
6.8620000000e+03 7.3916296765e-04
6.8640000000e+03 7.7130483962e-04
6.8660000000e+03 8.0343679447e-04
6.8680000000e+03 8.3555883219e-04
6.8700000000e+03 8.6767095278e-04
6.8720000000e+03 9.0216249097e-04
6.8740000000e+03 9.3664337697e-04
6.8760000000e+03 9.7111361077e-04
6.8780000000e+03 1.0055731924e-03
6.8800000000e+03 1.0400221218e-03
6.8820000000e+03 1.0761753617e-03
6.8840000000e+03 1.1123174214e-03
6.8860000000e+03 1.1484483009e-03
6.8880000000e+03 1.1845680002e-03
6.8900000000e+03 1.2206765193e-03
6.8920000000e+03 1.2631580172e-03
6.8940000000e+03 1.3056263677e-03
6.8960000000e+03 1.3480815710e-03
6.8980000000e+03 1.3905236270e-03
6.9000000000e+03 1.4329252729e-03
6.9020000000e+03 1.4891953814e-03
6.9040000000e+03 1.5454457479e-03
6.9060000000e+03 1.6016763723e-03
6.9080000000e+03 1.6578872546e-03
6.9100000000e+03 1.7140783949e-03
6.9120000000e+03 1.7578436946e-03
6.9140000000e+03 1.8015935893e-03
6.9160000000e+03 1.8453280791e-03
6.9180000000e+03 1.8890471640e-03
6.9200000000e+03 1.9327508439e-03
6.9220000000e+03 1.9719075390e-03
6.9240000000e+03 2.0110504148e-03
6.9260000000e+03 2.0501794712e-03
6.9280000000e+03 2.0892947083e-03
6.9300000000e+03 2.1283961261e-03
6.9320000000e+03 2.1721787687e-03
6.9340000000e+03 2.2159459478e-03
6.9360000000e+03 2.2596976633e-03
6.9380000000e+03 2.3034339152e-03
6.9400000000e+03 2.3471547035e-03
6.9420000000e+03 2.4021172123e-03
6.9440000000e+03 2.4570603117e-03
6.9460000000e+03 2.5119620727e-03
6.9480000000e+03 2.5668131354e-03
6.9500000000e+03 2.6216425146e-03
6.9520000000e+03 2.6916478882e-03
6.9540000000e+03 2.7616256216e-03
6.9560000000e+03 2.8315757147e-03
6.9580000000e+03 2.9014981676e-03
6.9600000000e+03 2.9713929803e-03
6.9620000000e+03 3.0307856299e-03
6.9640000000e+03 3.0901547488e-03
6.9660000000e+03 3.1495003370e-03
6.9680000000e+03 3.2088223946e-03
6.9700000000e+03 3.2681209215e-03
6.9720000000e+03 3.3707891920e-03
6.9740000000e+03 3.4734168902e-03
6.9760000000e+03 3.5760040163e-03
6.9780000000e+03 3.6785505701e-03
6.9800000000e+03 3.7810565516e-03
6.9820000000e+03 3.8860793260e-03
6.9840000000e+03 3.9910605229e-03
6.9860000000e+03 4.0960001422e-03
6.9880000000e+03 4.2008981839e-03
6.9900000000e+03 4.3057546481e-03
6.9920000000e+03 4.4731371180e-03
6.9940000000e+03 4.6403214360e-03
6.9960000000e+03 4.8074181008e-03
6.9980000000e+03 4.9744381705e-03
7.0000000000e+03 5.1413816452e-03
7.0020000000e+03 5.3415411456e-03
7.0040000000e+03 5.5416088756e-03
7.0060000000e+03 5.7415848353e-03
7.0080000000e+03 5.9414690246e-03
7.0100000000e+03 6.1412614435e-03
7.0120000000e+03 6.4053472547e-03
7.0140000000e+03 6.6693119141e-03
7.0160000000e+03 6.9331554218e-03
7.0180000000e+03 7.1968777776e-03
7.0200000000e+03 7.4604789817e-03
7.0220000000e+03 7.8168265599e-03
7.0240000000e+03 8.1730105590e-03
7.0260000000e+03 8.5290309788e-03
7.0280000000e+03 8.8848878195e-03
7.0300000000e+03 9.2405810809e-03
7.0320000000e+03 9.6911904284e-03
7.0340000000e+03 1.0141592709e-02
7.0360000000e+03 1.0591787923e-02
7.0380000000e+03 1.1041776069e-02
7.0400000000e+03 1.1491459169e-02
7.0420000000e+03 1.2107464806e-02
7.0440000000e+03 1.2723161301e-02
7.0460000000e+03 1.3338548655e-02
7.0480000000e+03 1.3953626868e-02
7.0500000000e+03 1.4568395939e-02
7.0520000000e+03 1.5392259930e-02
7.0540000000e+03 1.6215710047e-02
7.0560000000e+03 1.7038746291e-02
7.0580000000e+03 1.7861368660e-02
7.0600000000e+03 1.8683577156e-02
7.0620000000e+03 1.9752557247e-02
7.0640000000e+03 2.0820999680e-02
7.0660000000e+03 2.1888904456e-02
7.0680000000e+03 2.2956271574e-02
7.0700000000e+03 2.4023101035e-02
7.0720000000e+03 2.5437740912e-02
7.0740000000e+03 2.6851668469e-02
7.0760000000e+03 2.8264883707e-02
7.0780000000e+03 2.9677386627e-02
7.0800000000e+03 3.1089177227e-02
7.0820000000e+03 3.2826410545e-02
7.0840000000e+03 3.4562767805e-02
7.0860000000e+03 3.6298249007e-02
7.0880000000e+03 3.8032494940e-02
7.0900000000e+03 3.9765792442e-02
7.0920000000e+03 4.1966316668e-02
7.0940000000e+03 4.4165683343e-02
7.0960000000e+03 4.6363892465e-02
7.0980000000e+03 4.8560944035e-02
7.1000000000e+03 5.0756838054e-02
7.1020000000e+03 5.3318053411e-02
7.1040000000e+03 5.5877919093e-02
7.1060000000e+03 5.8436435097e-02
7.1080000000e+03 6.0993601425e-02
7.1100000000e+03 6.3549418076e-02
7.1120000000e+03 6.6604350766e-02
7.1140000000e+03 6.9657671069e-02
7.1160000000e+03 7.2709378984e-02
7.1180000000e+03 7.5759474511e-02
7.1200000000e+03 7.8807957652e-02
7.1220000000e+03 8.2466163959e-02
7.1240000000e+03 8.6122436548e-02
7.1260000000e+03 8.9776775418e-02
7.1280000000e+03 9.3429180568e-02
7.1300000000e+03 9.7079651999e-02
7.1320000000e+03 1.0121204800e-01
7.1340000000e+03 1.0534137333e-01
7.1360000000e+03 1.0946706501e-01
7.1380000000e+03 1.1359039424e-01
7.1400000000e+03 1.1771136101e-01
7.1420000000e+03 1.2251653286e-01
7.1440000000e+03 1.2731895162e-01
7.1460000000e+03 1.3211861727e-01
7.1480000000e+03 1.3691552983e-01
7.1500000000e+03 1.4170968928e-01
7.1520000000e+03 1.4739140209e-01
7.1540000000e+03 1.5306985452e-01
7.1560000000e+03 1.5874504655e-01
7.1580000000e+03 1.6441697820e-01
7.1600000000e+03 1.7008564945e-01
7.1620000000e+03 1.7695959667e-01
7.1640000000e+03 1.8382959391e-01
7.1660000000e+03 1.9069564116e-01
7.1680000000e+03 1.9755773842e-01
7.1700000000e+03 2.0441588570e-01
7.1720000000e+03 2.1248614296e-01
7.1740000000e+03 2.2055175535e-01
7.1760000000e+03 2.2861272288e-01
7.1780000000e+03 2.3666904555e-01
7.1800000000e+03 2.4472072335e-01
7.1820000000e+03 2.5480032177e-01
7.1840000000e+03 2.6487210665e-01
7.1860000000e+03 2.7493721764e-01
7.1880000000e+03 2.8499565472e-01
7.1900000000e+03 2.9504741791e-01
7.1920000000e+03 3.0699876665e-01
7.1940000000e+03 3.1894218710e-01
7.1960000000e+03 3.3087767926e-01
7.1980000000e+03 3.4280524313e-01
7.2000000000e+03 3.5472487871e-01
7.2020000000e+03 3.6820002428e-01
7.2040000000e+03 3.8166621105e-01
7.2060000000e+03 3.9512343904e-01
7.2080000000e+03 4.0857170825e-01
7.2100000000e+03 4.2201101866e-01
7.2120000000e+03 4.3713019136e-01
7.2140000000e+03 4.5223929030e-01
7.2160000000e+03 4.6733831548e-01
7.2180000000e+03 4.8242726690e-01
7.2200000000e+03 4.9750614455e-01
7.2220000000e+03 5.1319398185e-01
7.2240000000e+03 5.2887133602e-01
7.2260000000e+03 5.4453820706e-01
7.2280000000e+03 5.6019000002e-01
7.2300000000e+03 5.7582350256e-01
7.2320000000e+03 5.9055262734e-01
7.2340000000e+03 6.0527122397e-01
7.2360000000e+03 6.1997929247e-01
7.2380000000e+03 6.3467683282e-01
7.2400000000e+03 6.4936384503e-01
7.2420000000e+03 6.6197635710e-01
7.2440000000e+03 6.7457979884e-01
7.2460000000e+03 6.8717417026e-01
7.2480000000e+03 6.9975947134e-01
7.2500000000e+03 7.1233570210e-01
7.2520000000e+03 7.2243188910e-01
7.2540000000e+03 7.3252075414e-01
7.2560000000e+03 7.4260229723e-01
7.2580000000e+03 7.5267651837e-01
7.2600000000e+03 7.6274341754e-01
7.2620000000e+03 7.6908369153e-01
7.2640000000e+03 7.7541927987e-01
7.2660000000e+03 7.8175018256e-01
7.2680000000e+03 7.8807639961e-01
7.2700000000e+03 7.9439793102e-01
7.2720000000e+03 7.9869895308e-01
7.2740000000e+03 8.0299672089e-01
7.2760000000e+03 8.0728360214e-01
7.2780000000e+03 8.1156609586e-01
7.2800000000e+03 8.1584523693e-01
7.2820000000e+03 8.1820484137e-01
7.2840000000e+03 8.2056249748e-01
7.2860000000e+03 8.2291820526e-01
7.2880000000e+03 8.2527196472e-01
7.2900000000e+03 8.2762377585e-01
7.2920000000e+03 8.2822555607e-01
7.2940000000e+03 8.2882667145e-01
7.2960000000e+03 8.2942712199e-01
7.2980000000e+03 8.3002690769e-01
7.3000000000e+03 8.3062602854e-01
7.3020000000e+03 8.3076863019e-01
7.3040000000e+03 8.3091090232e-01
7.3060000000e+03 8.3105284491e-01
7.3080000000e+03 8.3119445799e-01
7.3100000000e+03 8.3133574153e-01
7.3120000000e+03 8.3090800903e-01
7.3140000000e+03 8.3048036609e-01
7.3160000000e+03 8.3005281271e-01
7.3180000000e+03 8.2962534888e-01
7.3200000000e+03 8.2919797461e-01
7.3220000000e+03 8.2857210003e-01
7.3240000000e+03 8.2793528722e-01
7.3260000000e+03 8.2729871916e-01
7.3280000000e+03 8.2666239583e-01
7.3300000000e+03 8.2602631725e-01
7.3320000000e+03 8.2587008151e-01
7.3340000000e+03 8.2571371498e-01
7.3360000000e+03 8.2555721767e-01
7.3380000000e+03 8.2540058958e-01
7.3400000000e+03 8.2524383071e-01
7.3420000000e+03 8.2483215471e-01
7.3440000000e+03 8.2442054782e-01
7.3460000000e+03 8.2400901004e-01
7.3480000000e+03 8.2359754136e-01
7.3500000000e+03 8.2318614179e-01
7.3520000000e+03 8.2307686999e-01
7.3540000000e+03 8.2296742987e-01
7.3560000000e+03 8.2285782140e-01
7.3580000000e+03 8.2274804461e-01
7.3600000000e+03 8.2263809948e-01
7.3620000000e+03 8.2257119435e-01
7.3640000000e+03 8.2250408686e-01
7.3660000000e+03 8.2243677700e-01
7.3680000000e+03 8.2236926477e-01
7.3700000000e+03 8.2228593116e-01
7.3720000000e+03 8.2233988536e-01
7.3740000000e+03 8.2239350933e-01
7.3760000000e+03 8.2244680308e-01
7.3780000000e+03 8.2249976661e-01
7.3800000000e+03 8.2255239991e-01
7.3820000000e+03 8.2196977971e-01
7.3840000000e+03 8.2138735937e-01
7.3860000000e+03 8.2080513890e-01
7.3880000000e+03 8.2022311830e-01
7.3900000000e+03 8.1964129756e-01
7.3920000000e+03 8.1931864407e-01
7.3940000000e+03 8.1899597378e-01
7.3960000000e+03 8.1867328670e-01
7.3980000000e+03 8.1835058282e-01
7.4000000000e+03 8.1802786216e-01
7.4020000000e+03 8.1791150407e-01
7.4040000000e+03 8.1779495616e-01
7.4060000000e+03 8.1767821844e-01
7.4080000000e+03 8.1756129090e-01
7.4100000000e+03 8.1744417353e-01
7.4120000000e+03 8.1672901440e-01
7.4140000000e+03 8.1601416773e-01
7.4160000000e+03 8.1528018563e-01
7.4180000000e+03 8.1451197545e-01
7.4200000000e+03 8.1374412698e-01
7.4220000000e+03 8.1335472175e-01
7.4240000000e+03 8.1296530968e-01
7.4260000000e+03 8.1257589075e-01
7.4280000000e+03 8.1218646497e-01
7.4300000000e+03 8.1179703233e-01
7.4320000000e+03 8.1156771877e-01
7.4340000000e+03 8.1133824187e-01
7.4360000000e+03 8.1110860165e-01
7.4380000000e+03 8.1087879810e-01
7.4400000000e+03 8.1064883123e-01
7.4420000000e+03 8.1035965448e-01
7.4440000000e+03 8.1007037225e-01
7.4460000000e+03 8.0978098453e-01
7.4480000000e+03 8.0949149132e-01
7.4500000000e+03 8.0920189264e-01
7.4520000000e+03 8.0881255818e-01
7.4540000000e+03 8.0842321608e-01
7.4560000000e+03 8.0803386633e-01
7.4580000000e+03 8.0764450893e-01
7.4600000000e+03 8.0725514388e-01
7.4620000000e+03 8.0691352164e-01
7.4640000000e+03 8.0657184474e-01
7.4660000000e+03 8.0623011319e-01
7.4680000000e+03 8.0588832698e-01
7.4700000000e+03 8.0554648612e-01
7.4720000000e+03 8.0488036370e-01
7.4740000000e+03 8.0421450659e-01
7.4760000000e+03 8.0354891478e-01
7.4780000000e+03 8.0288358828e-01
7.4800000000e+03 8.0221852709e-01
7.4820000000e+03 8.0211908418e-01
7.4840000000e+03 8.0201934727e-01
7.4860000000e+03 8.0191931638e-01
7.4880000000e+03 8.0181899149e-01
7.4900000000e+03 8.0171837262e-01
7.4920000000e+03 8.0156395636e-01
7.4940000000e+03 8.0140929918e-01
7.4960000000e+03 8.0125440106e-01
7.4980000000e+03 8.0109926202e-01
7.5000000000e+03 8.0094388205e-01
7.5020000000e+03 8.0003530094e-01
7.5040000000e+03 7.9912722749e-01
7.5060000000e+03 7.9821966171e-01
7.5080000000e+03 7.9731260360e-01
7.5100000000e+03 7.9639348380e-01
7.5120000000e+03 7.9617398687e-01
7.5140000000e+03 7.9595425831e-01
7.5160000000e+03 7.9573429812e-01
7.5180000000e+03 7.9551410629e-01
7.5200000000e+03 7.9529368282e-01
7.5220000000e+03 7.9477680681e-01
7.5240000000e+03 7.9426002203e-01
7.5260000000e+03 7.9374332848e-01
7.5280000000e+03 7.9322672616e-01
7.5300000000e+03 7.9271021506e-01
7.5320000000e+03 7.9209156105e-01
7.5340000000e+03 7.9147311000e-01
7.5360000000e+03 7.9085486192e-01
7.5380000000e+03 7.9023681679e-01
7.5400000000e+03 7.8961897463e-01
7.5420000000e+03 7.8953140532e-01
7.5440000000e+03 7.8944345805e-01
7.5460000000e+03 7.8935513285e-01
7.5480000000e+03 7.8926642969e-01
7.5500000000e+03 7.8917734858e-01
7.5520000000e+03 7.8860639368e-01
7.5540000000e+03 7.8803558996e-01
7.5560000000e+03 7.8746493741e-01
7.5580000000e+03 7.8688678923e-01
7.5600000000e+03 7.8630733862e-01
7.5620000000e+03 7.8578954033e-01
7.5640000000e+03 7.8527182720e-01
7.5660000000e+03 7.8475419924e-01
7.5680000000e+03 7.8423665644e-01
7.5700000000e+03 7.8371919880e-01
7.5720000000e+03 7.8330969540e-01
7.5740000000e+03 7.8290015545e-01
7.5760000000e+03 7.8249057896e-01
7.5780000000e+03 7.8208096591e-01
7.5800000000e+03 7.8167131632e-01
7.5820000000e+03 7.8136496137e-01
7.5840000000e+03 7.8105845296e-01
7.5860000000e+03 7.8075179107e-01
7.5880000000e+03 7.8044497572e-01
7.5900000000e+03 7.8013800689e-01
7.5920000000e+03 7.7958947025e-01
7.5940000000e+03 7.7904105408e-01
7.5960000000e+03 7.7849275837e-01
7.5980000000e+03 7.7794458314e-01
7.6000000000e+03 7.7739652838e-01
7.6020000000e+03 7.7704270563e-01
7.6040000000e+03 7.7668576380e-01
7.6060000000e+03 7.7632272794e-01
7.6080000000e+03 7.7595958961e-01
7.6100000000e+03 7.7559634881e-01
7.6120000000e+03 7.7507288021e-01
7.6140000000e+03 7.7454949560e-01
7.6160000000e+03 7.7402619500e-01
7.6180000000e+03 7.7350297839e-01
7.6200000000e+03 7.7297984579e-01
7.6220000000e+03 7.7248237366e-01
7.6240000000e+03 7.7198495566e-01
7.6260000000e+03 7.7148759179e-01
7.6280000000e+03 7.7099028205e-01
7.6300000000e+03 7.7049302644e-01
7.6320000000e+03 7.7032456623e-01
7.6340000000e+03 7.7015577509e-01
7.6360000000e+03 7.6998665300e-01
7.6380000000e+03 7.6981719999e-01
7.6400000000e+03 7.6964741603e-01
7.6420000000e+03 7.6923921090e-01
7.6440000000e+03 7.6883095453e-01
7.6460000000e+03 7.6842264693e-01
7.6480000000e+03 7.6801428810e-01
7.6500000000e+03 7.6760587803e-01
7.6520000000e+03 7.6668478131e-01
7.6540000000e+03 7.6575812326e-01
7.6560000000e+03 7.6483202403e-01
7.6580000000e+03 7.6390648361e-01
7.6600000000e+03 7.6298150201e-01
7.6620000000e+03 7.6262666821e-01
7.6640000000e+03 7.6227166633e-01
7.6660000000e+03 7.6191649634e-01
7.6680000000e+03 7.6156115827e-01
7.6700000000e+03 7.6120565209e-01
7.6720000000e+03 7.6082555097e-01
7.6740000000e+03 7.6044531303e-01
7.6760000000e+03 7.6006493827e-01
7.6780000000e+03 7.5968442668e-01
7.6800000000e+03 7.5930377828e-01
7.6820000000e+03 7.5904336680e-01
7.6840000000e+03 7.5878266389e-01
7.6860000000e+03 7.5852166956e-01
7.6880000000e+03 7.5826038379e-01
7.6900000000e+03 7.5799880660e-01
7.6920000000e+03 7.5718690803e-01
7.6940000000e+03 7.5637542677e-01
7.6960000000e+03 7.5556436281e-01
7.6980000000e+03 7.5473926306e-01
7.7000000000e+03 7.5388389331e-01
7.7020000000e+03 7.5346044981e-01
7.7040000000e+03 7.5303685274e-01
7.7060000000e+03 7.5261310212e-01
7.7080000000e+03 7.5218919792e-01
7.7100000000e+03 7.5176514017e-01
7.7120000000e+03 7.5125716915e-01
7.7140000000e+03 7.5074916332e-01
7.7160000000e+03 7.5024112268e-01
7.7180000000e+03 7.4973304723e-01
7.7200000000e+03 7.4922493696e-01
7.7220000000e+03 7.4834631300e-01
7.7240000000e+03 7.4746818134e-01
7.7260000000e+03 7.4659054197e-01
7.7280000000e+03 7.4571339491e-01
7.7300000000e+03 7.4483674014e-01
7.7320000000e+03 7.4454288892e-01
7.7340000000e+03 7.4424869853e-01
7.7360000000e+03 7.4395416899e-01
7.7380000000e+03 7.4365930028e-01
7.7400000000e+03 7.4336409240e-01
7.7420000000e+03 7.4259115390e-01
7.7440000000e+03 7.4181856032e-01
7.7460000000e+03 7.4104631167e-01
7.7480000000e+03 7.4027440795e-01
7.7500000000e+03 7.3950284916e-01
7.7520000000e+03 7.3930577944e-01
7.7540000000e+03 7.3910822895e-01
7.7560000000e+03 7.3891019770e-01
7.7580000000e+03 7.3871168569e-01
7.7600000000e+03 7.3851269291e-01
7.7620000000e+03 7.3827459732e-01
7.7640000000e+03 7.3803607670e-01
7.7660000000e+03 7.3779713106e-01
7.7680000000e+03 7.3755776040e-01
7.7700000000e+03 7.3731796472e-01
7.7720000000e+03 7.3650684369e-01
7.7740000000e+03 7.3569612461e-01
7.7760000000e+03 7.3488580748e-01
7.7780000000e+03 7.3407589231e-01
7.7800000000e+03 7.3326637910e-01
7.7820000000e+03 7.3277738325e-01
7.7840000000e+03 7.3228832397e-01
7.7860000000e+03 7.3179920125e-01
7.7880000000e+03 7.3131001510e-01
7.7900000000e+03 7.3082076552e-01
7.7920000000e+03 7.3009969762e-01
7.7940000000e+03 7.2936023517e-01
7.7960000000e+03 7.2862104854e-01
7.7980000000e+03 7.2788213772e-01
7.8000000000e+03 7.2714350273e-01
7.8020000000e+03 7.2700924529e-01
7.8040000000e+03 7.2687433388e-01
7.8060000000e+03 7.2673876849e-01
7.8080000000e+03 7.2660254912e-01
7.8100000000e+03 7.2646567578e-01
7.8120000000e+03 7.2543397980e-01
7.8140000000e+03 7.2440301141e-01
7.8160000000e+03 7.2337277061e-01
7.8180000000e+03 7.2234325739e-01
7.8200000000e+03 7.2131447176e-01
7.8220000000e+03 7.2119535948e-01
7.8240000000e+03 7.2107556495e-01
7.8260000000e+03 7.2095508816e-01
7.8280000000e+03 7.2083392912e-01
7.8300000000e+03 7.2071208782e-01
7.8320000000e+03 7.1977393576e-01
7.8340000000e+03 7.1883637146e-01
7.8360000000e+03 7.1789939494e-01
7.8380000000e+03 7.1696300618e-01
7.8400000000e+03 7.1602730093e-01
7.8420000000e+03 7.1568098063e-01
7.8440000000e+03 7.1533432781e-01
7.8460000000e+03 7.1498734246e-01
7.8480000000e+03 7.1464002458e-01
7.8500000000e+03 7.1429237417e-01
7.8520000000e+03 7.1352809647e-01
7.8540000000e+03 7.1276413940e-01
7.8560000000e+03 7.1200050296e-01
7.8580000000e+03 7.1123718716e-01
7.8600000000e+03 7.1047419200e-01
7.8620000000e+03 7.0994783627e-01
7.8640000000e+03 7.0942142894e-01
7.8660000000e+03 7.0889497000e-01
7.8680000000e+03 7.0836845945e-01
7.8700000000e+03 7.0784189729e-01
7.8720000000e+03 7.0765396444e-01
7.8740000000e+03 7.0746544439e-01
7.8760000000e+03 7.0727633715e-01
7.8780000000e+03 7.0708664271e-01
7.8800000000e+03 7.0689636107e-01
7.8820000000e+03 7.0599660780e-01
7.8840000000e+03 7.0509739282e-01
7.8860000000e+03 7.0419868098e-01
7.8880000000e+03 7.0330042353e-01
7.8900000000e+03 7.0240270447e-01
7.8920000000e+03 7.0199031374e-01
7.8940000000e+03 7.0157768848e-01
7.8960000000e+03 7.0116482870e-01
7.8980000000e+03 7.0075173439e-01
7.9000000000e+03 7.0033840556e-01
7.9020000000e+03 6.9972687619e-01
7.9040000000e+03 6.9911542918e-01
7.9060000000e+03 6.9850406453e-01
7.9080000000e+03 6.9789278225e-01
7.9100000000e+03 6.9728158233e-01
7.9120000000e+03 6.9640388916e-01
7.9140000000e+03 6.9552670677e-01
7.9160000000e+03 6.9465003518e-01
7.9180000000e+03 6.9377387438e-01
7.9200000000e+03 6.9289822437e-01
7.9220000000e+03 6.9273211722e-01
7.9240000000e+03 6.9256537674e-01
7.9260000000e+03 6.9239800293e-01
7.9280000000e+03 6.9222999580e-01
7.9300000000e+03 6.9206135534e-01
7.9320000000e+03 6.9170411075e-01
7.9340000000e+03 6.9129660083e-01
7.9360000000e+03 6.9087545465e-01
7.9380000000e+03 6.9045394262e-01
7.9400000000e+03 6.9003206472e-01
7.9420000000e+03 6.8926617991e-01
7.9440000000e+03 6.8850055158e-01
7.9460000000e+03 6.8773517972e-01
7.9480000000e+03 6.8697006434e-01
7.9500000000e+03 6.8620520544e-01
7.9520000000e+03 6.8566847679e-01
7.9540000000e+03 6.8513159006e-01
7.9560000000e+03 6.8459454524e-01
7.9580000000e+03 6.8405734235e-01
7.9600000000e+03 6.8351998137e-01
7.9620000000e+03 6.8265819418e-01
7.9640000000e+03 6.8179684153e-01
7.9660000000e+03 6.8093592342e-01
7.9680000000e+03 6.8007543985e-01
7.9700000000e+03 6.7921539082e-01
7.9720000000e+03 6.7835577633e-01
7.9740000000e+03 6.7749659637e-01
7.9760000000e+03 6.7663785096e-01
7.9780000000e+03 6.7577954008e-01
7.9800000000e+03 6.7492166374e-01
7.9820000000e+03 6.7441355483e-01
7.9840000000e+03 6.7390523615e-01
7.9860000000e+03 6.7339670768e-01
7.9880000000e+03 6.7288796945e-01
7.9900000000e+03 6.7237902143e-01
7.9920000000e+03 6.7200248323e-01
7.9940000000e+03 6.7162548951e-01
7.9960000000e+03 6.7124804028e-01
7.9980000000e+03 6.7087013553e-01
8.0000000000e+03 6.7049177527e-01
8.0020000000e+03 6.6999074731e-01
8.0040000000e+03 6.6948949135e-01
8.0060000000e+03 6.6898800738e-01
8.0080000000e+03 6.6848629540e-01
8.0100000000e+03 6.6798435542e-01
8.0120000000e+03 6.6710230215e-01
8.0140000000e+03 6.6622073138e-01
8.0160000000e+03 6.6533964309e-01
8.0180000000e+03 6.6445903728e-01
8.0200000000e+03 6.6357891397e-01
8.0220000000e+03 6.6295590884e-01
8.0240000000e+03 6.6233290395e-01
8.0260000000e+03 6.6170989931e-01
8.0280000000e+03 6.6110270725e-01
8.0300000000e+03 6.6049997531e-01
8.0320000000e+03 6.5989724361e-01
8.0340000000e+03 6.5929451216e-01
8.0360000000e+03 6.5869178094e-01
8.0380000000e+03 6.5808904997e-01
8.0400000000e+03 6.5748631924e-01
8.0420000000e+03 6.5709389120e-01
8.0440000000e+03 6.5670107756e-01
8.0460000000e+03 6.5630787831e-01
8.0480000000e+03 6.5591429346e-01
8.0500000000e+03 6.5552032300e-01
8.0520000000e+03 6.5466272342e-01
8.0540000000e+03 6.5380559206e-01
8.0560000000e+03 6.5294892895e-01
8.0580000000e+03 6.5209273406e-01
8.0600000000e+03 6.5123700741e-01
8.0620000000e+03 6.5087965269e-01
8.0640000000e+03 6.5052184424e-01
8.0660000000e+03 6.5016358205e-01
8.0680000000e+03 6.4980486612e-01
8.0700000000e+03 6.4943481385e-01
8.0720000000e+03 6.4883487760e-01
8.0740000000e+03 6.4823483922e-01
8.0760000000e+03 6.4763469870e-01
8.0780000000e+03 6.4703445605e-01
8.0800000000e+03 6.4643411126e-01
8.0820000000e+03 6.4536501650e-01
8.0840000000e+03 6.4429676463e-01
8.0860000000e+03 6.4322935562e-01
8.0880000000e+03 6.4216278949e-01
8.0900000000e+03 6.4109706623e-01
8.0920000000e+03 6.4070146661e-01
8.0940000000e+03 6.4030535345e-01
8.0960000000e+03 6.3990872674e-01
8.0980000000e+03 6.3951158649e-01
8.1000000000e+03 6.3911393270e-01
8.1020000000e+03 6.3849230987e-01
8.1040000000e+03 6.3787062868e-01
8.1060000000e+03 6.3724888913e-01
8.1080000000e+03 6.3662709121e-01
8.1100000000e+03 6.3596230334e-01
8.1120000000e+03 6.3526745036e-01
8.1140000000e+03 6.3457254622e-01
8.1160000000e+03 6.3387759092e-01
8.1180000000e+03 6.3318258446e-01
8.1200000000e+03 6.3248752684e-01
8.1220000000e+03 6.3174459495e-01
8.1240000000e+03 6.3100172053e-01
8.1260000000e+03 6.3025890361e-01
8.1280000000e+03 6.2951614416e-01
8.1300000000e+03 6.2877344220e-01
8.1320000000e+03 6.2803079773e-01
8.1340000000e+03 6.2728821074e-01
8.1360000000e+03 6.2654568123e-01
8.1380000000e+03 6.2580320921e-01
8.1400000000e+03 6.2506079467e-01
8.1420000000e+03 6.2420699216e-01
8.1440000000e+03 6.2335350322e-01
8.1460000000e+03 6.2250032786e-01
8.1480000000e+03 6.2164746608e-01
8.1500000000e+03 6.2079491787e-01
8.1520000000e+03 6.2009173796e-01
8.1540000000e+03 6.1941645714e-01
8.1560000000e+03 6.1874115322e-01
8.1580000000e+03 6.1806582620e-01
8.1600000000e+03 6.1739047608e-01
8.1620000000e+03 6.1666847794e-01
8.1640000000e+03 6.1594656038e-01
8.1660000000e+03 6.1522472342e-01
8.1680000000e+03 6.1450296705e-01
8.1700000000e+03 6.1378129126e-01
8.1720000000e+03 6.1317702460e-01
8.1740000000e+03 6.1257257613e-01
8.1760000000e+03 6.1196794587e-01
8.1780000000e+03 6.1136313379e-01
8.1800000000e+03 6.1075813992e-01
8.1820000000e+03 6.1021839381e-01
8.1840000000e+03 6.0967831876e-01
8.1860000000e+03 6.0913791475e-01
8.1880000000e+03 6.0859718179e-01
8.1900000000e+03 6.0805611987e-01
8.1920000000e+03 6.0716485511e-01
8.1940000000e+03 6.0627405270e-01
8.1960000000e+03 6.0538371264e-01
8.1980000000e+03 6.0449383493e-01
8.2000000000e+03 6.0362575873e-01
8.2020000000e+03 6.0274259983e-01
8.2040000000e+03 6.0185994429e-01
8.2060000000e+03 6.0097779210e-01
8.2080000000e+03 6.0009614326e-01
8.2100000000e+03 5.9921499778e-01
8.2120000000e+03 5.9875907582e-01
8.2140000000e+03 5.9830273726e-01
8.2160000000e+03 5.9784598210e-01
8.2180000000e+03 5.9738881035e-01
8.2200000000e+03 5.9693122199e-01
8.2220000000e+03 5.9660493177e-01
8.2240000000e+03 5.9627793811e-01
8.2260000000e+03 5.9595024099e-01
8.2280000000e+03 5.9562184043e-01
8.2300000000e+03 5.9529273642e-01
8.2320000000e+03 5.9419966861e-01
8.2340000000e+03 5.9310756869e-01
8.2360000000e+03 5.9201643667e-01
8.2380000000e+03 5.9092627254e-01
8.2400000000e+03 5.8983707630e-01
8.2420000000e+03 5.8958394150e-01
8.2440000000e+03 5.8925425673e-01
8.2460000000e+03 5.8892358769e-01
8.2480000000e+03 5.8859193438e-01
8.2500000000e+03 5.8825929681e-01
8.2520000000e+03 5.8740236293e-01
8.2540000000e+03 5.8654574487e-01
8.2560000000e+03 5.8568944263e-01
8.2580000000e+03 5.8483345620e-01
8.2600000000e+03 5.8397778560e-01
8.2620000000e+03 5.8306656799e-01
8.2640000000e+03 5.8215580584e-01
8.2660000000e+03 5.8124549917e-01
8.2680000000e+03 5.8033564796e-01
8.2700000000e+03 5.7942625222e-01
8.2720000000e+03 5.7902436802e-01
8.2740000000e+03 5.7862166376e-01
8.2760000000e+03 5.7821813942e-01
8.2780000000e+03 5.7781379500e-01
8.2800000000e+03 5.7740863051e-01
8.2820000000e+03 5.7647223510e-01
8.2840000000e+03 5.7553636234e-01
8.2860000000e+03 5.7462222123e-01
8.2880000000e+03 5.7373021726e-01
8.2900000000e+03 5.7283870524e-01
8.2920000000e+03 5.7229822877e-01
8.2940000000e+03 5.7175740390e-01
8.2960000000e+03 5.7121623063e-01
8.2980000000e+03 5.7067470894e-01
8.3000000000e+03 5.7013283885e-01
8.3020000000e+03 5.6935779312e-01
8.3040000000e+03 5.6858296050e-01
8.3060000000e+03 5.6780834100e-01
8.3080000000e+03 5.6703393461e-01
8.3100000000e+03 5.6625974133e-01
8.3120000000e+03 5.6540914891e-01
8.3140000000e+03 5.6455895549e-01
8.3160000000e+03 5.6370916107e-01
8.3180000000e+03 5.6285976566e-01
8.3200000000e+03 5.6201076926e-01
8.3220000000e+03 5.6162615366e-01
8.3240000000e+03 5.6124080440e-01
8.3260000000e+03 5.6085472149e-01
8.3280000000e+03 5.6046790490e-01
8.3300000000e+03 5.6008035466e-01
8.3320000000e+03 5.5896121664e-01
8.3340000000e+03 5.5778545284e-01
8.3360000000e+03 5.5660996194e-01
8.3380000000e+03 5.5543562313e-01
8.3400000000e+03 5.5426243638e-01
8.3420000000e+03 5.5373764877e-01
8.3440000000e+03 5.5321227616e-01
8.3460000000e+03 5.5268631856e-01
8.3480000000e+03 5.5215977598e-01
8.3500000000e+03 5.5163264840e-01
8.3520000000e+03 5.5086213448e-01
8.3540000000e+03 5.5009169159e-01
8.3560000000e+03 5.4932131974e-01
8.3580000000e+03 5.4855101893e-01
8.3600000000e+03 5.4778078914e-01
8.3620000000e+03 5.4703795031e-01
8.3640000000e+03 5.4629510819e-01
8.3660000000e+03 5.4555226278e-01
8.3680000000e+03 5.4480941410e-01
8.3700000000e+03 5.4406656213e-01
8.3720000000e+03 5.4331782237e-01
8.3740000000e+03 5.4256909544e-01
8.3760000000e+03 5.4183341969e-01
8.3780000000e+03 5.4111435066e-01
8.3800000000e+03 5.4039529395e-01
8.3820000000e+03 5.3928255657e-01
8.3840000000e+03 5.3817087379e-01
8.3860000000e+03 5.3706024562e-01
8.3880000000e+03 5.3595067205e-01
8.3900000000e+03 5.3484215309e-01
8.3920000000e+03 5.3438159035e-01
8.3940000000e+03 5.3392035816e-01
8.3960000000e+03 5.3345845652e-01
8.3980000000e+03 5.3299588544e-01
8.4000000000e+03 5.3253264492e-01
8.4020000000e+03 5.3173056263e-01
8.4040000000e+03 5.3092871821e-01
8.4060000000e+03 5.3012711164e-01
8.4080000000e+03 5.2932574294e-01
8.4100000000e+03 5.2852461209e-01
8.4120000000e+03 5.2783427249e-01
8.4140000000e+03 5.2714387214e-01
8.4160000000e+03 5.2645341103e-01
8.4180000000e+03 5.2576288916e-01
8.4200000000e+03 5.2507230654e-01
8.4220000000e+03 5.2413148902e-01
8.4240000000e+03 5.2319129108e-01
8.4260000000e+03 5.2225171273e-01
8.4280000000e+03 5.2131275395e-01
8.4300000000e+03 5.2037441475e-01
8.4320000000e+03 5.1996368044e-01
8.4340000000e+03 5.1955212279e-01
8.4360000000e+03 5.1913974180e-01
8.4380000000e+03 5.1872653747e-01
8.4400000000e+03 5.1831250981e-01
8.4420000000e+03 5.1765691532e-01
8.4440000000e+03 5.1700116121e-01
8.4460000000e+03 5.1634524747e-01
8.4480000000e+03 5.1568917411e-01
8.4500000000e+03 5.1503294112e-01
8.4520000000e+03 5.1445438508e-01
8.4540000000e+03 5.1386570535e-01
8.4560000000e+03 5.1324889325e-01
8.4580000000e+03 5.1263168572e-01
8.4600000000e+03 5.1201408277e-01
8.4620000000e+03 5.1093767778e-01
8.4640000000e+03 5.0986222651e-01
8.4660000000e+03 5.0878772897e-01
8.4680000000e+03 5.0771418515e-01
8.4700000000e+03 5.0664159505e-01
8.4720000000e+03 5.0625449301e-01
8.4740000000e+03 5.0586631510e-01
8.4760000000e+03 5.0547706130e-01
8.4780000000e+03 5.0508673162e-01
8.4800000000e+03 5.0469532606e-01
8.4820000000e+03 5.0347535505e-01
8.4840000000e+03 5.0225677993e-01
8.4860000000e+03 5.0103960071e-01
8.4880000000e+03 4.9982381739e-01
8.4900000000e+03 4.9860942998e-01
8.4920000000e+03 4.9793412349e-01
8.4940000000e+03 4.9725859471e-01
8.4960000000e+03 4.9658284363e-01
8.4980000000e+03 4.9591820711e-01
8.5000000000e+03 4.9525787121e-01
8.5020000000e+03 4.9490459752e-01
8.5040000000e+03 4.9455019423e-01
8.5060000000e+03 4.9419466135e-01
8.5080000000e+03 4.9383799888e-01
8.5100000000e+03 4.9348020683e-01
8.5120000000e+03 4.9278656542e-01
8.5140000000e+03 4.9209279530e-01
8.5160000000e+03 4.9139889644e-01
8.5180000000e+03 4.9070486887e-01
8.5200000000e+03 4.9001071257e-01
8.5220000000e+03 4.8898910991e-01
8.5240000000e+03 4.8796836464e-01
8.5260000000e+03 4.8694847675e-01
8.5280000000e+03 4.8592944623e-01
8.5300000000e+03 4.8491127309e-01
8.5320000000e+03 4.8417883535e-01
8.5340000000e+03 4.8344639023e-01
8.5360000000e+03 4.8271393773e-01
8.5380000000e+03 4.8198147785e-01
8.5400000000e+03 4.8125319458e-01
8.5420000000e+03 4.8066094716e-01
8.5440000000e+03 4.8006835340e-01
8.5460000000e+03 4.7947541330e-01
8.5480000000e+03 4.7888212687e-01
8.5500000000e+03 4.7828849409e-01
8.5520000000e+03 4.7765724240e-01
8.5540000000e+03 4.7702575526e-01
8.5560000000e+03 4.7639403266e-01
8.5580000000e+03 4.7576207460e-01
8.5600000000e+03 4.7512988110e-01
8.5620000000e+03 4.7429174272e-01
8.5640000000e+03 4.7345398545e-01
8.5660000000e+03 4.7261660930e-01
8.5680000000e+03 4.7177961427e-01
8.5700000000e+03 4.7094300035e-01
8.5720000000e+03 4.7031433363e-01
8.5740000000e+03 4.6968542119e-01
8.5760000000e+03 4.6905626303e-01
8.5780000000e+03 4.6842685916e-01
8.5800000000e+03 4.6779720957e-01
8.5820000000e+03 4.6695681871e-01
8.5840000000e+03 4.6608280825e-01
8.5860000000e+03 4.6518836978e-01
8.5880000000e+03 4.6429435659e-01
8.5900000000e+03 4.6340076871e-01
8.5920000000e+03 4.6260748973e-01
8.5940000000e+03 4.6181430594e-01
8.5960000000e+03 4.6102121735e-01
8.5980000000e+03 4.6022822395e-01
8.6000000000e+03 4.5943532574e-01
8.6020000000e+03 4.5874213397e-01
8.6040000000e+03 4.5804870545e-01
8.6060000000e+03 4.5735504018e-01
8.6080000000e+03 4.5666113815e-01
8.6100000000e+03 4.5596699937e-01
8.6120000000e+03 4.5525553585e-01
8.6140000000e+03 4.5454389300e-01
8.6160000000e+03 4.5383207082e-01
8.6180000000e+03 4.5312006930e-01
8.6200000000e+03 4.5240788846e-01
8.6220000000e+03 4.5151675090e-01
8.6240000000e+03 4.5062603986e-01
8.6260000000e+03 4.4973840714e-01
8.6280000000e+03 4.4888642058e-01
8.6300000000e+03 4.4803483941e-01
8.6320000000e+03 4.4726139914e-01
8.6340000000e+03 4.4648811179e-01
8.6360000000e+03 4.4571497738e-01
8.6380000000e+03 4.4494199591e-01
8.6400000000e+03 4.4416916737e-01
8.6420000000e+03 4.4308745037e-01
8.6440000000e+03 4.4200689817e-01
8.6460000000e+03 4.4092751078e-01
8.6480000000e+03 4.3984928820e-01
8.6500000000e+03 4.3877223043e-01
8.6520000000e+03 4.3712698775e-01
8.6540000000e+03 4.3548478945e-01
8.6560000000e+03 4.3384563552e-01
8.6580000000e+03 4.3220952596e-01
8.6600000000e+03 4.3057646078e-01
8.6620000000e+03 4.2816829156e-01
8.6640000000e+03 4.2576575696e-01
8.6660000000e+03 4.2336282834e-01
8.6680000000e+03 4.2095920635e-01
8.6700000000e+03 4.1856131804e-01
8.6720000000e+03 4.1507519605e-01
8.6740000000e+03 4.1159854476e-01
8.6760000000e+03 4.0813136417e-01
8.6780000000e+03 4.0467365428e-01
8.6800000000e+03 4.0122541509e-01
8.6820000000e+03 3.9653729811e-01
8.6840000000e+03 3.9186295640e-01
8.6860000000e+03 3.8720238995e-01
8.6880000000e+03 3.8255559877e-01
8.6900000000e+03 3.7792258285e-01
8.6920000000e+03 3.7145639985e-01
8.6940000000e+03 3.6501041095e-01
8.6960000000e+03 3.5858461615e-01
8.6980000000e+03 3.5217901546e-01
8.7000000000e+03 3.4579360887e-01
8.7020000000e+03 3.3792533920e-01
8.7040000000e+03 3.3008253313e-01
8.7060000000e+03 3.2228297780e-01
8.7080000000e+03 3.1451012699e-01
8.7100000000e+03 3.0676184708e-01
8.7120000000e+03 2.9797313868e-01
8.7140000000e+03 2.8921263498e-01
8.7160000000e+03 2.8048033598e-01
8.7180000000e+03 2.7177624168e-01
8.7200000000e+03 2.6310035208e-01
8.7220000000e+03 2.5390505708e-01
8.7240000000e+03 2.4473985131e-01
8.7260000000e+03 2.3560473479e-01
8.7280000000e+03 2.2649970749e-01
8.7300000000e+03 2.1742476944e-01
8.7320000000e+03 2.0880864224e-01
8.7340000000e+03 2.0022111608e-01
8.7360000000e+03 1.9166219095e-01
8.7380000000e+03 1.8313186687e-01
8.7400000000e+03 1.7463014382e-01
8.7420000000e+03 1.6687959737e-01
8.7440000000e+03 1.5915357517e-01
8.7460000000e+03 1.5145040866e-01
8.7480000000e+03 1.4377378659e-01
8.7500000000e+03 1.3612370896e-01
8.7520000000e+03 1.2963154692e-01
8.7540000000e+03 1.2316185952e-01
8.7560000000e+03 1.1671464676e-01
8.7580000000e+03 1.1028990863e-01
8.7600000000e+03 1.0388764515e-01
8.7620000000e+03 9.8696816714e-02
8.7640000000e+03 9.3524147145e-02
8.7660000000e+03 8.8369636441e-02
8.7680000000e+03 8.3233284604e-02
8.7700000000e+03 7.8115091633e-02
8.7720000000e+03 7.4093660275e-02
8.7740000000e+03 7.0086436740e-02
8.7760000000e+03 6.6093421028e-02
8.7780000000e+03 6.2114613139e-02
8.7800000000e+03 5.8150013074e-02
8.7820000000e+03 5.5177108525e-02
8.7840000000e+03 5.2214336581e-02
8.7860000000e+03 4.9262035409e-02
8.7880000000e+03 4.6320399032e-02
8.7900000000e+03 4.3389427449e-02
8.7920000000e+03 4.1156154369e-02
8.7940000000e+03 3.8930965184e-02
8.7960000000e+03 3.6713859895e-02
8.7980000000e+03 3.4504838502e-02
8.8000000000e+03 3.2303901003e-02
8.8020000000e+03 3.0659355973e-02
8.8040000000e+03 2.9020815544e-02
8.8060000000e+03 2.7388279716e-02
8.8080000000e+03 2.5761748490e-02
8.8100000000e+03 2.4141221864e-02
8.8120000000e+03 2.2940885823e-02
8.8140000000e+03 2.1744968675e-02
8.8160000000e+03 2.0553470419e-02
8.8180000000e+03 1.9366391057e-02
8.8200000000e+03 1.8183730588e-02
8.8220000000e+03 1.7296591792e-02
8.8240000000e+03 1.6412746634e-02
8.8260000000e+03 1.5532142668e-02
8.8280000000e+03 1.4654596002e-02
8.8300000000e+03 1.3780376692e-02
8.8320000000e+03 1.3128384070e-02
8.8340000000e+03 1.2478855593e-02
8.8360000000e+03 1.1831791259e-02
8.8380000000e+03 1.1187191069e-02
8.8400000000e+03 1.0545055022e-02
8.8420000000e+03 1.0054389973e-02
8.8440000000e+03 9.5655956207e-03
8.8460000000e+03 9.0786719654e-03
8.8480000000e+03 8.5936190071e-03
8.8500000000e+03 8.1104367459e-03
8.8520000000e+03 7.7499527537e-03
8.8540000000e+03 7.3908534012e-03
8.8560000000e+03 7.0331386887e-03
8.8580000000e+03 6.6768086159e-03
8.8600000000e+03 6.3218631830e-03
8.8620000000e+03 6.0398215676e-03
8.8640000000e+03 5.7588739666e-03
8.8660000000e+03 5.4790203800e-03
8.8680000000e+03 5.2002608079e-03
8.8700000000e+03 4.9225952502e-03
8.8720000000e+03 4.7133034345e-03
8.8740000000e+03 4.5052208465e-03
8.8760000000e+03 4.2981100009e-03
8.8780000000e+03 4.0917650159e-03
8.8800000000e+03 3.8861858915e-03
8.8820000000e+03 3.7184465609e-03
8.8840000000e+03 3.5513291697e-03
8.8860000000e+03 3.3848337179e-03
8.8880000000e+03 3.2189602055e-03
8.8900000000e+03 3.0537086325e-03
8.8920000000e+03 2.9337007988e-03
8.8940000000e+03 2.8141399847e-03
8.8960000000e+03 2.6950261905e-03
8.8980000000e+03 2.5763594159e-03
8.9000000000e+03 2.4581396610e-03
8.9020000000e+03 2.3661549059e-03
8.9040000000e+03 2.2745150797e-03
8.9060000000e+03 2.1832201827e-03
8.9080000000e+03 2.0922702147e-03
8.9100000000e+03 2.0016651757e-03
8.9120000000e+03 1.9194433865e-03
8.9140000000e+03 1.8375343858e-03
8.9160000000e+03 1.7559081611e-03
8.9180000000e+03 1.6743766713e-03
8.9200000000e+03 1.5931811305e-03
8.9220000000e+03 1.5398107164e-03
8.9240000000e+03 1.4866569518e-03
8.9260000000e+03 1.4337198369e-03
8.9280000000e+03 1.3809993715e-03
8.9300000000e+03 1.3284955557e-03
8.9320000000e+03 1.2759560106e-03
8.9340000000e+03 1.2236342225e-03
8.9360000000e+03 1.1715301912e-03
8.9380000000e+03 1.1196439168e-03
8.9400000000e+03 1.0679753993e-03
8.9420000000e+03 1.0349339239e-03
8.9440000000e+03 1.0020285395e-03
8.9460000000e+03 9.6925924603e-04
8.9480000000e+03 9.3662604353e-04
8.9500000000e+03 9.0412893199e-04
8.9520000000e+03 8.6990761187e-04
8.9540000000e+03 8.3583072779e-04
8.9560000000e+03 8.0189827975e-04
8.9580000000e+03 7.6811026775e-04
8.9600000000e+03 7.3455270303e-04
8.9620000000e+03 7.0990207072e-04
8.9640000000e+03 6.8534685514e-04
8.9660000000e+03 6.6088705629e-04
8.9680000000e+03 6.3652267419e-04
8.9700000000e+03 6.1225370882e-04
8.9720000000e+03 5.8751807967e-04
8.9740000000e+03 5.6288020918e-04
8.9760000000e+03 5.3834009737e-04
8.9780000000e+03 5.1389774422e-04
8.9800000000e+03 4.8955314974e-04
8.9820000000e+03 4.7462744476e-04
8.9840000000e+03 4.5976025279e-04
8.9860000000e+03 4.4495157382e-04
8.9880000000e+03 4.3020140785e-04
8.9900000000e+03 4.1550975488e-04
8.9920000000e+03 4.0522346055e-04
8.9940000000e+03 3.9497718259e-04
8.9960000000e+03 3.8477092098e-04
8.9980000000e+03 3.7460467573e-04
9.0000000000e+03 3.6447844684e-04
9.0020000000e+03 3.5073015893e-04
9.0040000000e+03 3.3703763774e-04
9.0060000000e+03 3.2339998865e-04
9.0080000000e+03 3.0980472129e-04
9.0100000000e+03 2.9626641115e-04
9.0120000000e+03 2.8673675972e-04
9.0140000000e+03 2.7724651548e-04
9.0160000000e+03 2.6779567843e-04
9.0180000000e+03 2.5838424856e-04
9.0200000000e+03 2.4901222587e-04
9.0220000000e+03 2.4405832619e-04
9.0240000000e+03 2.3912416891e-04
9.0260000000e+03 2.3420975402e-04
9.0280000000e+03 2.2931508153e-04
9.0300000000e+03 2.2444015143e-04
9.0320000000e+03 2.1609202980e-04
9.0340000000e+03 2.0777951542e-04
9.0360000000e+03 1.9950260832e-04
9.0380000000e+03 1.9126130848e-04
9.0400000000e+03 1.8305561590e-04
9.0420000000e+03 1.7726734696e-04
9.0440000000e+03 1.7150374285e-04
9.0460000000e+03 1.6576480356e-04
9.0480000000e+03 1.6005052911e-04
9.0500000000e+03 1.5436158308e-04
9.0520000000e+03 1.5207572990e-04
9.0540000000e+03 1.4979881068e-04
9.0560000000e+03 1.4753082544e-04
9.0580000000e+03 1.4527177417e-04
9.0600000000e+03 1.4302165687e-04
9.0620000000e+03 1.3569982076e-04
9.0640000000e+03 1.2841072137e-04
9.0660000000e+03 1.2115435871e-04
9.0680000000e+03 1.1393073278e-04
9.0700000000e+03 1.0673984358e-04
9.0720000000e+03 1.0435000288e-04
9.0740000000e+03 1.0197029471e-04
9.0760000000e+03 9.9600719071e-05
9.0780000000e+03 9.7241275969e-05
9.0800000000e+03 9.4891965400e-05
9.0820000000e+03 9.4238328498e-05
9.0840000000e+03 9.3586737987e-05
9.0860000000e+03 9.2937193866e-05
9.0880000000e+03 9.2289696137e-05
9.0900000000e+03 9.1652300338e-05
9.0920000000e+03 8.9631776294e-05
9.0940000000e+03 8.7619681794e-05
9.0960000000e+03 8.5616016838e-05
9.0980000000e+03 8.3620781427e-05
9.1000000000e+03 8.1633975561e-05
9.1020000000e+03 7.8836430362e-05
9.1040000000e+03 7.6051180570e-05
9.1060000000e+03 7.3278226186e-05
9.1080000000e+03 7.0517567209e-05
9.1100000000e+03 6.7769203640e-05
9.1120000000e+03 6.4515319463e-05
9.1140000000e+03 6.1276203572e-05
9.1160000000e+03 5.8051855968e-05
9.1180000000e+03 5.4842276649e-05
9.1200000000e+03 5.1647465616e-05
9.1220000000e+03 5.1134286695e-05
9.1240000000e+03 5.0622986312e-05
9.1260000000e+03 5.0113564468e-05
9.1280000000e+03 4.9606021163e-05
9.1300000000e+03 4.9100356396e-05
9.1320000000e+03 5.0046518393e-05
9.1340000000e+03 5.0988908668e-05
9.1360000000e+03 5.1926182207e-05
9.1380000000e+03 5.2858339009e-05
9.1400000000e+03 5.3785379074e-05
9.1420000000e+03 4.7412030929e-05
9.1440000000e+03 4.1069036703e-05
9.1460000000e+03 3.4756396397e-05
9.1480000000e+03 2.8474110009e-05
9.1500000000e+03 2.2222177540e-05
9.1520000000e+03 2.2916601056e-05
9.1540000000e+03 2.3607338124e-05
9.1560000000e+03 2.4294388745e-05
9.1580000000e+03 2.4977752919e-05
9.1600000000e+03 2.5657430646e-05
9.1620000000e+03 2.6573909797e-05
9.1640000000e+03 2.7485504080e-05
9.1660000000e+03 2.8392213495e-05
9.1680000000e+03 2.9294038042e-05
9.1700000000e+03 3.0190977721e-05
9.1720000000e+03 3.0089697184e-05
9.1740000000e+03 2.9988544305e-05
9.1760000000e+03 2.9887519084e-05
9.1780000000e+03 2.9786621521e-05
9.1800000000e+03 2.9685837613e-05
9.1820000000e+03 2.6939967783e-05
9.1840000000e+03 2.4207747224e-05
9.1860000000e+03 2.1489175934e-05
9.1880000000e+03 1.8784253916e-05
9.1900000000e+03 1.6092981167e-05
9.1920000000e+03 1.6310602945e-05
9.1940000000e+03 1.6526882727e-05
9.1960000000e+03 1.6741820513e-05
9.1980000000e+03 1.6955416303e-05
9.2000000000e+03 1.7167670098e-05
9.2020000000e+03 1.6933499450e-05
9.2040000000e+03 1.6700321619e-05
9.2060000000e+03 1.6468136604e-05
9.2080000000e+03 1.6236944406e-05
9.2100000000e+03 1.6006745023e-05
9.2120000000e+03 1.3914667275e-05
9.2140000000e+03 1.1833484448e-05
9.2160000000e+03 9.7631965433e-06
9.2180000000e+03 7.7038035598e-06
9.2200000000e+03 5.6553054981e-06
9.2220000000e+03 6.8518189465e-06
9.2240000000e+03 8.0418048228e-06
9.2260000000e+03 9.2257692366e-06
9.2280000000e+03 1.0404333832e-05
9.2300000000e+03 1.1576733143e-05
9.2320000000e+03 1.1397531371e-05
9.2340000000e+03 1.1219099952e-05
9.2360000000e+03 1.1041438886e-05
9.2380000000e+03 1.0864548172e-05
9.2400000000e+03 1.0688427811e-05
9.2420000000e+03 9.9319765827e-06
9.2440000000e+03 9.1793303557e-06
9.2460000000e+03 8.4304891303e-06
9.2480000000e+03 7.6854529066e-06
9.2500000000e+03 6.9442216844e-06
9.2520000000e+03 6.2049349137e-06
9.2540000000e+03 5.4694629894e-06
9.2560000000e+03 4.7378059114e-06
9.2580000000e+03 4.0099636799e-06
9.2600000000e+03 3.2859362947e-06
9.2620000000e+03 4.5535859360e-06
9.2640000000e+03 5.8143910045e-06
9.2660000000e+03 7.0683515003e-06
9.2680000000e+03 8.3154674233e-06
9.2700000000e+03 9.5557387735e-06
9.2720000000e+03 1.0298748935e-05
9.2740000000e+03 1.1037200002e-05
9.2760000000e+03 1.1771353012e-05
9.2780000000e+03 1.2501265525e-05
9.2800000000e+03 1.3226937542e-05
9.2820000000e+03 1.1196476828e-05
9.2840000000e+03 9.1771642736e-06
9.2860000000e+03 7.1689998797e-06
9.2880000000e+03 5.1719836460e-06
9.2900000000e+03 3.1861155725e-06
9.2920000000e+03 2.9657396453e-06
9.2940000000e+03 2.7465624450e-06
9.2960000000e+03 2.5285839717e-06
9.2980000000e+03 2.3118042252e-06
9.3000000000e+03 2.0962232056e-06
9.3020000000e+03 2.5768414439e-06
9.3040000000e+03 3.0546601553e-06
9.3060000000e+03 3.5296793400e-06
9.3080000000e+03 4.0018989979e-06
9.3100000000e+03 4.4713191290e-06
9.3120000000e+03 4.6833626481e-06
9.3140000000e+03 4.8940925623e-06
9.3160000000e+03 5.1035088715e-06
9.3180000000e+03 5.3116115759e-06
9.3200000000e+03 5.5187368424e-06
9.3220000000e+03 6.2219919827e-06
9.3240000000e+03 6.9212389378e-06
9.3260000000e+03 7.6164777076e-06
9.3280000000e+03 8.3077082923e-06
9.3300000000e+03 8.9949306917e-06
9.3320000000e+03 8.5358460292e-06
9.3340000000e+03 8.0792147336e-06
9.3360000000e+03 7.6250368049e-06
9.3380000000e+03 7.1733122430e-06
9.3400000000e+03 6.7240410481e-06
9.3420000000e+03 5.9541790784e-06
9.3440000000e+03 5.1886240260e-06
9.3460000000e+03 4.4273758909e-06
9.3480000000e+03 3.6704346732e-06
9.3500000000e+03 2.9178003728e-06
9.3520000000e+03 3.6827298991e-06
9.3540000000e+03 4.4431572737e-06
9.3560000000e+03 5.1990824966e-06
9.3580000000e+03 5.9505055678e-06
9.3600000000e+03 6.6974264872e-06
9.3620000000e+03 7.7635764792e-06
9.3640000000e+03 8.8233119634e-06
9.3660000000e+03 9.8766329400e-06
9.3680000000e+03 1.0923956370e-05
9.3700000000e+03 1.1965031475e-05
9.3720000000e+03 9.5438511135e-06
9.3740000000e+03 7.1367577852e-06
9.3760000000e+03 4.7437514902e-06
9.3780000000e+03 2.3648322285e-06
9.3800000000e+03 0.0000000000e+00
9.3820000000e+03 1.7028502853e-06
9.3840000000e+03 3.3954961007e-06
9.3860000000e+03 5.0779374462e-06
9.3880000000e+03 6.7501743218e-06
9.3900000000e+03 8.4122067275e-06
9.3920000000e+03 8.0870211192e-06
9.3940000000e+03 7.7636586477e-06
9.3960000000e+03 7.4421193130e-06
9.3980000000e+03 7.1224031152e-06
9.4000000000e+03 6.8045100542e-06
9.4020000000e+03 6.8473049052e-06
9.4040000000e+03 6.8897059402e-06
9.4060000000e+03 6.9317131590e-06
9.4080000000e+03 6.9733265618e-06
9.4100000000e+03 7.0145461484e-06
9.4120000000e+03 6.2161850864e-06
9.4140000000e+03 5.4229674532e-06
9.4160000000e+03 4.6349961246e-06
9.4180000000e+03 3.8516684214e-06
9.4200000000e+03 3.0729843436e-06
9.4220000000e+03 3.8440581895e-06
9.4240000000e+03 4.6103934619e-06
9.4260000000e+03 5.3719901607e-06
9.4280000000e+03 6.1288482860e-06
9.4300000000e+03 6.8809678379e-06
9.4320000000e+03 5.5892042615e-06
9.4340000000e+03 4.3052750089e-06
9.4360000000e+03 3.0291800801e-06
9.4380000000e+03 1.7609194750e-06
9.4400000000e+03 5.0049319380e-07
9.4420000000e+03 5.1902924524e-07
9.4440000000e+03 5.3743943523e-07
9.4460000000e+03 5.5572376375e-07
9.4480000000e+03 5.7388223082e-07
9.4500000000e+03 5.9191483642e-07
9.4520000000e+03 6.8374986552e-07
9.4540000000e+03 7.7498870877e-07
9.4560000000e+03 8.6563136615e-07
9.4580000000e+03 9.5567783768e-07
9.4600000000e+03 1.0451281234e-06
9.4620000000e+03 8.7439643304e-07
9.4640000000e+03 7.0474659770e-07
9.4660000000e+03 5.3617849918e-07
9.4680000000e+03 3.6869213748e-07
9.4700000000e+03 2.0228751260e-07
9.4720000000e+03 6.4856113962e-07
9.4740000000e+03 1.0918986239e-06
9.4760000000e+03 1.5322999653e-06
9.4780000000e+03 1.9697651639e-06
9.4800000000e+03 2.4042942198e-06
9.4820000000e+03 2.3516709732e-06
9.4840000000e+03 2.2993457562e-06
9.4860000000e+03 2.2473185687e-06
9.4880000000e+03 2.1955894107e-06
9.4900000000e+03 2.1441582822e-06
9.4920000000e+03 1.7845964723e-06
9.4940000000e+03 1.4274277291e-06
9.4960000000e+03 1.0726520527e-06
9.4980000000e+03 7.2026944305e-07
9.5000000000e+03 3.7027990015e-07
9.5020000000e+03 6.1341090251e-07
9.5040000000e+03 8.5485307086e-07
9.5060000000e+03 1.0946064052e-06
9.5080000000e+03 1.3327696436e-06
9.5100000000e+03 1.5695221797e-06
9.5120000000e+03 1.7104561530e-06
9.5140000000e+03 1.8504306128e-06
9.5160000000e+03 1.9894455591e-06
9.5180000000e+03 2.1275009920e-06
9.5200000000e+03 2.2645969115e-06
9.5220000000e+03 2.5620181041e-06
9.5240000000e+03 2.8574026519e-06
9.5260000000e+03 3.1507505551e-06
9.5280000000e+03 3.4420618136e-06
9.5300000000e+03 3.7313364274e-06
9.5320000000e+03 3.7092896959e-06
9.5340000000e+03 3.6873069319e-06
9.5360000000e+03 3.6653881355e-06
9.5380000000e+03 3.6435333066e-06
9.5400000000e+03 3.6217424453e-06
9.5420000000e+03 3.1469523699e-06
9.5440000000e+03 2.6753565458e-06
9.5460000000e+03 2.2069549729e-06
9.5480000000e+03 1.7417476512e-06
9.5500000000e+03 1.2797345808e-06
9.5520000000e+03 1.3436368813e-06
9.5540000000e+03 1.4070583933e-06
9.5560000000e+03 1.4702234360e-06
9.5580000000e+03 1.5329799299e-06
9.5600000000e+03 1.5952809087e-06
9.5620000000e+03 1.6011482222e-06
9.5640000000e+03 1.6069392908e-06
9.5660000000e+03 1.6126541144e-06
9.5680000000e+03 1.6182926929e-06
9.5700000000e+03 1.6238550264e-06
9.5720000000e+03 2.1821938018e-06
9.5740000000e+03 2.7366460365e-06
9.5760000000e+03 3.2872117305e-06
9.5780000000e+03 3.8338908839e-06
9.5800000000e+03 4.3766834967e-06
9.5820000000e+03 4.3321194295e-06
9.5840000000e+03 4.2877606373e-06
9.5860000000e+03 4.2436071201e-06
9.5880000000e+03 4.1996588780e-06
9.5900000000e+03 4.1559159109e-06
9.5920000000e+03 3.8842322944e-06
9.5940000000e+03 3.6143824681e-06
9.5960000000e+03 3.3463664321e-06
9.5980000000e+03 3.0801841865e-06
9.6000000000e+03 2.8158357311e-06
9.6020000000e+03 2.6901836696e-06
9.6040000000e+03 2.5652566534e-06
9.6060000000e+03 2.4411838435e-06
9.6080000000e+03 2.3179652398e-06
9.6100000000e+03 2.1956008424e-06
9.6120000000e+03 2.5992136536e-06
9.6140000000e+03 2.9997202601e-06
9.6160000000e+03 3.3971206619e-06
9.6180000000e+03 3.7914148592e-06
9.6200000000e+03 4.1826028518e-06
9.6220000000e+03 3.6702766031e-06
9.6240000000e+03 3.1617654108e-06
9.6260000000e+03 2.6570692750e-06
9.6280000000e+03 2.1561881956e-06
9.6300000000e+03 1.6591221727e-06
9.6320000000e+03 1.4229776914e-06
9.6340000000e+03 1.1886332159e-06
9.6360000000e+03 9.5608874620e-07
9.6380000000e+03 7.2534428223e-07
9.6400000000e+03 4.9639982402e-07
9.6420000000e+03 6.0949851454e-07
9.6440000000e+03 7.2167729061e-07
9.6460000000e+03 8.3293615223e-07
9.6480000000e+03 9.4327509941e-07
9.6500000000e+03 1.0530092685e-06
9.6520000000e+03 1.0952885836e-06
9.6540000000e+03 1.1372258108e-06
9.6560000000e+03 1.1788209500e-06
9.6580000000e+03 1.2200740012e-06
9.6600000000e+03 1.2609849644e-06
9.6620000000e+03 1.2830937834e-06
9.6640000000e+03 1.3049998835e-06
9.6660000000e+03 1.3267032648e-06
9.6680000000e+03 1.3482039274e-06
9.6700000000e+03 1.3695018711e-06
9.6720000000e+03 1.4070622172e-06
9.6740000000e+03 1.4442931453e-06
9.6760000000e+03 1.4811946554e-06
9.6780000000e+03 1.5177667474e-06
9.6800000000e+03 1.5540094213e-06
9.6820000000e+03 1.3917590701e-06
9.6840000000e+03 1.2307340817e-06
9.6860000000e+03 1.0709344561e-06
9.6880000000e+03 9.1236019325e-07
9.6900000000e+03 7.5501129318e-07
9.6920000000e+03 7.7190480017e-07
9.6940000000e+03 7.8863902809e-07
9.6960000000e+03 8.0525269938e-07
9.6980000000e+03 8.2180155819e-07
9.7000000000e+03 8.3819746760e-07
9.7020000000e+03 1.2285491744e-06
9.7040000000e+03 1.6158158223e-06
9.7060000000e+03 1.9999974113e-06
9.7080000000e+03 2.3810939413e-06
9.7100000000e+03 2.7591054124e-06
9.7120000000e+03 2.2234993736e-06
9.7140000000e+03 1.6920872768e-06
9.7160000000e+03 1.1648691222e-06
9.7180000000e+03 6.4184490955e-07
9.7200000000e+03 1.2301463901e-07
9.7220000000e+03 3.7265850644e-07
9.7240000000e+03 6.2026188983e-07
9.7260000000e+03 8.6582478917e-07
9.7280000000e+03 1.1093472045e-06
9.7300000000e+03 1.3508291357e-06
9.7320000000e+03 1.8649517861e-06
9.7340000000e+03 2.3747466638e-06
9.7360000000e+03 2.8802137686e-06
9.7380000000e+03 3.3813531006e-06
9.7400000000e+03 3.8781646598e-06
9.7420000000e+03 3.6698322890e-06
9.7440000000e+03 3.4643548170e-06
9.7460000000e+03 3.2606723581e-06
9.7480000000e+03 3.0584521842e-06
9.7500000000e+03 2.8576942951e-06
9.7520000000e+03 3.1455345645e-06
9.7540000000e+03 3.4310529310e-06
9.7560000000e+03 3.7142493947e-06
9.7580000000e+03 3.9951239555e-06
9.7600000000e+03 4.2736766135e-06
9.7620000000e+03 4.1667841741e-06
9.7640000000e+03 4.0606049684e-06
9.7660000000e+03 3.9551389964e-06
9.7680000000e+03 3.8503862582e-06
9.7700000000e+03 3.7463467537e-06
9.7720000000e+03 3.0751894488e-06
9.7740000000e+03 2.4093346785e-06
9.7760000000e+03 1.7487824429e-06
9.7780000000e+03 1.0935327420e-06
9.7800000000e+03 4.4358557573e-07
9.7820000000e+03 4.8669506674e-07
9.7840000000e+03 5.2943392537e-07
9.7860000000e+03 5.7180215162e-07
9.7880000000e+03 6.1379974550e-07
9.7900000000e+03 6.5535268019e-07
9.7920000000e+03 7.1647489171e-07
9.7940000000e+03 7.7700654224e-07
9.7960000000e+03 8.3694763177e-07
9.7980000000e+03 8.9629816032e-07
9.8000000000e+03 9.5505812788e-07
9.8020000000e+03 9.4985567689e-07
9.8040000000e+03 9.4466003353e-07
9.8060000000e+03 9.3947119778e-07
9.8080000000e+03 9.3428916965e-07
9.8100000000e+03 9.2911394914e-07
9.8120000000e+03 1.2744137152e-06
9.8140000000e+03 1.6163369021e-06
9.8160000000e+03 1.9548835096e-06
9.8180000000e+03 2.2900535379e-06
9.8200000000e+03 2.6218469870e-06
9.8220000000e+03 2.1279266222e-06
9.8240000000e+03 1.6387647834e-06
9.8260000000e+03 1.1543614707e-06
9.8280000000e+03 6.7471668399e-07
9.8300000000e+03 1.9983042330e-07
9.8320000000e+03 7.0669911573e-07
9.8340000000e+03 1.2084161421e-06
9.8360000000e+03 1.7049815024e-06
9.8380000000e+03 2.1969629046e-06
9.8400000000e+03 2.6842420840e-06
9.8420000000e+03 2.1788957750e-06
9.8440000000e+03 1.6783415003e-06
9.8460000000e+03 1.1825792599e-06
9.8480000000e+03 6.9160905386e-07
9.8500000000e+03 2.0543088207e-07
9.8520000000e+03 2.4481447138e-07
9.8540000000e+03 2.8379500727e-07
9.8560000000e+03 3.2237248975e-07
9.8580000000e+03 3.6054691881e-07
9.8600000000e+03 3.9831829445e-07
9.8620000000e+03 5.0108632325e-07
9.8640000000e+03 6.0278219810e-07
9.8660000000e+03 7.0340591900e-07
9.8680000000e+03 8.0295748595e-07
9.8700000000e+03 9.0143689895e-07
9.8720000000e+03 9.9808550376e-07
9.8740000000e+03 1.0936699201e-06
9.8760000000e+03 1.1881901480e-06
9.8780000000e+03 1.2816461874e-06
9.8800000000e+03 1.3740380383e-06
9.8820000000e+03 1.4731963504e-06
9.8840000000e+03 1.5713118525e-06
9.8860000000e+03 1.6685907749e-06
9.8880000000e+03 1.7647729680e-06
9.8900000000e+03 1.8598584319e-06
9.8920000000e+03 1.6356417978e-06
9.8940000000e+03 1.4136916361e-06
9.8960000000e+03 1.1940079469e-06
9.8980000000e+03 9.7659072997e-07
9.9000000000e+03 7.6143998547e-07
9.9020000000e+03 8.9954730006e-07
9.9040000000e+03 1.0361106754e-06
9.9060000000e+03 1.1711301115e-06
9.9080000000e+03 1.3046056084e-06
9.9100000000e+03 1.4365371660e-06
9.9120000000e+03 1.1905629462e-06
9.9140000000e+03 9.4724460614e-07
9.9160000000e+03 7.0658214580e-07
9.9180000000e+03 4.6857556519e-07
9.9200000000e+03 2.3322486431e-07
9.9220000000e+03 3.9501466449e-07
9.9240000000e+03 5.5493196297e-07
9.9260000000e+03 7.1297675978e-07
9.9280000000e+03 8.6914905489e-07
9.9300000000e+03 1.0234488483e-06
9.9320000000e+03 1.3973034439e-06
9.9340000000e+03 1.7677968283e-06
9.9360000000e+03 2.1346660498e-06
9.9380000000e+03 2.4979111084e-06
9.9400000000e+03 2.8575320040e-06
9.9420000000e+03 2.3567386279e-06
9.9440000000e+03 1.8607150542e-06
9.9460000000e+03 1.3694612830e-06
9.9480000000e+03 8.8297731421e-07
9.9500000000e+03 4.0126314789e-07
9.9520000000e+03 6.8836788328e-07
9.9540000000e+03 9.7256909998e-07
9.9560000000e+03 1.2538667980e-06
9.9580000000e+03 1.5322609773e-06
9.9600000000e+03 1.8077516379e-06
9.9620000000e+03 1.5260840092e-06
9.9640000000e+03 1.2472225814e-06
9.9660000000e+03 9.7116735456e-07
9.9680000000e+03 6.9791832865e-07
9.9700000000e+03 4.2747550366e-07
9.9720000000e+03 3.7536506566e-07
9.9740000000e+03 3.2378186822e-07
9.9760000000e+03 2.7272591134e-07
9.9780000000e+03 2.2220661004e-07
9.9800000000e+03 1.7223073707e-07
9.9820000000e+03 1.4852239683e-07
9.9840000000e+03 1.2505429290e-07
9.9860000000e+03 1.0182642527e-07
9.9880000000e+03 7.8838793939e-08
9.9900000000e+03 5.6091398914e-08
9.9920000000e+03 2.5707410173e-07
9.9940000000e+03 4.5587914014e-07
9.9960000000e+03 6.5250651416e-07
9.9980000000e+03 8.4695622378e-07
1.0000000000e+04 1.0392282690e-06
1.0002000000e+04 8.7612214032e-07
1.0004000000e+04 7.1476579246e-07
1.0006000000e+04 5.5515922543e-07
1.0008000000e+04 3.9730243924e-07
1.0010000000e+04 2.4119543388e-07
1.0012000000e+04 2.5027378027e-07
1.0014000000e+04 2.5923260612e-07
1.0016000000e+04 2.6807191141e-07
1.0018000000e+04 2.7679169616e-07
1.0020000000e+04 2.8539196035e-07
1.0022000000e+04 4.3131783050e-07
1.0024000000e+04 5.7550587187e-07
1.0026000000e+04 7.1824521740e-07
1.0028000000e+04 8.5948017086e-07
1.0030000000e+04 9.9913393447e-07
1.0032000000e+04 8.1842538008e-07
1.0034000000e+04 6.3964709529e-07
1.0036000000e+04 4.6279908009e-07
1.0038000000e+04 2.8788133448e-07
1.0040000000e+04 1.1489385847e-07
1.0042000000e+04 1.7501843300e-07
1.0044000000e+04 2.3445463534e-07
1.0046000000e+04 2.9320246547e-07
1.0048000000e+04 3.5126192340e-07
1.0050000000e+04 4.0863300914e-07
1.0052000000e+04 3.9861549379e-07
1.0054000000e+04 3.8868715145e-07
1.0056000000e+04 3.7884798213e-07
1.0058000000e+04 3.6909798583e-07
1.0060000000e+04 3.5943716254e-07
1.0062000000e+04 4.8046506410e-07
1.0064000000e+04 6.0001399854e-07
1.0066000000e+04 7.1808396585e-07
1.0068000000e+04 8.3467496603e-07
1.0070000000e+04 9.4978699909e-07
1.0072000000e+04 9.9255395003e-07
1.0074000000e+04 1.0353842839e-06
1.0076000000e+04 1.0776951245e-06
1.0078000000e+04 1.1194864717e-06
1.0080000000e+04 1.1607583257e-06
1.0082000000e+04 1.0192018981e-06
1.0084000000e+04 8.7913606745e-07
1.0086000000e+04 7.4056083380e-07
1.0088000000e+04 6.0347619714e-07
1.0090000000e+04 4.6788215744e-07
1.0092000000e+04 4.7480728976e-07
1.0094000000e+04 4.8162399788e-07
1.0096000000e+04 4.8833228180e-07
1.0098000000e+04 4.9493214153e-07
1.0100000000e+04 5.0142357707e-07
1.0102000000e+04 6.1882110749e-07
1.0104000000e+04 7.3481478030e-07
1.0106000000e+04 8.4940459549e-07
1.0108000000e+04 9.6259055306e-07
1.0110000000e+04 1.0743726530e-06
1.0112000000e+04 8.7891510741e-07
1.0114000000e+04 6.8572975580e-07
1.0116000000e+04 4.9481659820e-07
1.0118000000e+04 3.0617563459e-07
1.0120000000e+04 1.1978564112e-07
1.0122000000e+04 1.3529446950e-07
1.0124000000e+04 1.5059379545e-07
1.0126000000e+04 1.6568361898e-07
1.0128000000e+04 1.8056394010e-07
1.0130000000e+04 1.9523475879e-07
1.0132000000e+04 1.8525974761e-07
1.0134000000e+04 1.7540025645e-07
1.0136000000e+04 1.6565628532e-07
1.0138000000e+04 1.5602783422e-07
1.0140000000e+04 1.4651490314e-07
1.0142000000e+04 1.3854061084e-07
1.0144000000e+04 1.3066225890e-07
1.0146000000e+04 1.2287984733e-07
1.0148000000e+04 1.1519337611e-07
1.0150000000e+04 1.0760284526e-07
1.0152000000e+04 2.5490845929e-07
1.0154000000e+04 4.0010436437e-07
1.0156000000e+04 5.4319056049e-07
1.0158000000e+04 6.8416704767e-07
1.0160000000e+04 8.2303382590e-07
1.0162000000e+04 6.6903753321e-07
1.0164000000e+04 5.1722731017e-07
1.0166000000e+04 3.6773043211e-07
1.0168000000e+04 2.2054909147e-07
1.0170000000e+04 7.5150047351e-08
1.0172000000e+04 2.2392713856e-07
1.0174000000e+04 3.7084610783e-07
1.0176000000e+04 5.1590695517e-07
1.0178000000e+04 6.5910968056e-07
1.0180000000e+04 8.0045428402e-07
1.0182000000e+04 7.9037509030e-07
1.0184000000e+04 7.8035974957e-07
1.0186000000e+04 7.7040826182e-07
1.0188000000e+04 7.6052062706e-07
1.0190000000e+04 7.5069684529e-07
1.0192000000e+04 6.5713439629e-07
1.0194000000e+04 5.6474843859e-07
1.0196000000e+04 4.7353897219e-07
1.0198000000e+04 3.8350599708e-07
1.0200000000e+04 2.9464951327e-07
1.0202000000e+04 2.5660500818e-07
1.0204000000e+04 2.1905536375e-07
1.0206000000e+04 1.8200057996e-07
1.0208000000e+04 1.4544065684e-07
1.0210000000e+04 1.0937559436e-07
1.0212000000e+04 2.1597197756e-07
1.0214000000e+04 3.2111960440e-07
1.0216000000e+04 4.2482692373e-07
1.0218000000e+04 5.2707654058e-07
1.0220000000e+04 6.2786845496e-07
1.0222000000e+04 6.4972763436e-07
1.0224000000e+04 6.7121800664e-07
1.0226000000e+04 6.9233957182e-07
1.0228000000e+04 7.1309232989e-07
1.0230000000e+04 7.3347628085e-07
1.0232000000e+04 6.8778847903e-07
1.0234000000e+04 6.4268893979e-07
1.0236000000e+04 5.9817766313e-07
1.0238000000e+04 5.5425464904e-07
1.0240000000e+04 5.1091989754e-07
1.0242000000e+04 5.1182523590e-07
1.0244000000e+04 5.1265894644e-07
1.0246000000e+04 5.1342102915e-07
1.0248000000e+04 5.1411148404e-07
1.0250000000e+04 5.1473031109e-07
1.0252000000e+04 6.0641139981e-07
1.0254000000e+04 6.9658906615e-07
1.0256000000e+04 7.8526331013e-07
1.0258000000e+04 8.7243413174e-07
1.0260000000e+04 9.5856565707e-07
1.0262000000e+04 8.5222505495e-07
1.0264000000e+04 7.4713133096e-07
1.0266000000e+04 6.4328448508e-07
1.0268000000e+04 5.4068451731e-07
1.0270000000e+04 4.3933142767e-07
1.0272000000e+04 4.2979088091e-07
1.0274000000e+04 4.2033674571e-07
1.0276000000e+04 4.1096902206e-07
1.0278000000e+04 4.0168770997e-07
1.0280000000e+04 3.9249280943e-07
1.0282000000e+04 3.3904825230e-07
1.0284000000e+04 2.8627700935e-07
1.0286000000e+04 2.3417908059e-07
1.0288000000e+04 1.8275446602e-07
1.0290000000e+04 1.3200316562e-07
1.0292000000e+04 1.3843406738e-07
1.0294000000e+04 1.4476463895e-07
1.0296000000e+04 1.5099488032e-07
1.0298000000e+04 1.5712479150e-07
1.0300000000e+04 1.6315437249e-07
1.0302000000e+04 2.1171249710e-07
1.0304000000e+04 2.5956599059e-07
1.0306000000e+04 3.0671485295e-07
1.0308000000e+04 3.5304363624e-07
1.0310000000e+04 3.9857968781e-07
1.0312000000e+04 4.3832115350e-07
1.0314000000e+04 4.7739156907e-07
1.0316000000e+04 5.1579093451e-07
1.0318000000e+04 5.5351924984e-07
1.0320000000e+04 5.9057651504e-07
1.0322000000e+04 4.6936057498e-07
1.0324000000e+04 3.5004295977e-07
1.0326000000e+04 2.3262366942e-07
1.0328000000e+04 1.1710270394e-07
1.0330000000e+04 3.4800633092e-09
1.0332000000e+04 1.6817815063e-08
1.0334000000e+04 2.9928385176e-08
1.0336000000e+04 4.2811773647e-08
1.0338000000e+04 5.5467980476e-08
1.0340000000e+04 6.7897005663e-08
1.0342000000e+04 9.4915223401e-08
1.0344000000e+04 1.2144327205e-07
1.0346000000e+04 1.4748115162e-07
1.0348000000e+04 1.7302886210e-07
1.0350000000e+04 1.9808640349e-07
1.0352000000e+04 2.0327668201e-07
1.0354000000e+04 2.0824466374e-07
1.0356000000e+04 2.1269581912e-07
1.0358000000e+04 2.1698602166e-07
1.0360000000e+04 2.2111527137e-07
1.0362000000e+04 3.3528694407e-07
1.0364000000e+04 4.4661943922e-07
1.0366000000e+04 5.5511275681e-07
1.0368000000e+04 6.6076689686e-07
1.0370000000e+04 7.6358185936e-07
1.0372000000e+04 6.8101125166e-07
1.0374000000e+04 6.0032478381e-07
1.0376000000e+04 5.2152245582e-07
1.0378000000e+04 4.4460426769e-07
1.0380000000e+04 3.6957021941e-07
1.0382000000e+04 3.0874588114e-07
1.0384000000e+04 2.4946470680e-07
1.0386000000e+04 0.0000000000e+00
1.0388000000e+04 0.0000000000e+00
1.0390000000e+04 0.0000000000e+00
1.0392000000e+04 0.0000000000e+00
1.0394000000e+04 0.0000000000e+00
1.0396000000e+04 0.0000000000e+00
1.0398000000e+04 0.0000000000e+00
1.0400000000e+04 0.0000000000e+00
1.0402000000e+04 0.0000000000e+00
1.0404000000e+04 0.0000000000e+00
1.0406000000e+04 0.0000000000e+00
1.0408000000e+04 0.0000000000e+00
1.0410000000e+04 0.0000000000e+00
1.0412000000e+04 0.0000000000e+00
1.0414000000e+04 0.0000000000e+00
1.0416000000e+04 0.0000000000e+00
1.0418000000e+04 0.0000000000e+00
1.0420000000e+04 0.0000000000e+00
1.0422000000e+04 0.0000000000e+00
1.0424000000e+04 0.0000000000e+00
1.0426000000e+04 0.0000000000e+00
1.0428000000e+04 0.0000000000e+00
1.0430000000e+04 0.0000000000e+00
1.0432000000e+04 0.0000000000e+00
1.0434000000e+04 0.0000000000e+00
1.0436000000e+04 0.0000000000e+00
1.0438000000e+04 0.0000000000e+00
1.0440000000e+04 0.0000000000e+00
1.0442000000e+04 0.0000000000e+00
1.0444000000e+04 0.0000000000e+00
1.0446000000e+04 0.0000000000e+00
1.0448000000e+04 0.0000000000e+00
1.0450000000e+04 0.0000000000e+00
1.0452000000e+04 0.0000000000e+00
1.0454000000e+04 0.0000000000e+00
1.0456000000e+04 0.0000000000e+00
1.0458000000e+04 0.0000000000e+00
1.0460000000e+04 0.0000000000e+00
1.0462000000e+04 0.0000000000e+00
1.0464000000e+04 0.0000000000e+00
1.0466000000e+04 0.0000000000e+00
1.0468000000e+04 0.0000000000e+00
1.0470000000e+04 0.0000000000e+00
1.0472000000e+04 0.0000000000e+00
1.0474000000e+04 0.0000000000e+00
1.0476000000e+04 0.0000000000e+00
1.0478000000e+04 0.0000000000e+00
1.0480000000e+04 0.0000000000e+00
1.0482000000e+04 0.0000000000e+00
1.0484000000e+04 0.0000000000e+00
1.0486000000e+04 0.0000000000e+00
1.0488000000e+04 0.0000000000e+00
1.0490000000e+04 0.0000000000e+00
1.0492000000e+04 0.0000000000e+00
1.0494000000e+04 0.0000000000e+00
1.0496000000e+04 0.0000000000e+00
1.0498000000e+04 0.0000000000e+00
1.0500000000e+04 0.0000000000e+00
1.0502000000e+04 0.0000000000e+00
1.0504000000e+04 0.0000000000e+00
1.0506000000e+04 0.0000000000e+00
1.0508000000e+04 0.0000000000e+00
1.0510000000e+04 0.0000000000e+00
1.0512000000e+04 0.0000000000e+00
1.0514000000e+04 0.0000000000e+00
1.0516000000e+04 0.0000000000e+00
1.0518000000e+04 0.0000000000e+00
1.0520000000e+04 0.0000000000e+00
1.0522000000e+04 0.0000000000e+00
1.0524000000e+04 0.0000000000e+00
1.0526000000e+04 0.0000000000e+00
1.0528000000e+04 0.0000000000e+00
1.0530000000e+04 0.0000000000e+00
1.0532000000e+04 0.0000000000e+00
1.0534000000e+04 0.0000000000e+00
1.0536000000e+04 0.0000000000e+00
1.0538000000e+04 0.0000000000e+00
1.0540000000e+04 0.0000000000e+00
1.0542000000e+04 0.0000000000e+00
1.0544000000e+04 0.0000000000e+00
1.0546000000e+04 0.0000000000e+00
1.0548000000e+04 0.0000000000e+00
1.0550000000e+04 0.0000000000e+00
1.0552000000e+04 0.0000000000e+00
1.0554000000e+04 0.0000000000e+00
1.0556000000e+04 0.0000000000e+00
1.0558000000e+04 0.0000000000e+00
1.0560000000e+04 0.0000000000e+00
1.0562000000e+04 0.0000000000e+00
1.0564000000e+04 0.0000000000e+00
1.0566000000e+04 0.0000000000e+00
1.0568000000e+04 0.0000000000e+00
1.0570000000e+04 0.0000000000e+00
1.0572000000e+04 0.0000000000e+00
1.0574000000e+04 0.0000000000e+00
1.0576000000e+04 0.0000000000e+00
1.0578000000e+04 0.0000000000e+00
1.0580000000e+04 0.0000000000e+00
1.0582000000e+04 0.0000000000e+00
1.0584000000e+04 0.0000000000e+00
1.0586000000e+04 0.0000000000e+00
1.0588000000e+04 0.0000000000e+00
1.0590000000e+04 0.0000000000e+00
1.0592000000e+04 0.0000000000e+00
1.0594000000e+04 0.0000000000e+00
1.0596000000e+04 0.0000000000e+00
1.0598000000e+04 0.0000000000e+00
1.0600000000e+04 0.0000000000e+00
1.0602000000e+04 0.0000000000e+00
1.0604000000e+04 0.0000000000e+00
1.0606000000e+04 0.0000000000e+00
1.0608000000e+04 0.0000000000e+00
1.0610000000e+04 0.0000000000e+00
1.0612000000e+04 0.0000000000e+00
1.0614000000e+04 0.0000000000e+00
1.0616000000e+04 0.0000000000e+00
1.0618000000e+04 0.0000000000e+00
1.0620000000e+04 0.0000000000e+00
1.0622000000e+04 0.0000000000e+00
1.0624000000e+04 0.0000000000e+00
1.0626000000e+04 0.0000000000e+00
1.0628000000e+04 0.0000000000e+00
1.0630000000e+04 0.0000000000e+00
1.0632000000e+04 0.0000000000e+00
1.0634000000e+04 0.0000000000e+00
1.0636000000e+04 0.0000000000e+00
1.0638000000e+04 0.0000000000e+00
1.0640000000e+04 0.0000000000e+00
1.0642000000e+04 0.0000000000e+00
1.0644000000e+04 0.0000000000e+00
1.0646000000e+04 0.0000000000e+00
1.0648000000e+04 0.0000000000e+00
1.0650000000e+04 0.0000000000e+00
1.0652000000e+04 0.0000000000e+00
1.0654000000e+04 0.0000000000e+00
1.0656000000e+04 0.0000000000e+00
1.0658000000e+04 0.0000000000e+00
1.0660000000e+04 0.0000000000e+00
1.0662000000e+04 0.0000000000e+00
1.0664000000e+04 0.0000000000e+00
1.0666000000e+04 0.0000000000e+00
1.0668000000e+04 0.0000000000e+00
1.0670000000e+04 0.0000000000e+00
1.0672000000e+04 0.0000000000e+00
1.0674000000e+04 0.0000000000e+00
1.0676000000e+04 0.0000000000e+00
1.0678000000e+04 0.0000000000e+00
1.0680000000e+04 0.0000000000e+00
1.0682000000e+04 0.0000000000e+00
1.0684000000e+04 0.0000000000e+00
1.0686000000e+04 0.0000000000e+00
1.0688000000e+04 0.0000000000e+00
1.0690000000e+04 0.0000000000e+00
1.0692000000e+04 0.0000000000e+00
1.0694000000e+04 0.0000000000e+00
1.0696000000e+04 0.0000000000e+00
1.0698000000e+04 0.0000000000e+00
1.0700000000e+04 0.0000000000e+00
1.0702000000e+04 0.0000000000e+00
1.0704000000e+04 0.0000000000e+00
1.0706000000e+04 0.0000000000e+00
1.0708000000e+04 0.0000000000e+00
1.0710000000e+04 0.0000000000e+00
1.0712000000e+04 0.0000000000e+00
1.0714000000e+04 0.0000000000e+00
1.0716000000e+04 0.0000000000e+00
1.0718000000e+04 0.0000000000e+00
1.0720000000e+04 0.0000000000e+00
1.0722000000e+04 0.0000000000e+00
1.0724000000e+04 0.0000000000e+00
1.0726000000e+04 0.0000000000e+00
1.0728000000e+04 0.0000000000e+00
1.0730000000e+04 0.0000000000e+00
1.0732000000e+04 0.0000000000e+00
1.0734000000e+04 0.0000000000e+00
1.0736000000e+04 0.0000000000e+00
1.0738000000e+04 0.0000000000e+00
1.0740000000e+04 0.0000000000e+00
1.0742000000e+04 0.0000000000e+00
1.0744000000e+04 0.0000000000e+00
1.0746000000e+04 0.0000000000e+00
1.0748000000e+04 0.0000000000e+00
1.0750000000e+04 0.0000000000e+00
1.0752000000e+04 0.0000000000e+00
1.0754000000e+04 0.0000000000e+00
1.0756000000e+04 0.0000000000e+00
1.0758000000e+04 0.0000000000e+00
1.0760000000e+04 0.0000000000e+00
1.0762000000e+04 0.0000000000e+00
1.0764000000e+04 0.0000000000e+00
1.0766000000e+04 0.0000000000e+00
1.0768000000e+04 0.0000000000e+00
1.0770000000e+04 0.0000000000e+00
1.0772000000e+04 0.0000000000e+00
1.0774000000e+04 0.0000000000e+00
1.0776000000e+04 0.0000000000e+00
1.0778000000e+04 0.0000000000e+00
1.0780000000e+04 0.0000000000e+00
1.0782000000e+04 0.0000000000e+00
1.0784000000e+04 0.0000000000e+00
1.0786000000e+04 0.0000000000e+00
1.0788000000e+04 0.0000000000e+00
1.0790000000e+04 0.0000000000e+00
1.0792000000e+04 0.0000000000e+00
1.0794000000e+04 0.0000000000e+00
1.0796000000e+04 0.0000000000e+00
1.0798000000e+04 0.0000000000e+00
1.0800000000e+04 0.0000000000e+00
1.0802000000e+04 0.0000000000e+00
1.0804000000e+04 0.0000000000e+00
1.0806000000e+04 0.0000000000e+00
1.0808000000e+04 0.0000000000e+00
1.0810000000e+04 0.0000000000e+00
1.0812000000e+04 0.0000000000e+00
1.0814000000e+04 0.0000000000e+00
1.0816000000e+04 0.0000000000e+00
1.0818000000e+04 0.0000000000e+00
1.0820000000e+04 0.0000000000e+00
1.0822000000e+04 0.0000000000e+00
1.0824000000e+04 0.0000000000e+00
1.0826000000e+04 0.0000000000e+00
1.0828000000e+04 0.0000000000e+00
1.0830000000e+04 0.0000000000e+00
1.0832000000e+04 0.0000000000e+00
1.0834000000e+04 0.0000000000e+00
1.0836000000e+04 0.0000000000e+00
1.0838000000e+04 0.0000000000e+00
1.0840000000e+04 0.0000000000e+00
1.0842000000e+04 0.0000000000e+00
1.0844000000e+04 0.0000000000e+00
1.0846000000e+04 0.0000000000e+00
1.0848000000e+04 0.0000000000e+00
1.0850000000e+04 0.0000000000e+00
1.0852000000e+04 0.0000000000e+00
1.0854000000e+04 0.0000000000e+00
1.0856000000e+04 0.0000000000e+00
1.0858000000e+04 0.0000000000e+00
1.0860000000e+04 0.0000000000e+00
1.0862000000e+04 0.0000000000e+00
1.0864000000e+04 0.0000000000e+00
1.0866000000e+04 0.0000000000e+00
1.0868000000e+04 0.0000000000e+00
1.0870000000e+04 0.0000000000e+00
1.0872000000e+04 0.0000000000e+00
1.0874000000e+04 0.0000000000e+00
1.0876000000e+04 0.0000000000e+00
1.0878000000e+04 0.0000000000e+00
1.0880000000e+04 0.0000000000e+00
1.0882000000e+04 0.0000000000e+00
1.0884000000e+04 0.0000000000e+00
1.0886000000e+04 0.0000000000e+00
1.0888000000e+04 0.0000000000e+00
1.0890000000e+04 0.0000000000e+00
1.0892000000e+04 0.0000000000e+00
1.0894000000e+04 0.0000000000e+00
1.0896000000e+04 0.0000000000e+00
1.0898000000e+04 0.0000000000e+00
1.0900000000e+04 0.0000000000e+00
1.0902000000e+04 0.0000000000e+00
1.0904000000e+04 0.0000000000e+00
1.0906000000e+04 0.0000000000e+00
1.0908000000e+04 0.0000000000e+00
1.0910000000e+04 0.0000000000e+00
1.0912000000e+04 0.0000000000e+00
1.0914000000e+04 0.0000000000e+00
1.0916000000e+04 0.0000000000e+00
1.0918000000e+04 0.0000000000e+00
1.0920000000e+04 0.0000000000e+00
1.0922000000e+04 0.0000000000e+00
1.0924000000e+04 0.0000000000e+00
1.0926000000e+04 0.0000000000e+00
1.0928000000e+04 0.0000000000e+00
1.0930000000e+04 0.0000000000e+00
1.0932000000e+04 0.0000000000e+00
1.0934000000e+04 0.0000000000e+00
1.0936000000e+04 0.0000000000e+00
1.0938000000e+04 0.0000000000e+00
1.0940000000e+04 0.0000000000e+00
1.0942000000e+04 0.0000000000e+00
1.0944000000e+04 0.0000000000e+00
1.0946000000e+04 0.0000000000e+00
1.0948000000e+04 0.0000000000e+00
1.0950000000e+04 0.0000000000e+00
1.0952000000e+04 0.0000000000e+00
1.0954000000e+04 0.0000000000e+00
1.0956000000e+04 0.0000000000e+00
1.0958000000e+04 0.0000000000e+00
1.0960000000e+04 0.0000000000e+00
1.0962000000e+04 0.0000000000e+00
1.0964000000e+04 0.0000000000e+00
1.0966000000e+04 0.0000000000e+00
1.0968000000e+04 0.0000000000e+00
1.0970000000e+04 0.0000000000e+00
1.0972000000e+04 0.0000000000e+00
1.0974000000e+04 0.0000000000e+00
1.0976000000e+04 0.0000000000e+00
1.0978000000e+04 0.0000000000e+00
1.0980000000e+04 0.0000000000e+00
1.0982000000e+04 0.0000000000e+00
1.0984000000e+04 0.0000000000e+00
1.0986000000e+04 0.0000000000e+00
1.0988000000e+04 0.0000000000e+00
1.0990000000e+04 0.0000000000e+00
1.0992000000e+04 0.0000000000e+00
1.0994000000e+04 0.0000000000e+00
1.0996000000e+04 0.0000000000e+00
1.0998000000e+04 0.0000000000e+00
1.1000000000e+04 0.0000000000e+00
