# photband: ZTF_r
# source: SVO Filter Profile Service
# svo_id: Palomar/ZTF.r
# detector_type: 1
# response_type: photon
# components: Filter + CCD
# profile_reference: https://github.com/ZwickyTransientFacility/ztf_information/tree/master/filter_transmission
# wavelength_unit: Angstrom
# columns: wavelength transmission
5.4976000000e+03 1.1091119440e-03
5.4983000000e+03 1.1623738917e-03
5.4990000000e+03 1.0825390294e-03
5.4997000000e+03 1.1712964987e-03
5.5004000000e+03 1.2156894903e-03
5.5012000000e+03 1.1802234204e-03
5.5019000000e+03 1.1358781305e-03
5.5026000000e+03 1.1004052001e-03
5.5033000000e+03 1.0826796152e-03
5.5040000000e+03 1.1004517226e-03
5.5047000000e+03 1.1270993786e-03
5.5054000000e+03 1.1093732309e-03
5.5061000000e+03 1.0028945985e-03
5.5069000000e+03 1.1360496418e-03
5.5076000000e+03 1.0916957763e-03
5.5083000000e+03 1.1716007171e-03
5.5090000000e+03 1.1094938248e-03
5.5097000000e+03 1.0473843063e-03
5.5104000000e+03 9.6751950999e-04
5.5111000000e+03 1.0829346312e-03
5.5118000000e+03 1.1095876201e-03
5.5125000000e+03 1.0829804033e-03
5.5133000000e+03 1.1185149705e-03
5.5140000000e+03 1.1185386069e-03
5.5147000000e+03 1.2162145027e-03
5.5154000000e+03 1.2339955340e-03
5.5161000000e+03 1.2162659025e-03
5.5168000000e+03 1.1363892344e-03
5.5175000000e+03 1.0831438751e-03
5.5182000000e+03 1.1009235933e-03
5.5189000000e+03 1.1897328912e-03
5.5196000000e+03 1.1720004458e-03
5.5204000000e+03 1.2519397960e-03
5.5211000000e+03 1.1809327004e-03
5.5218000000e+03 1.2075957924e-03
5.5225000000e+03 1.2253804415e-03
5.5232000000e+03 1.2431658410e-03
5.5239000000e+03 1.1188728934e-03
5.5246000000e+03 1.2165779728e-03
5.5253000000e+03 1.2610052666e-03
5.5260000000e+03 1.2787929172e-03
5.5267000000e+03 1.1900129907e-03
5.5275000000e+03 1.2699698940e-03
5.5282000000e+03 1.2255912397e-03
5.5289000000e+03 1.1456855755e-03
5.5296000000e+03 1.3233391971e-03
5.5303000000e+03 1.3677754416e-03
5.5310000000e+03 1.2256947897e-03
5.5317000000e+03 1.4122433890e-03
5.5324000000e+03 1.2346287862e-03
5.5331000000e+03 1.3412437702e-03
5.5338000000e+03 1.3412720964e-03
5.5345000000e+03 1.4123626966e-03
5.5353000000e+03 1.2080878157e-03
5.5360000000e+03 1.2614124454e-03
5.5367000000e+03 1.4302231859e-03
5.5374000000e+03 1.4213698266e-03
5.5381000000e+03 1.4480510881e-03
5.5388000000e+03 1.2259832505e-03
5.5395000000e+03 1.2615456347e-03
5.5402000000e+03 1.4659114435e-03
5.5409000000e+03 1.4748268953e-03
5.5416000000e+03 1.4393192875e-03
5.5423000000e+03 1.4837740499e-03
5.5430000000e+03 1.5460008125e-03
5.5438000000e+03 1.4749559040e-03
5.5445000000e+03 1.5194143646e-03
5.5452000000e+03 1.5016751392e-03
5.5459000000e+03 1.5639077171e-03
5.5466000000e+03 1.5283966255e-03
5.5473000000e+03 1.5106564621e-03
5.5480000000e+03 1.5995523733e-03
5.5487000000e+03 1.6262459086e-03
5.5494000000e+03 1.5996199059e-03
5.5501000000e+03 1.6174276019e-03
5.5508000000e+03 1.6530103531e-03
5.5515000000e+03 1.6708199250e-03
5.5522000000e+03 1.6619676644e-03
5.5529000000e+03 1.7153290351e-03
5.5537000000e+03 1.8486893562e-03
5.5544000000e+03 1.6531897969e-03
5.5551000000e+03 1.7687726508e-03
5.5558000000e+03 1.7421445043e-03
5.5565000000e+03 1.9199548712e-03
5.5572000000e+03 1.7688846424e-03
5.5579000000e+03 1.8222563038e-03
5.5586000000e+03 1.9378549154e-03
5.5593000000e+03 1.9645641011e-03
5.5600000000e+03 1.9201574690e-03
5.5607000000e+03 2.0535450711e-03
5.5614000000e+03 1.9557984805e-03
5.5621000000e+03 2.0269611959e-03
5.5628000000e+03 2.0714558079e-03
5.5635000000e+03 2.0803900724e-03
5.5642000000e+03 2.1426691728e-03
5.5650000000e+03 2.1871756298e-03
5.5657000000e+03 2.1783306317e-03
5.5664000000e+03 2.4273339161e-03
5.5671000000e+03 2.4362766489e-03
5.5678000000e+03 2.3385192585e-03
5.5685000000e+03 2.3830280738e-03
5.5692000000e+03 2.4186466816e-03
5.5699000000e+03 2.4987281451e-03
5.5706000000e+03 2.6855224880e-03
5.5713000000e+03 2.7745056019e-03
5.5720000000e+03 2.7212071277e-03
5.5727000000e+03 2.7301575517e-03
5.5734000000e+03 2.8102540224e-03
5.5741000000e+03 2.7925265080e-03
5.5748000000e+03 2.8993084208e-03
5.5755000000e+03 2.9705197490e-03
5.5762000000e+03 3.1573555494e-03
5.5769000000e+03 3.0862689690e-03
5.5776000000e+03 3.2909037558e-03
5.5783000000e+03 3.3443402967e-03
5.5790000000e+03 3.3444108308e-03
5.5797000000e+03 3.5134844125e-03
5.5804000000e+03 3.5046634260e-03
5.5812000000e+03 3.6025961868e-03
5.5819000000e+03 3.7805680675e-03
5.5826000000e+03 3.8962079962e-03
5.5833000000e+03 3.9317888185e-03
5.5840000000e+03 3.9673696229e-03
5.5847000000e+03 4.1274866445e-03
5.5854000000e+03 4.4299306757e-03
5.5861000000e+03 4.4388250058e-03
5.5868000000e+03 4.3854512608e-03
5.5875000000e+03 4.6789995634e-03
5.5882000000e+03 4.9013842452e-03
5.5889000000e+03 5.0170236318e-03
5.5896000000e+03 5.2127218281e-03
5.5903000000e+03 5.3817336437e-03
5.5910000000e+03 5.5240590987e-03
5.5917000000e+03 5.6663844823e-03
5.5924000000e+03 5.8087097945e-03
5.5931000000e+03 6.0133029655e-03
5.5938000000e+03 6.2178960339e-03
5.5945000000e+03 6.5292339692e-03
5.5952000000e+03 6.9028396316e-03
5.5959000000e+03 7.0629552747e-03
5.5966000000e+03 7.2853386896e-03
5.5973000000e+03 7.4276633460e-03
5.5980000000e+03 7.5610925282e-03
5.5987000000e+03 7.9258020627e-03
5.5994000000e+03 8.4150469935e-03
5.6001000000e+03 8.5573712240e-03
5.6008000000e+03 8.7797539295e-03
5.6015000000e+03 9.1978351436e-03
5.6022000000e+03 9.5002760833e-03
5.6029000000e+03 1.0033996943e-02
5.6036000000e+03 1.0603299075e-02
5.6043000000e+03 1.0718936394e-02
5.6050000000e+03 1.1012481268e-02
5.6057000000e+03 1.1706318025e-02
5.6064000000e+03 1.2595852710e-02
5.6071000000e+03 1.2729280162e-02
5.6078000000e+03 1.3503174312e-02
5.6085000000e+03 1.3609915360e-02
5.6092000000e+03 1.4739623593e-02
5.6099000000e+03 1.4855259642e-02
5.6106000000e+03 1.6011653084e-02
5.6113000000e+03 1.6278509887e-02
5.6120000000e+03 1.6794436591e-02
5.6127000000e+03 1.8057572950e-02
5.6134000000e+03 1.8778092088e-02
5.6141000000e+03 1.9507506217e-02
5.6148000000e+03 2.1144245622e-02
5.6155000000e+03 2.1464472820e-02
5.6162000000e+03 2.2585280905e-02
5.6169000000e+03 2.4008530082e-02
5.6176000000e+03 2.4631197898e-02
5.6183000000e+03 2.5698632316e-02
5.6190000000e+03 2.7139670314e-02
5.6197000000e+03 2.8811986268e-02
5.6204000000e+03 3.0146278783e-02
5.6211000000e+03 3.1622895899e-02
5.6218000000e+03 3.2201084233e-02
5.6225000000e+03 3.4202524262e-02
5.6232000000e+03 3.6328497805e-02
5.6239000000e+03 3.8490051564e-02
5.6246000000e+03 4.0847301239e-02
5.6253000000e+03 4.2733097985e-02
5.6260000000e+03 4.5481739219e-02
5.6267000000e+03 4.7634393203e-02
5.6274000000e+03 4.9529082137e-02
5.6281000000e+03 5.2535683505e-02
5.6288000000e+03 5.5097518122e-02
5.6295000000e+03 5.8139697793e-02
5.6302000000e+03 6.1902395267e-02
5.6309000000e+03 6.4944571704e-02
5.6316000000e+03 6.8484883187e-02
5.6323000000e+03 7.2185308179e-02
5.6330000000e+03 7.6472820551e-02
5.6337000000e+03 8.0537948542e-02
5.6344000000e+03 8.6088587419e-02
5.6351000000e+03 9.0144815674e-02
5.6358000000e+03 9.5135046560e-02
5.6365000000e+03 1.0088137377e-01
5.6371000000e+03 1.0740159113e-01
5.6378000000e+03 1.1385063940e-01
5.6385000000e+03 1.2037974190e-01
5.6392000000e+03 1.2634843901e-01
5.6399000000e+03 1.3311770737e-01
5.6406000000e+03 1.4233317083e-01
5.6413000000e+03 1.5056125524e-01
5.6420000000e+03 1.5888718343e-01
5.6427000000e+03 1.6791583301e-01
5.6434000000e+03 1.7800301381e-01
5.6441000000e+03 1.8900640092e-01
5.6448000000e+03 1.9958281033e-01
5.6455000000e+03 2.1053281500e-01
5.6462000000e+03 2.2279931108e-01
5.6469000000e+03 2.3552835386e-01
5.6476000000e+03 2.4806169487e-01
5.6483000000e+03 2.6087967736e-01
5.6490000000e+03 2.7597483497e-01
5.6497000000e+03 2.9036726119e-01
5.6504000000e+03 3.0633413697e-01
5.6511000000e+03 3.2347517558e-01
5.6518000000e+03 3.3876599745e-01
5.6524000000e+03 3.5589813686e-01
5.6531000000e+03 3.7158033347e-01
5.6538000000e+03 3.8794745455e-01
5.6545000000e+03 4.0845974131e-01
5.6552000000e+03 4.2545840560e-01
5.6559000000e+03 4.4401372460e-01
5.6566000000e+03 4.6107463796e-01
5.6573000000e+03 4.7890053117e-01
5.6580000000e+03 4.9774936479e-01
5.6587000000e+03 5.1559303027e-01
5.6594000000e+03 5.3276065105e-01
5.6601000000e+03 5.4885194341e-01
5.6608000000e+03 5.6528124540e-01
5.6615000000e+03 5.8161269194e-01
5.6622000000e+03 5.9619177621e-01
5.6629000000e+03 6.1387527663e-01
5.6635000000e+03 6.2669311955e-01
5.6642000000e+03 6.4030260614e-01
5.6649000000e+03 6.5453474918e-01
5.6656000000e+03 6.6504869670e-01
5.6663000000e+03 6.7627425376e-01
5.6670000000e+03 6.8575634931e-01
5.6677000000e+03 6.9370846899e-01
5.6684000000e+03 7.0290590970e-01
5.6691000000e+03 7.1205886990e-01
5.6698000000e+03 7.1602593898e-01
5.6705000000e+03 7.2312410659e-01
5.6712000000e+03 7.2838986569e-01
5.6718000000e+03 7.3173429218e-01
5.6725000000e+03 7.3713347415e-01
5.6732000000e+03 7.4143854831e-01
5.6739000000e+03 7.4183864460e-01
5.6746000000e+03 7.4573453812e-01
5.6753000000e+03 7.4776244679e-01
5.6760000000e+03 7.4835656382e-01
5.6767000000e+03 7.4728883908e-01
5.6774000000e+03 7.5074903416e-01
5.6781000000e+03 7.4900520488e-01
5.6788000000e+03 7.5126467414e-01
5.6795000000e+03 7.5091753549e-01
5.6801000000e+03 7.4926761088e-01
5.6808000000e+03 7.5111803188e-01
5.6815000000e+03 7.5085092705e-01
5.6822000000e+03 7.4694451023e-01
5.6829000000e+03 7.4827003774e-01
5.6836000000e+03 7.4674808869e-01
5.6843000000e+03 7.4501245515e-01
5.6850000000e+03 7.4355257487e-01
5.6857000000e+03 7.4615080423e-01
5.6864000000e+03 7.4500235411e-01
5.6870000000e+03 7.4253284423e-01
5.6877000000e+03 7.4004911405e-01
5.6884000000e+03 7.4271877279e-01
5.6891000000e+03 7.3651420235e-01
5.6898000000e+03 7.4190775968e-01
5.6905000000e+03 7.4042954685e-01
5.6912000000e+03 7.3630731556e-01
5.6919000000e+03 7.3881706139e-01
5.6926000000e+03 7.3824665182e-01
5.6932000000e+03 7.3866071025e-01
5.6939000000e+03 7.3662121429e-01
5.6946000000e+03 7.3813410393e-01
5.6953000000e+03 7.3970052189e-01
5.6960000000e+03 7.3941497170e-01
5.6967000000e+03 7.3646694511e-01
5.6974000000e+03 7.4020624646e-01
5.6981000000e+03 7.3922607603e-01
5.6987000000e+03 7.3919499513e-01
5.6994000000e+03 7.3999586969e-01
5.7001000000e+03 7.4190114980e-01
5.7008000000e+03 7.4175809744e-01
5.7015000000e+03 7.4453642545e-01
5.7022000000e+03 7.4643315479e-01
5.7029000000e+03 7.4692266076e-01
5.7036000000e+03 7.4472209625e-01
5.7042000000e+03 7.4804052921e-01
5.7049000000e+03 7.4999108226e-01
5.7056000000e+03 7.5310878765e-01
5.7063000000e+03 7.5414204297e-01
5.7070000000e+03 7.4951805769e-01
5.7077000000e+03 7.5521981583e-01
5.7084000000e+03 7.5805302490e-01
5.7091000000e+03 7.5612844140e-01
5.7097000000e+03 7.5973325770e-01
5.7104000000e+03 7.6474111135e-01
5.7111000000e+03 7.6029475362e-01
5.7118000000e+03 7.6594459043e-01
5.7125000000e+03 7.6911739322e-01
5.7132000000e+03 7.7087342022e-01
5.7139000000e+03 7.7357426745e-01
5.7145000000e+03 7.7268856225e-01
5.7152000000e+03 7.7787632683e-01
5.7159000000e+03 7.8117486820e-01
5.7166000000e+03 7.8250376543e-01
5.7173000000e+03 7.8484892467e-01
5.7180000000e+03 7.8607998619e-01
5.7187000000e+03 7.8660689471e-01
5.7193000000e+03 7.9205968957e-01
5.7200000000e+03 7.9201628055e-01
5.7207000000e+03 7.9240971622e-01
5.7214000000e+03 7.9562051180e-01
5.7221000000e+03 7.9992819087e-01
5.7228000000e+03 8.0213193826e-01
5.7234000000e+03 8.0278162978e-01
5.7241000000e+03 8.0627629485e-01
5.7248000000e+03 8.0530385900e-01
5.7255000000e+03 8.0913745364e-01
5.7262000000e+03 8.0718419006e-01
5.7269000000e+03 8.1122296980e-01
5.7275000000e+03 8.1603639061e-01
5.7282000000e+03 8.1550985445e-01
5.7289000000e+03 8.1912082145e-01
5.7296000000e+03 8.1894207488e-01
5.7303000000e+03 8.2110855906e-01
5.7310000000e+03 8.2487129100e-01
5.7316000000e+03 8.2287222117e-01
5.7323000000e+03 8.2375468905e-01
5.7330000000e+03 8.2871251804e-01
5.7337000000e+03 8.2792745617e-01
5.7344000000e+03 8.2499319167e-01
5.7351000000e+03 8.2912182497e-01
5.7357000000e+03 8.3097522782e-01
5.7364000000e+03 8.3192025893e-01
5.7371000000e+03 8.3565668805e-01
5.7378000000e+03 8.3715471766e-01
5.7385000000e+03 8.3702964260e-01
5.7391000000e+03 8.3900806639e-01
5.7398000000e+03 8.3968567282e-01
5.7405000000e+03 8.3962304997e-01
5.7412000000e+03 8.4186144641e-01
5.7419000000e+03 8.4275315374e-01
5.7426000000e+03 8.4226245449e-01
5.7432000000e+03 8.4503483095e-01
5.7439000000e+03 8.4148491398e-01
5.7446000000e+03 8.4531104795e-01
5.7453000000e+03 8.4675582738e-01
5.7460000000e+03 8.4681814195e-01
5.7466000000e+03 8.4913580875e-01
5.7473000000e+03 8.5019713211e-01
5.7480000000e+03 8.4987594159e-01
5.7487000000e+03 8.5167762761e-01
5.7494000000e+03 8.5189163168e-01
5.7500000000e+03 8.4882187032e-01
5.7507000000e+03 8.5103391573e-01
5.7514000000e+03 8.5223804290e-01
5.7521000000e+03 8.4967790076e-01
5.7528000000e+03 8.5141725175e-01
5.7534000000e+03 8.5011354996e-01
5.7541000000e+03 8.4971204435e-01
5.7548000000e+03 8.5313741862e-01
5.7555000000e+03 8.5181711614e-01
5.7562000000e+03 8.5435051597e-01
5.7568000000e+03 8.5455438059e-01
5.7575000000e+03 8.5472383394e-01
5.7582000000e+03 8.5148549309e-01
5.7589000000e+03 8.5036136856e-01
5.7595000000e+03 8.5217992578e-01
5.7602000000e+03 8.5205496091e-01
5.7609000000e+03 8.4984241060e-01
5.7616000000e+03 8.4972633987e-01
5.7623000000e+03 8.5259004046e-01
5.7629000000e+03 8.4753018714e-01
5.7636000000e+03 8.5621083620e-01
5.7643000000e+03 8.4968009264e-01
5.7650000000e+03 8.5276695269e-01
5.7656000000e+03 8.5259610740e-01
5.7663000000e+03 8.5016033377e-01
5.7670000000e+03 8.4998180092e-01
5.7677000000e+03 8.4650205249e-01
5.7684000000e+03 8.4636808900e-01
5.7690000000e+03 8.5036392220e-01
5.7697000000e+03 8.4971249330e-01
5.7704000000e+03 8.4789306247e-01
5.7711000000e+03 8.4867233481e-01
5.7717000000e+03 8.4764620527e-01
5.7724000000e+03 8.4960337821e-01
5.7731000000e+03 8.5217636776e-01
5.7738000000e+03 8.4785144803e-01
5.7744000000e+03 8.4607559244e-01
5.7751000000e+03 8.4353514886e-01
5.7758000000e+03 8.4615285090e-01
5.7765000000e+03 8.4532579872e-01
5.7771000000e+03 8.4649488653e-01
5.7778000000e+03 8.4384710899e-01
5.7785000000e+03 8.4743790850e-01
5.7792000000e+03 8.5054691124e-01
5.7798000000e+03 8.4112153209e-01
5.7805000000e+03 8.4532839507e-01
5.7812000000e+03 8.4306408763e-01
5.7819000000e+03 8.4289733791e-01
5.7825000000e+03 8.4527165915e-01
5.7832000000e+03 8.4182886915e-01
5.7839000000e+03 8.4150139064e-01
5.7846000000e+03 8.4414661948e-01
5.7852000000e+03 8.4445005763e-01
5.7859000000e+03 8.4241746366e-01
5.7866000000e+03 8.3956341801e-01
5.7873000000e+03 8.4057503177e-01
5.7879000000e+03 8.4194086805e-01
5.7886000000e+03 8.4022943678e-01
5.7893000000e+03 8.4166970642e-01
5.7900000000e+03 8.3914566243e-01
5.7906000000e+03 8.3989549505e-01
5.7913000000e+03 8.4004112086e-01
5.7920000000e+03 8.3965098776e-01
5.7926000000e+03 8.3795416925e-01
5.7933000000e+03 8.4047508806e-01
5.7940000000e+03 8.4109403030e-01
5.7947000000e+03 8.4047169536e-01
5.7953000000e+03 8.3966777521e-01
5.7960000000e+03 8.3683949953e-01
5.7967000000e+03 8.4053063310e-01
5.7973000000e+03 8.3772609408e-01
5.7980000000e+03 8.3738940118e-01
5.7987000000e+03 8.3707948529e-01
5.7994000000e+03 8.3684993879e-01
5.8000000000e+03 8.3634948952e-01
5.8007000000e+03 8.3748653044e-01
5.8014000000e+03 8.3445221367e-01
5.8020000000e+03 8.3876632014e-01
5.8027000000e+03 8.3907274980e-01
5.8034000000e+03 8.3600252439e-01
5.8041000000e+03 8.3588010535e-01
5.8047000000e+03 8.3868490324e-01
5.8054000000e+03 8.3879481651e-01
5.8061000000e+03 8.3806495391e-01
5.8067000000e+03 8.3732318583e-01
5.8074000000e+03 8.3670046288e-01
5.8081000000e+03 8.3783779672e-01
5.8088000000e+03 8.3667003848e-01
5.8094000000e+03 8.3387314842e-01
5.8101000000e+03 8.3648477876e-01
5.8108000000e+03 8.3949862490e-01
5.8114000000e+03 8.4186631017e-01
5.8121000000e+03 8.3459542023e-01
5.8128000000e+03 8.3771665955e-01
5.8134000000e+03 8.3623300388e-01
5.8141000000e+03 8.3599436082e-01
5.8148000000e+03 8.3533568690e-01
5.8154000000e+03 8.3448638358e-01
5.8161000000e+03 8.3607975563e-01
5.8168000000e+03 8.3488480380e-01
5.8175000000e+03 8.3461105605e-01
5.8181000000e+03 8.3630124193e-01
5.8188000000e+03 8.3377461191e-01
5.8195000000e+03 8.3357170524e-01
5.8201000000e+03 8.3656686035e-01
5.8208000000e+03 8.3286032990e-01
5.8215000000e+03 8.3334562939e-01
5.8221000000e+03 8.3675205406e-01
5.8228000000e+03 8.3560171893e-01
5.8235000000e+03 8.3389717195e-01
5.8241000000e+03 8.3697301379e-01
5.8248000000e+03 8.3463379992e-01
5.8255000000e+03 8.3359957592e-01
5.8261000000e+03 8.3089210540e-01
5.8268000000e+03 8.3415744446e-01
5.8275000000e+03 8.3480372070e-01
5.8281000000e+03 8.3384823865e-01
5.8288000000e+03 8.3462861649e-01
5.8295000000e+03 8.3288809222e-01
5.8301000000e+03 8.3766280115e-01
5.8308000000e+03 8.3145243557e-01
5.8315000000e+03 8.3639876761e-01
5.8321000000e+03 8.3665905439e-01
5.8328000000e+03 8.3646506810e-01
5.8335000000e+03 8.3431318206e-01
5.8341000000e+03 8.3565522522e-01
5.8348000000e+03 8.3471022390e-01
5.8355000000e+03 8.3558011962e-01
5.8361000000e+03 8.3371254886e-01
5.8368000000e+03 8.3230256350e-01
5.8374000000e+03 8.3425264703e-01
5.8381000000e+03 8.3387978497e-01
5.8388000000e+03 8.3286315325e-01
5.8394000000e+03 8.3190742911e-01
5.8401000000e+03 8.3326019491e-01
5.8408000000e+03 8.3398709638e-01
5.8414000000e+03 8.3218189883e-01
5.8421000000e+03 8.3274785319e-01
5.8428000000e+03 8.3499488269e-01
5.8434000000e+03 8.3352047545e-01
5.8441000000e+03 8.3184201847e-01
5.8448000000e+03 8.3322173397e-01
5.8454000000e+03 8.3163099675e-01
5.8461000000e+03 8.3437893050e-01
5.8467000000e+03 8.2956886561e-01
5.8474000000e+03 8.3340784116e-01
5.8481000000e+03 8.3078131611e-01
5.8487000000e+03 8.3079121527e-01
5.8494000000e+03 8.3080276429e-01
5.8501000000e+03 8.3207529091e-01
5.8507000000e+03 8.3179007916e-01
5.8514000000e+03 8.3150651158e-01
5.8520000000e+03 8.3250914067e-01
5.8527000000e+03 8.3039214429e-01
5.8534000000e+03 8.3092242085e-01
5.8540000000e+03 8.3080710750e-01
5.8547000000e+03 8.3205291655e-01
5.8553000000e+03 8.2990731906e-01
5.8560000000e+03 8.3126047698e-01
5.8567000000e+03 8.3354387686e-01
5.8573000000e+03 8.2954672403e-01
5.8580000000e+03 8.3119509847e-01
5.8587000000e+03 8.2778085738e-01
5.8593000000e+03 8.3041152676e-01
5.8600000000e+03 8.2957330621e-01
5.8606000000e+03 8.3195360523e-01
5.8613000000e+03 8.3247503795e-01
5.8620000000e+03 8.2963308331e-01
5.8626000000e+03 8.3008128691e-01
5.8633000000e+03 8.3138096735e-01
5.8639000000e+03 8.3157872731e-01
5.8646000000e+03 8.3111616283e-01
5.8653000000e+03 8.2983057129e-01
5.8659000000e+03 8.3318622590e-01
5.8666000000e+03 8.3030823534e-01
5.8672000000e+03 8.3191948436e-01
5.8679000000e+03 8.2980183383e-01
5.8686000000e+03 8.3578955255e-01
5.8692000000e+03 8.3231037407e-01
5.8699000000e+03 8.3220563344e-01
5.8705000000e+03 8.2994307677e-01
5.8712000000e+03 8.2851416604e-01
5.8718000000e+03 8.3143179479e-01
5.8725000000e+03 8.3127335286e-01
5.8732000000e+03 8.2937020106e-01
5.8738000000e+03 8.3261900561e-01
5.8745000000e+03 8.3398163723e-01
5.8751000000e+03 8.3032307654e-01
5.8758000000e+03 8.3079094406e-01
5.8764000000e+03 8.3183877970e-01
5.8771000000e+03 8.3443627961e-01
5.8778000000e+03 8.3331147386e-01
5.8784000000e+03 8.3107541684e-01
5.8791000000e+03 8.3271554518e-01
5.8797000000e+03 8.3301180882e-01
5.8804000000e+03 8.3142160284e-01
5.8810000000e+03 8.3467984187e-01
5.8817000000e+03 8.3463774522e-01
5.8824000000e+03 8.3475672620e-01
5.8830000000e+03 8.3684282151e-01
5.8837000000e+03 8.3423236903e-01
5.8843000000e+03 8.3600529021e-01
5.8850000000e+03 8.3489824081e-01
5.8856000000e+03 8.3746771246e-01
5.8863000000e+03 8.3751514390e-01
5.8869000000e+03 8.3753406538e-01
5.8876000000e+03 8.3640907937e-01
5.8883000000e+03 8.3695769077e-01
5.8889000000e+03 8.3924990409e-01
5.8896000000e+03 8.3909150914e-01
5.8902000000e+03 8.3906569819e-01
5.8909000000e+03 8.3615058839e-01
5.8915000000e+03 8.3959751814e-01
5.8922000000e+03 8.3915270008e-01
5.8928000000e+03 8.4180314285e-01
5.8935000000e+03 8.3989041032e-01
5.8941000000e+03 8.4076864802e-01
5.8948000000e+03 8.4302703675e-01
5.8955000000e+03 8.4303874515e-01
5.8961000000e+03 8.4374698020e-01
5.8968000000e+03 8.4528938721e-01
5.8974000000e+03 8.4427002659e-01
5.8981000000e+03 8.4378941210e-01
5.8987000000e+03 8.4637755585e-01
5.8994000000e+03 8.4731135134e-01
5.9000000000e+03 8.4876270364e-01
5.9007000000e+03 8.4815679628e-01
5.9013000000e+03 8.4856974077e-01
5.9020000000e+03 8.4860838159e-01
5.9026000000e+03 8.5237850180e-01
5.9033000000e+03 8.4870188700e-01
5.9039000000e+03 8.5095910581e-01
5.9046000000e+03 8.4525904705e-01
5.9052000000e+03 8.4980822215e-01
5.9059000000e+03 8.4811894976e-01
5.9065000000e+03 8.4770824729e-01
5.9072000000e+03 8.5025378607e-01
5.9078000000e+03 8.5280665699e-01
5.9085000000e+03 8.5424210069e-01
5.9091000000e+03 8.5221980418e-01
5.9098000000e+03 8.5222268319e-01
5.9104000000e+03 8.5316402190e-01
5.9111000000e+03 8.5525117704e-01
5.9117000000e+03 8.5403483743e-01
5.9124000000e+03 8.5582292817e-01
5.9130000000e+03 8.5441846228e-01
5.9137000000e+03 8.5382458316e-01
5.9143000000e+03 8.5470362188e-01
5.9150000000e+03 8.5564117151e-01
5.9156000000e+03 8.5475595154e-01
5.9163000000e+03 8.5892689041e-01
5.9169000000e+03 8.5930463094e-01
5.9176000000e+03 8.5517269647e-01
5.9182000000e+03 8.5874816926e-01
5.9189000000e+03 8.5774220634e-01
5.9195000000e+03 8.6050282395e-01
5.9202000000e+03 8.5730201825e-01
5.9208000000e+03 8.5886233578e-01
5.9215000000e+03 8.6022143829e-01
5.9221000000e+03 8.5857447952e-01
5.9228000000e+03 8.6089236100e-01
5.9234000000e+03 8.6187956738e-01
5.9241000000e+03 8.6049707973e-01
5.9247000000e+03 8.6166355427e-01
5.9254000000e+03 8.6265563885e-01
5.9260000000e+03 8.6076643725e-01
5.9267000000e+03 8.6112227175e-01
5.9273000000e+03 8.6214553380e-01
5.9280000000e+03 8.6246559282e-01
5.9286000000e+03 8.6237759944e-01
5.9292000000e+03 8.6466478019e-01
5.9299000000e+03 8.6100525948e-01
5.9305000000e+03 8.6374969785e-01
5.9312000000e+03 8.6415053891e-01
5.9318000000e+03 8.6218905062e-01
5.9325000000e+03 8.6111069966e-01
5.9331000000e+03 8.6368519392e-01
5.9338000000e+03 8.6237372287e-01
5.9344000000e+03 8.6607809460e-01
5.9351000000e+03 8.6469489021e-01
5.9357000000e+03 8.6159428365e-01
5.9364000000e+03 8.6602109894e-01
5.9370000000e+03 8.6430119775e-01
5.9376000000e+03 8.6658947451e-01
5.9383000000e+03 8.6609381130e-01
5.9389000000e+03 8.6611346841e-01
5.9396000000e+03 8.6588678919e-01
5.9402000000e+03 8.6284821785e-01
5.9409000000e+03 8.6583219696e-01
5.9415000000e+03 8.6541235776e-01
5.9421000000e+03 8.6506424351e-01
5.9428000000e+03 8.6816521903e-01
5.9434000000e+03 8.6393317204e-01
5.9441000000e+03 8.6180463023e-01
5.9447000000e+03 8.6725135072e-01
5.9454000000e+03 8.6467423204e-01
5.9460000000e+03 8.6643424985e-01
5.9467000000e+03 8.6391971158e-01
5.9473000000e+03 8.6340993791e-01
5.9479000000e+03 8.6410240179e-01
5.9486000000e+03 8.6646856170e-01
5.9492000000e+03 8.6352717610e-01
5.9499000000e+03 8.6652160069e-01
5.9505000000e+03 8.6592207838e-01
5.9511000000e+03 8.6643526181e-01
5.9518000000e+03 8.6512253002e-01
5.9524000000e+03 8.6615623548e-01
5.9531000000e+03 8.6697938616e-01
5.9537000000e+03 8.6573355950e-01
5.9544000000e+03 8.6819924589e-01
5.9550000000e+03 8.6231293216e-01
5.9556000000e+03 8.6497137122e-01
5.9563000000e+03 8.6464563838e-01
5.9569000000e+03 8.6617328480e-01
5.9576000000e+03 8.6400728951e-01
5.9582000000e+03 8.6371047777e-01
5.9588000000e+03 8.6414004945e-01
5.9595000000e+03 8.6453499407e-01
5.9601000000e+03 8.6297159572e-01
5.9608000000e+03 8.6487475615e-01
5.9614000000e+03 8.6170434315e-01
5.9620000000e+03 8.6514143359e-01
5.9627000000e+03 8.6415383204e-01
5.9633000000e+03 8.6417045472e-01
5.9640000000e+03 8.6517592375e-01
5.9646000000e+03 8.6320841601e-01
5.9652000000e+03 8.6133065419e-01
5.9659000000e+03 8.6486796800e-01
5.9665000000e+03 8.6515394482e-01
5.9671000000e+03 8.6450617944e-01
5.9678000000e+03 8.6288102717e-01
5.9684000000e+03 8.6233199258e-01
5.9691000000e+03 8.6472022167e-01
5.9697000000e+03 8.6347085535e-01
5.9703000000e+03 8.6452002968e-01
5.9710000000e+03 8.6446609948e-01
5.9716000000e+03 8.6397092589e-01
5.9722000000e+03 8.6079999760e-01
5.9729000000e+03 8.6655550822e-01
5.9735000000e+03 8.6451591902e-01
5.9742000000e+03 8.6474932227e-01
5.9748000000e+03 8.6098564117e-01
5.9754000000e+03 8.6401932670e-01
5.9761000000e+03 8.6329192125e-01
5.9767000000e+03 8.6424241586e-01
5.9773000000e+03 8.6371127865e-01
5.9780000000e+03 8.6187933615e-01
5.9786000000e+03 8.6032446352e-01
5.9792000000e+03 8.6484898223e-01
5.9799000000e+03 8.6185857552e-01
5.9805000000e+03 8.5998935484e-01
5.9811000000e+03 8.6172115751e-01
5.9818000000e+03 8.6284360414e-01
5.9824000000e+03 8.6256386364e-01
5.9831000000e+03 8.6085749662e-01
5.9837000000e+03 8.6229301509e-01
5.9843000000e+03 8.5966034046e-01
5.9850000000e+03 8.6225565391e-01
5.9856000000e+03 8.6517305431e-01
5.9862000000e+03 8.6237867541e-01
5.9869000000e+03 8.6183075357e-01
5.9875000000e+03 8.6226048394e-01
5.9881000000e+03 8.6074131928e-01
5.9888000000e+03 8.6257338539e-01
5.9894000000e+03 8.6321868489e-01
5.9900000000e+03 8.6151087698e-01
5.9907000000e+03 8.6580392233e-01
5.9913000000e+03 8.6293748548e-01
5.9919000000e+03 8.6391513137e-01
5.9926000000e+03 8.6106785928e-01
5.9932000000e+03 8.6370713870e-01
5.9938000000e+03 8.6149625378e-01
5.9945000000e+03 8.6504403535e-01
5.9951000000e+03 8.6254569419e-01
5.9957000000e+03 8.6076587859e-01
5.9963000000e+03 8.6476158788e-01
5.9970000000e+03 8.6106980294e-01
5.9976000000e+03 8.6378111154e-01
5.9982000000e+03 8.6242341609e-01
5.9989000000e+03 8.6713916725e-01
5.9995000000e+03 8.6181115427e-01
6.0001000000e+03 8.6386683122e-01
6.0008000000e+03 8.6218697620e-01
6.0014000000e+03 8.6166460956e-01
6.0020000000e+03 8.6444796190e-01
6.0027000000e+03 8.6358552291e-01
6.0033000000e+03 8.6497656018e-01
6.0039000000e+03 8.6123820959e-01
6.0045000000e+03 8.6357249572e-01
6.0052000000e+03 8.6437962033e-01
6.0058000000e+03 8.6398040091e-01
6.0064000000e+03 8.6148802776e-01
6.0071000000e+03 8.6486270653e-01
6.0077000000e+03 8.6085208100e-01
6.0083000000e+03 8.6525907733e-01
6.0089000000e+03 8.6374587314e-01
6.0096000000e+03 8.6568324867e-01
6.0102000000e+03 8.6272363535e-01
6.0108000000e+03 8.6530702655e-01
6.0115000000e+03 8.5959015103e-01
6.0121000000e+03 8.6293719383e-01
6.0127000000e+03 8.6231333805e-01
6.0133000000e+03 8.6405228637e-01
6.0140000000e+03 8.6503742793e-01
6.0146000000e+03 8.6323664417e-01
6.0152000000e+03 8.6794042880e-01
6.0158000000e+03 8.6257287698e-01
6.0165000000e+03 8.6401623411e-01
6.0171000000e+03 8.6519822299e-01
6.0177000000e+03 8.6204073259e-01
6.0184000000e+03 8.6377161709e-01
6.0190000000e+03 8.6534894728e-01
6.0196000000e+03 8.6432075505e-01
6.0202000000e+03 8.6399335547e-01
6.0209000000e+03 8.6420587448e-01
6.0215000000e+03 8.6518126437e-01
6.0221000000e+03 8.6175409335e-01
6.0227000000e+03 8.6071686405e-01
6.0234000000e+03 8.6299590522e-01
6.0240000000e+03 8.6440259182e-01
6.0246000000e+03 8.6307783674e-01
6.0252000000e+03 8.6128584036e-01
6.0259000000e+03 8.6251367522e-01
6.0265000000e+03 8.5896953396e-01
6.0271000000e+03 8.6276632288e-01
6.0277000000e+03 8.5980618812e-01
6.0284000000e+03 8.6286706212e-01
6.0290000000e+03 8.5998775946e-01
6.0296000000e+03 8.6008262214e-01
6.0302000000e+03 8.5973719404e-01
6.0308000000e+03 8.6362397942e-01
6.0315000000e+03 8.5861584755e-01
6.0321000000e+03 8.5875563287e-01
6.0327000000e+03 8.6076445900e-01
6.0333000000e+03 8.5691455518e-01
6.0340000000e+03 8.5866363693e-01
6.0346000000e+03 8.6198444536e-01
6.0352000000e+03 8.5953629091e-01
6.0358000000e+03 8.5961318400e-01
6.0365000000e+03 8.5763309599e-01
6.0371000000e+03 8.5955213944e-01
6.0377000000e+03 8.5909884796e-01
6.0383000000e+03 8.5789070581e-01
6.0389000000e+03 8.5897405763e-01
6.0396000000e+03 8.6004927024e-01
6.0402000000e+03 8.5955103831e-01
6.0408000000e+03 8.5518861758e-01
6.0414000000e+03 8.5765590445e-01
6.0420000000e+03 8.5347315330e-01
6.0427000000e+03 8.5541107776e-01
6.0433000000e+03 8.5613499337e-01
6.0439000000e+03 8.5803618060e-01
6.0445000000e+03 8.5548892657e-01
6.0451000000e+03 8.5515240717e-01
6.0458000000e+03 8.5027832473e-01
6.0464000000e+03 8.5031922295e-01
6.0470000000e+03 8.5415264092e-01
6.0476000000e+03 8.5360940284e-01
6.0482000000e+03 8.5134961898e-01
6.0489000000e+03 8.5198450405e-01
6.0495000000e+03 8.4917646103e-01
6.0501000000e+03 8.5025987878e-01
6.0507000000e+03 8.5119052438e-01
6.0513000000e+03 8.4940698971e-01
6.0519000000e+03 8.4896256276e-01
6.0526000000e+03 8.5075375800e-01
6.0532000000e+03 8.4717776431e-01
6.0538000000e+03 8.4957855692e-01
6.0544000000e+03 8.4773712545e-01
6.0550000000e+03 8.4744158428e-01
6.0557000000e+03 8.4774092525e-01
6.0563000000e+03 8.4807455144e-01
6.0569000000e+03 8.4670040318e-01
6.0575000000e+03 8.4461613585e-01
6.0581000000e+03 8.4398796236e-01
6.0587000000e+03 8.4554401488e-01
6.0594000000e+03 8.4645458620e-01
6.0600000000e+03 8.4448706742e-01
6.0606000000e+03 8.4189926185e-01
6.0612000000e+03 8.4348233276e-01
6.0618000000e+03 8.4473284066e-01
6.0624000000e+03 8.4496758664e-01
6.0630000000e+03 8.3934124242e-01
6.0637000000e+03 8.4358692069e-01
6.0643000000e+03 8.3939875769e-01
6.0649000000e+03 8.4036162062e-01
6.0655000000e+03 8.4201672492e-01
6.0661000000e+03 8.3790031335e-01
6.0667000000e+03 8.3793721511e-01
6.0673000000e+03 8.4299962476e-01
6.0680000000e+03 8.3553135363e-01
6.0686000000e+03 8.4012636321e-01
6.0692000000e+03 8.3846408554e-01
6.0698000000e+03 8.3984958772e-01
6.0704000000e+03 8.3708140777e-01
6.0710000000e+03 8.3790949441e-01
6.0716000000e+03 8.3570765445e-01
6.0723000000e+03 8.3746347571e-01
6.0729000000e+03 8.3687998375e-01
6.0735000000e+03 8.3660218107e-01
6.0741000000e+03 8.3734938909e-01
6.0747000000e+03 8.3592966592e-01
6.0753000000e+03 8.3974301702e-01
6.0759000000e+03 8.3536501837e-01
6.0765000000e+03 8.3675965637e-01
6.0771000000e+03 8.3363139423e-01
6.0778000000e+03 8.3441623484e-01
6.0784000000e+03 8.3157561276e-01
6.0790000000e+03 8.3298825824e-01
6.0796000000e+03 8.3756624713e-01
6.0802000000e+03 8.3003149397e-01
6.0808000000e+03 8.3426783814e-01
6.0814000000e+03 8.3337845596e-01
6.0820000000e+03 8.3230020399e-01
6.0826000000e+03 8.3379389312e-01
6.0833000000e+03 8.3337375465e-01
6.0839000000e+03 8.3468763190e-01
6.0845000000e+03 8.3263807254e-01
6.0851000000e+03 8.3141585122e-01
6.0857000000e+03 8.3401581344e-01
6.0863000000e+03 8.3433147577e-01
6.0869000000e+03 8.3249766183e-01
6.0875000000e+03 8.2951260275e-01
6.0881000000e+03 8.3406433405e-01
6.0887000000e+03 8.3219447517e-01
6.0893000000e+03 8.3306776648e-01
6.0900000000e+03 8.3183808085e-01
6.0906000000e+03 8.3339495755e-01
6.0912000000e+03 8.3415136766e-01
6.0918000000e+03 8.3406231011e-01
6.0924000000e+03 8.3192247419e-01
6.0930000000e+03 8.3182439292e-01
6.0936000000e+03 8.3353427288e-01
6.0942000000e+03 8.3095360134e-01
6.0948000000e+03 8.3147616339e-01
6.0954000000e+03 8.3301519117e-01
6.0960000000e+03 8.2923805003e-01
6.0966000000e+03 8.3361063121e-01
6.0972000000e+03 8.3192935497e-01
6.0978000000e+03 8.3060786228e-01
6.0985000000e+03 8.3308416696e-01
6.0991000000e+03 8.3054746607e-01
6.0997000000e+03 8.3487282741e-01
6.1003000000e+03 8.3148871681e-01
6.1009000000e+03 8.3415888908e-01
6.1015000000e+03 8.3149440264e-01
6.1021000000e+03 8.3228441385e-01
6.1027000000e+03 8.3383912353e-01
6.1033000000e+03 8.3425132162e-01
6.1039000000e+03 8.3267531169e-01
6.1045000000e+03 8.3315947875e-01
6.1051000000e+03 8.3627966026e-01
6.1057000000e+03 8.3401987789e-01
6.1063000000e+03 8.3670827703e-01
6.1069000000e+03 8.3435848982e-01
6.1075000000e+03 8.3549946801e-01
6.1081000000e+03 8.3559681367e-01
6.1087000000e+03 8.3502837669e-01
6.1093000000e+03 8.3533265441e-01
6.1099000000e+03 8.4000959746e-01
6.1105000000e+03 8.3563531661e-01
6.1111000000e+03 8.3753214748e-01
6.1117000000e+03 8.3604595875e-01
6.1123000000e+03 8.3864463620e-01
6.1129000000e+03 8.3976774643e-01
6.1135000000e+03 8.3791263119e-01
6.1141000000e+03 8.3742514850e-01
6.1147000000e+03 8.4056380207e-01
6.1153000000e+03 8.4073318484e-01
6.1159000000e+03 8.3575569318e-01
6.1166000000e+03 8.3998442255e-01
6.1172000000e+03 8.3985686362e-01
6.1178000000e+03 8.3940536391e-01
6.1184000000e+03 8.4230124905e-01
6.1190000000e+03 8.4355946773e-01
6.1196000000e+03 8.4317997657e-01
6.1202000000e+03 8.4387131274e-01
6.1208000000e+03 8.4039626944e-01
6.1214000000e+03 8.4020571399e-01
6.1220000000e+03 8.4264281770e-01
6.1226000000e+03 8.4131841401e-01
6.1231000000e+03 8.4124361087e-01
6.1237000000e+03 8.4168299083e-01
6.1243000000e+03 8.4567704233e-01
6.1249000000e+03 8.4527954065e-01
6.1255000000e+03 8.4545798754e-01
6.1261000000e+03 8.4702234311e-01
6.1267000000e+03 8.4577889251e-01
6.1273000000e+03 8.4865721201e-01
6.1279000000e+03 8.4989765031e-01
6.1286000000e+03 8.4890743211e-01
6.1293000000e+03 8.5185911056e-01
6.1299000000e+03 8.4886066478e-01
6.1306000000e+03 8.5281139697e-01
6.1312000000e+03 8.5149591366e-01
6.1319000000e+03 8.5194568784e-01
6.1326000000e+03 8.5460053181e-01
6.1332000000e+03 8.5293401238e-01
6.1339000000e+03 8.5455386866e-01
6.1345000000e+03 8.5333734164e-01
6.1352000000e+03 8.5360714391e-01
6.1358000000e+03 8.5574783543e-01
6.1365000000e+03 8.5571164136e-01
6.1371000000e+03 8.5399103022e-01
6.1378000000e+03 8.5712314656e-01
6.1385000000e+03 8.5769003400e-01
6.1391000000e+03 8.5571735824e-01
6.1398000000e+03 8.5679731015e-01
6.1404000000e+03 8.6020735414e-01
6.1411000000e+03 8.5721875200e-01
6.1417000000e+03 8.5913462351e-01
6.1424000000e+03 8.5901744573e-01
6.1431000000e+03 8.5946736853e-01
6.1437000000e+03 8.5526214813e-01
6.1444000000e+03 8.5550499891e-01
6.1450000000e+03 8.5863620259e-01
6.1457000000e+03 8.6165170283e-01
6.1463000000e+03 8.5949446958e-01
6.1470000000e+03 8.5865716188e-01
6.1476000000e+03 8.5977079847e-01
6.1483000000e+03 8.6257953442e-01
6.1490000000e+03 8.5929346825e-01
6.1496000000e+03 8.6194669274e-01
6.1503000000e+03 8.6337815225e-01
6.1509000000e+03 8.5900894374e-01
6.1516000000e+03 8.5947701828e-01
6.1522000000e+03 8.6142816109e-01
6.1529000000e+03 8.6510168364e-01
6.1535000000e+03 8.6226285212e-01
6.1542000000e+03 8.5988569210e-01
6.1548000000e+03 8.6256634626e-01
6.1555000000e+03 8.6228716532e-01
6.1562000000e+03 8.6547480583e-01
6.1568000000e+03 8.6616562932e-01
6.1575000000e+03 8.6304088934e-01
6.1581000000e+03 8.6556877047e-01
6.1588000000e+03 8.6551475762e-01
6.1594000000e+03 8.6541313826e-01
6.1601000000e+03 8.6462064240e-01
6.1607000000e+03 8.6400566171e-01
6.1614000000e+03 8.6590594535e-01
6.1620000000e+03 8.6427324874e-01
6.1627000000e+03 8.6678605241e-01
6.1633000000e+03 8.6524337383e-01
6.1640000000e+03 8.6768423868e-01
6.1646000000e+03 8.6710526579e-01
6.1653000000e+03 8.6286291864e-01
6.1659000000e+03 8.6518420687e-01
6.1666000000e+03 8.6352682116e-01
6.1673000000e+03 8.6642728102e-01
6.1679000000e+03 8.6719941060e-01
6.1686000000e+03 8.6798315746e-01
6.1692000000e+03 8.6623303431e-01
6.1699000000e+03 8.6761134665e-01
6.1705000000e+03 8.6697821381e-01
6.1712000000e+03 8.6765390850e-01
6.1718000000e+03 8.6693967024e-01
6.1725000000e+03 8.6523697818e-01
6.1731000000e+03 8.6743266934e-01
6.1738000000e+03 8.6658582088e-01
6.1744000000e+03 8.6772749188e-01
6.1751000000e+03 8.6706982181e-01
6.1757000000e+03 8.6650865648e-01
6.1764000000e+03 8.6934688270e-01
6.1770000000e+03 8.6942546907e-01
6.1777000000e+03 8.6767750718e-01
6.1783000000e+03 8.6690005045e-01
6.1790000000e+03 8.6490867342e-01
6.1796000000e+03 8.6922237030e-01
6.1803000000e+03 8.6815010784e-01
6.1809000000e+03 8.6794932551e-01
6.1816000000e+03 8.6879645812e-01
6.1822000000e+03 8.6745118855e-01
6.1829000000e+03 8.6841549708e-01
6.1835000000e+03 8.6295164730e-01
6.1842000000e+03 8.6796240585e-01
6.1848000000e+03 8.6598614506e-01
6.1855000000e+03 8.6532822412e-01
6.1861000000e+03 8.6649729756e-01
6.1868000000e+03 8.6519944003e-01
6.1874000000e+03 8.6902742686e-01
6.1881000000e+03 8.6664797298e-01
6.1887000000e+03 8.6520325086e-01
6.1894000000e+03 8.6884474914e-01
6.1900000000e+03 8.6401982624e-01
6.1907000000e+03 8.6642652005e-01
6.1913000000e+03 8.6814565341e-01
6.1920000000e+03 8.6704593979e-01
6.1926000000e+03 8.6451029699e-01
6.1933000000e+03 8.6297321505e-01
6.1939000000e+03 8.6441416309e-01
6.1946000000e+03 8.6243978742e-01
6.1952000000e+03 8.6416923509e-01
6.1959000000e+03 8.6507060460e-01
6.1965000000e+03 8.6640344458e-01
6.1972000000e+03 8.6316688887e-01
6.1978000000e+03 8.6187629836e-01
6.1985000000e+03 8.6489628448e-01
6.1991000000e+03 8.6563415512e-01
6.1998000000e+03 8.6491279694e-01
6.2004000000e+03 8.6455979416e-01
6.2011000000e+03 8.6329746938e-01
6.2017000000e+03 8.6448614204e-01
6.2023000000e+03 8.6022024647e-01
6.2030000000e+03 8.6335762122e-01
6.2036000000e+03 8.6329310012e-01
6.2043000000e+03 8.6424866632e-01
6.2049000000e+03 8.6486036610e-01
6.2056000000e+03 8.6232666341e-01
6.2062000000e+03 8.6107196987e-01
6.2069000000e+03 8.6198246675e-01
6.2075000000e+03 8.6071872940e-01
6.2082000000e+03 8.5864473490e-01
6.2088000000e+03 8.5927445288e-01
6.2095000000e+03 8.5857997445e-01
6.2101000000e+03 8.6271727083e-01
6.2108000000e+03 8.6372702248e-01
6.2114000000e+03 8.6176891406e-01
6.2120000000e+03 8.5706956229e-01
6.2127000000e+03 8.6302974097e-01
6.2133000000e+03 8.5743759703e-01
6.2140000000e+03 8.5800548848e-01
6.2146000000e+03 8.5824750161e-01
6.2153000000e+03 8.6019510024e-01
6.2159000000e+03 8.5698337693e-01
6.2166000000e+03 8.5735289438e-01
6.2172000000e+03 8.5467313596e-01
6.2179000000e+03 8.5396950449e-01
6.2185000000e+03 8.5577160811e-01
6.2191000000e+03 8.5588736352e-01
6.2198000000e+03 8.5643724957e-01
6.2204000000e+03 8.5987172732e-01
6.2211000000e+03 8.5481225777e-01
6.2217000000e+03 8.5002198907e-01
6.2224000000e+03 8.5548692359e-01
6.2230000000e+03 8.4763024842e-01
6.2237000000e+03 8.5314035574e-01
6.2243000000e+03 8.5261576353e-01
6.2249000000e+03 8.5119829659e-01
6.2256000000e+03 8.5225324012e-01
6.2262000000e+03 8.5041184899e-01
6.2269000000e+03 8.5177345386e-01
6.2275000000e+03 8.5326010276e-01
6.2282000000e+03 8.4871413494e-01
6.2288000000e+03 8.5002039781e-01
6.2294000000e+03 8.4746636424e-01
6.2301000000e+03 8.4720448652e-01
6.2307000000e+03 8.4782528177e-01
6.2314000000e+03 8.4388336380e-01
6.2320000000e+03 8.4769714416e-01
6.2327000000e+03 8.4196921414e-01
6.2333000000e+03 8.4363630108e-01
6.2339000000e+03 8.4425709336e-01
6.2346000000e+03 8.4654785992e-01
6.2352000000e+03 8.4591488083e-01
6.2359000000e+03 8.4662715560e-01
6.2365000000e+03 8.4395555948e-01
6.2372000000e+03 8.4363949376e-01
6.2378000000e+03 8.4159925856e-01
6.2384000000e+03 8.4052419462e-01
6.2391000000e+03 8.3752892993e-01
6.2397000000e+03 8.4123483409e-01
6.2404000000e+03 8.3597876705e-01
6.2410000000e+03 8.3771961051e-01
6.2416000000e+03 8.4264480643e-01
6.2423000000e+03 8.4151699448e-01
6.2429000000e+03 8.4082221245e-01
6.2436000000e+03 8.3540048915e-01
6.2442000000e+03 8.3850347493e-01
6.2449000000e+03 8.3659085370e-01
6.2455000000e+03 8.3462413799e-01
6.2461000000e+03 8.3606729166e-01
6.2468000000e+03 8.3313532033e-01
6.2474000000e+03 8.3610299090e-01
6.2481000000e+03 8.3423547647e-01
6.2487000000e+03 8.3307161540e-01
6.2493000000e+03 8.3183558837e-01
6.2500000000e+03 8.3090623985e-01
6.2506000000e+03 8.3063543965e-01
6.2513000000e+03 8.2887617828e-01
6.2519000000e+03 8.3099589005e-01
6.2525000000e+03 8.3356664070e-01
6.2532000000e+03 8.3181640058e-01
6.2538000000e+03 8.2862286399e-01
6.2545000000e+03 8.2649375274e-01
6.2551000000e+03 8.2514948018e-01
6.2557000000e+03 8.2670990118e-01
6.2564000000e+03 8.2468904123e-01
6.2570000000e+03 8.2513990548e-01
6.2576000000e+03 8.2525700070e-01
6.2583000000e+03 8.2526581737e-01
6.2589000000e+03 8.2272178375e-01
6.2596000000e+03 8.2245997785e-01
6.2602000000e+03 8.2294692515e-01
6.2608000000e+03 8.2342485148e-01
6.2615000000e+03 8.2414630920e-01
6.2621000000e+03 8.2117830272e-01
6.2627000000e+03 8.2026703154e-01
6.2634000000e+03 8.2269341342e-01
6.2640000000e+03 8.1859781434e-01
6.2647000000e+03 8.1999582921e-01
6.2653000000e+03 8.1918378743e-01
6.2659000000e+03 8.1505210883e-01
6.2666000000e+03 8.1669368392e-01
6.2672000000e+03 8.1728888022e-01
6.2678000000e+03 8.1520491439e-01
6.2685000000e+03 8.1639545110e-01
6.2691000000e+03 8.1547516225e-01
6.2698000000e+03 8.1255224057e-01
6.2704000000e+03 8.1714362437e-01
6.2710000000e+03 8.1327355502e-01
6.2717000000e+03 8.1947961933e-01
6.2723000000e+03 8.1800906617e-01
6.2729000000e+03 8.1495086501e-01
6.2736000000e+03 8.1258723256e-01
6.2742000000e+03 8.1044012735e-01
6.2748000000e+03 8.1341679472e-01
6.2755000000e+03 8.1490501277e-01
6.2761000000e+03 8.1184681572e-01
6.2768000000e+03 8.1348838569e-01
6.2774000000e+03 8.1430007772e-01
6.2780000000e+03 8.1094419927e-01
6.2787000000e+03 8.1059219093e-01
6.2793000000e+03 8.1248636828e-01
6.2799000000e+03 8.1071813718e-01
6.2806000000e+03 8.0677588802e-01
6.2812000000e+03 8.1244071934e-01
6.2818000000e+03 8.1164672530e-01
6.2825000000e+03 8.0889521099e-01
6.2831000000e+03 8.0907545347e-01
6.2837000000e+03 8.1219644292e-01
6.2844000000e+03 8.0751450176e-01
6.2850000000e+03 8.0934553111e-01
6.2856000000e+03 8.1104124933e-01
6.2863000000e+03 8.1212353131e-01
6.2869000000e+03 8.0920967750e-01
6.2875000000e+03 8.1038219495e-01
6.2882000000e+03 8.0955209182e-01
6.2888000000e+03 8.0834314910e-01
6.2894000000e+03 8.0676435908e-01
6.2901000000e+03 8.1033634729e-01
6.2907000000e+03 8.0674594725e-01
6.2913000000e+03 8.0854089003e-01
6.2920000000e+03 8.0800847058e-01
6.2926000000e+03 8.0978537093e-01
6.2932000000e+03 8.0824266539e-01
6.2939000000e+03 8.1049763152e-01
6.2945000000e+03 8.0826033556e-01
6.2951000000e+03 8.0695216854e-01
6.2958000000e+03 8.0859372874e-01
6.2964000000e+03 8.0838608227e-01
6.2970000000e+03 8.1025318632e-01
6.2977000000e+03 8.0946818926e-01
6.2983000000e+03 8.0908915041e-01
6.2989000000e+03 8.0923330929e-01
6.2996000000e+03 8.0921506790e-01
6.3002000000e+03 8.0968396987e-01
6.3008000000e+03 8.0930493130e-01
6.3014000000e+03 8.0888078969e-01
6.3021000000e+03 8.0823110376e-01
6.3027000000e+03 8.0907887223e-01
6.3033000000e+03 8.1219984010e-01
6.3040000000e+03 8.1155015378e-01
6.3046000000e+03 8.0891595787e-01
6.3052000000e+03 8.1071089138e-01
6.3059000000e+03 8.1047615464e-01
6.3065000000e+03 8.0813062069e-01
6.3071000000e+03 8.1090880094e-01
6.3077000000e+03 8.1147692813e-01
6.3084000000e+03 8.1124219141e-01
6.3090000000e+03 8.1030387543e-01
6.3096000000e+03 8.1391194924e-01
6.3103000000e+03 8.1307283110e-01
6.3109000000e+03 8.1337935950e-01
6.3115000000e+03 8.1521939111e-01
6.3122000000e+03 8.1651815673e-01
6.3128000000e+03 8.1239556779e-01
6.3134000000e+03 8.1411833055e-01
6.3140000000e+03 8.1400089020e-01
6.3147000000e+03 8.1395558593e-01
6.3153000000e+03 8.1308943623e-01
6.3159000000e+03 8.1501065038e-01
6.3166000000e+03 8.1538931369e-01
6.3172000000e+03 8.1889815025e-01
6.3178000000e+03 8.1576783274e-01
6.3184000000e+03 8.1464008661e-01
6.3191000000e+03 8.1910507406e-01
6.3197000000e+03 8.1901469464e-01
6.3203000000e+03 8.1739983727e-01
6.3209000000e+03 8.1565869249e-01
6.3216000000e+03 8.1890589803e-01
6.3222000000e+03 8.1832840775e-01
6.3228000000e+03 8.1949188807e-01
6.3235000000e+03 8.2026745442e-01
6.3241000000e+03 8.2016805432e-01
6.3247000000e+03 8.1977097560e-01
6.3253000000e+03 8.1821926486e-01
6.3260000000e+03 8.2152058810e-01
6.3266000000e+03 8.2105134487e-01
6.3272000000e+03 8.2160142488e-01
6.3278000000e+03 8.2067213348e-01
6.3285000000e+03 8.2314356226e-01
6.3291000000e+03 8.2521811469e-01
6.3297000000e+03 8.2425274096e-01
6.3303000000e+03 8.2329638818e-01
6.3310000000e+03 8.2573173194e-01
6.3316000000e+03 8.2697639197e-01
6.3322000000e+03 8.2897877699e-01
6.3328000000e+03 8.2894251913e-01
6.3335000000e+03 8.2871680071e-01
6.3341000000e+03 8.3013284918e-01
6.3347000000e+03 8.2699352740e-01
6.3353000000e+03 8.3091728350e-01
6.3360000000e+03 8.2863488396e-01
6.3366000000e+03 8.3071845023e-01
6.3372000000e+03 8.3023116572e-01
6.3378000000e+03 8.3107891898e-01
6.3385000000e+03 8.3154778056e-01
6.3391000000e+03 8.3327052358e-01
6.3397000000e+03 8.3338761366e-01
6.3403000000e+03 8.3697760238e-01
6.3410000000e+03 8.2982412791e-01
6.3416000000e+03 8.3594887958e-01
6.3422000000e+03 8.3436109260e-01
6.3428000000e+03 8.3731964238e-01
6.3435000000e+03 8.3306175652e-01
6.3441000000e+03 8.3454094256e-01
6.3447000000e+03 8.3494668824e-01
6.3453000000e+03 8.3496455223e-01
6.3460000000e+03 8.3532516564e-01
6.3466000000e+03 8.3571286988e-01
6.3472000000e+03 8.3671396756e-01
6.3478000000e+03 8.3882458534e-01
6.3484000000e+03 8.4191843567e-01
6.3491000000e+03 8.4246847721e-01
6.3497000000e+03 8.4021317708e-01
6.3503000000e+03 8.4133153900e-01
6.3509000000e+03 8.3962648950e-01
6.3515000000e+03 8.4102448596e-01
6.3522000000e+03 8.5635007028e-01
6.3528000000e+03 8.4029344108e-01
6.3534000000e+03 8.4211539875e-01
6.3540000000e+03 8.4341416825e-01
6.3547000000e+03 8.4335081636e-01
6.3553000000e+03 8.4428876627e-01
6.3559000000e+03 8.4055411423e-01
6.3565000000e+03 8.4280905214e-01
6.3571000000e+03 8.4105890374e-01
6.3578000000e+03 8.4247490799e-01
6.3584000000e+03 8.4511772369e-01
6.3590000000e+03 8.4323226913e-01
6.3596000000e+03 8.4764309264e-01
6.3602000000e+03 8.4222162091e-01
6.3609000000e+03 8.4775996915e-01
6.3615000000e+03 8.4865281383e-01
6.3621000000e+03 8.4810238668e-01
6.3627000000e+03 8.4632517929e-01
6.3633000000e+03 8.4783141381e-01
6.3640000000e+03 8.4799357205e-01
6.3646000000e+03 8.4895857921e-01
6.3652000000e+03 8.4766847678e-01
6.3658000000e+03 8.4498020752e-01
6.3664000000e+03 8.5096057538e-01
6.3671000000e+03 8.5011244443e-01
6.3677000000e+03 8.4898471062e-01
6.3683000000e+03 8.5180792423e-01
6.3689000000e+03 8.4911063660e-01
6.3695000000e+03 8.5242095183e-01
6.3701000000e+03 8.5007546164e-01
6.3708000000e+03 8.5241153988e-01
6.3714000000e+03 8.5395385046e-01
6.3720000000e+03 8.5200525979e-01
6.3726000000e+03 8.5195997710e-01
6.3732000000e+03 8.5349326639e-01
6.3738000000e+03 8.5468377948e-01
6.3745000000e+03 8.5115658893e-01
6.3751000000e+03 8.5097600039e-01
6.3757000000e+03 8.5277088023e-01
6.3763000000e+03 8.5031715028e-01
6.3769000000e+03 8.5372668099e-01
6.3775000000e+03 8.5359119404e-01
6.3782000000e+03 8.5430359415e-01
6.3788000000e+03 8.5394259731e-01
6.3794000000e+03 8.5223756229e-01
6.3800000000e+03 8.5619733262e-01
6.3806000000e+03 8.5432091049e-01
6.3812000000e+03 8.5320220155e-01
6.3819000000e+03 8.5189403492e-01
6.3825000000e+03 8.5387833827e-01
6.3831000000e+03 8.5462684876e-01
6.3837000000e+03 8.5443723965e-01
6.3843000000e+03 8.5587129826e-01
6.3849000000e+03 8.5638527814e-01
6.3855000000e+03 8.5192001245e-01
6.3862000000e+03 8.5464395341e-01
6.3868000000e+03 8.5333581889e-01
6.3874000000e+03 8.5392196177e-01
6.3880000000e+03 8.5592430156e-01
6.3886000000e+03 8.5550918344e-01
6.3892000000e+03 8.5351550247e-01
6.3898000000e+03 8.5614024579e-01
6.3907000000e+03 8.5680747985e-01
6.3914000000e+03 8.5724926524e-01
6.3920000000e+03 8.5398371634e-01
6.3926000000e+03 8.5205318053e-01
6.3933000000e+03 8.5417275137e-01
6.3939000000e+03 8.5818662391e-01
6.3945000000e+03 8.5761816035e-01
6.3952000000e+03 8.5200729608e-01
6.3958000000e+03 8.5624667487e-01
6.3964000000e+03 8.5677869324e-01
6.3971000000e+03 8.5600273252e-01
6.3977000000e+03 8.5587626639e-01
6.3983000000e+03 8.5359394115e-01
6.3990000000e+03 8.5683202813e-01
6.3996000000e+03 8.5747228971e-01
6.4002000000e+03 8.5585746972e-01
6.4009000000e+03 8.5725540809e-01
6.4015000000e+03 8.5244739527e-01
6.4021000000e+03 8.5665068324e-01
6.4028000000e+03 8.5816588460e-01
6.4034000000e+03 8.5314138724e-01
6.4040000000e+03 8.5250076415e-01
6.4047000000e+03 8.5582002768e-01
6.4053000000e+03 8.5106614346e-01
6.4059000000e+03 8.5538669008e-01
6.4065000000e+03 8.5356440711e-01
6.4072000000e+03 8.5276138905e-01
6.4078000000e+03 8.5638736923e-01
6.4084000000e+03 8.5279710868e-01
6.4091000000e+03 8.5346439971e-01
6.4097000000e+03 8.5174134246e-01
6.4103000000e+03 8.5409545835e-01
6.4110000000e+03 8.5422153118e-01
6.4116000000e+03 8.5449195875e-01
6.4122000000e+03 8.5621465239e-01
6.4129000000e+03 8.5717961108e-01
6.4135000000e+03 8.5563696101e-01
6.4141000000e+03 8.5467160957e-01
6.4147000000e+03 8.5605153105e-01
6.4154000000e+03 8.5292128331e-01
6.4160000000e+03 8.5279481865e-01
6.4166000000e+03 8.5436416533e-01
6.4173000000e+03 8.5310111613e-01
6.4179000000e+03 8.5446299585e-01
6.4185000000e+03 8.5254149787e-01
6.4191000000e+03 8.5421006614e-01
6.4198000000e+03 8.5476009089e-01
6.4204000000e+03 8.5457950447e-01
6.4210000000e+03 8.5341570991e-01
6.4217000000e+03 8.5453401065e-01
6.4223000000e+03 8.5593196897e-01
6.4229000000e+03 8.5567922043e-01
6.4235000000e+03 8.5443424441e-01
6.4242000000e+03 8.5872767143e-01
6.4248000000e+03 8.5262980259e-01
6.4254000000e+03 8.5572356581e-01
6.4261000000e+03 8.5226860124e-01
6.4267000000e+03 8.5527216071e-01
6.4273000000e+03 8.5171800532e-01
6.4279000000e+03 8.5745469539e-01
6.4286000000e+03 8.5612091622e-01
6.4292000000e+03 8.5424585866e-01
6.4298000000e+03 8.5611413063e-01
6.4304000000e+03 8.5440146574e-01
6.4311000000e+03 8.5478913562e-01
6.4317000000e+03 8.5478124482e-01
6.4323000000e+03 8.5682983220e-01
6.4330000000e+03 8.5397944775e-01
6.4336000000e+03 8.5269080077e-01
6.4342000000e+03 8.5721967592e-01
6.4348000000e+03 8.5582279099e-01
6.4355000000e+03 8.5451480902e-01
6.4361000000e+03 8.5712246322e-01
6.4367000000e+03 8.5451706947e-01
6.4373000000e+03 8.5731407311e-01
6.4380000000e+03 8.5713348095e-01
6.4386000000e+03 8.5448306897e-01
6.4392000000e+03 8.5603541235e-01
6.4398000000e+03 8.5810178715e-01
6.4405000000e+03 8.6034717010e-01
6.4411000000e+03 8.5642523259e-01
6.4417000000e+03 8.5761676424e-01
6.4423000000e+03 8.5572403108e-01
6.4430000000e+03 8.5514666965e-01
6.4436000000e+03 8.5604058140e-01
6.4442000000e+03 8.5805270723e-01
6.4448000000e+03 8.5529432323e-01
6.4455000000e+03 8.5534823458e-01
6.4461000000e+03 8.5868591324e-01
6.4467000000e+03 8.5574725072e-01
6.4473000000e+03 8.5677636853e-01
6.4480000000e+03 8.5610886414e-01
6.4486000000e+03 8.5940131987e-01
6.4492000000e+03 8.5706692202e-01
6.4498000000e+03 8.5954775867e-01
6.4505000000e+03 8.5558900224e-01
6.4511000000e+03 8.5872804594e-01
6.4517000000e+03 8.6060465867e-01
6.4523000000e+03 8.5594400897e-01
6.4530000000e+03 8.6165141885e-01
6.4536000000e+03 8.5461946419e-01
6.4542000000e+03 8.5822722963e-01
6.4548000000e+03 8.5839061813e-01
6.4555000000e+03 8.5912973303e-01
6.4561000000e+03 8.6074474008e-01
6.4567000000e+03 8.5888845896e-01
6.4573000000e+03 8.6044934108e-01
6.4579000000e+03 8.6072089357e-01
6.4586000000e+03 8.6241564231e-01
6.4592000000e+03 8.5831445544e-01
6.4598000000e+03 8.5957775998e-01
6.4604000000e+03 8.5884856213e-01
6.4611000000e+03 8.5864096413e-01
6.4617000000e+03 8.6108526676e-01
6.4623000000e+03 8.5997742579e-01
6.4629000000e+03 8.6296259431e-01
6.4635000000e+03 8.6235059830e-01
6.4642000000e+03 8.6052023301e-01
6.4648000000e+03 8.6135970757e-01
6.4654000000e+03 8.5949465216e-01
6.4660000000e+03 8.6042427003e-01
6.4667000000e+03 8.6280393828e-01
6.4673000000e+03 8.6075862792e-01
6.4679000000e+03 8.5979511930e-01
6.4685000000e+03 8.6122951660e-01
6.4691000000e+03 8.6257374191e-01
6.4698000000e+03 8.6122129557e-01
6.4704000000e+03 8.6215984781e-01
6.4710000000e+03 8.6393670974e-01
6.4716000000e+03 8.6212589213e-01
6.4722000000e+03 8.6244243638e-01
6.4729000000e+03 8.6092780299e-01
6.4735000000e+03 8.6224489718e-01
6.4741000000e+03 8.6247129221e-01
6.4747000000e+03 8.6132759182e-01
6.4753000000e+03 8.6188749757e-01
6.4760000000e+03 8.6046307930e-01
6.4766000000e+03 8.5973405284e-01
6.4772000000e+03 8.6745060512e-01
6.4778000000e+03 8.6546867484e-01
6.4784000000e+03 8.6617272767e-01
6.4791000000e+03 8.6332425313e-01
6.4797000000e+03 8.6660604749e-01
6.4803000000e+03 8.6576884915e-01
6.4809000000e+03 8.6856386358e-01
6.4815000000e+03 8.6400437027e-01
6.4822000000e+03 8.6252598705e-01
6.4828000000e+03 8.6403214266e-01
6.4834000000e+03 8.6489837924e-01
6.4840000000e+03 8.6466507871e-01
6.4846000000e+03 8.6583771419e-01
6.4852000000e+03 8.6463108057e-01
6.4859000000e+03 8.6830775398e-01
6.4865000000e+03 8.6698396381e-01
6.4871000000e+03 8.6642622107e-01
6.4877000000e+03 8.6594959607e-01
6.4883000000e+03 8.6442760278e-01
6.4890000000e+03 8.6356216838e-01
6.4896000000e+03 8.6661816573e-01
6.4902000000e+03 8.6943079310e-01
6.4908000000e+03 8.6716988070e-01
6.4914000000e+03 8.6593631410e-01
6.4920000000e+03 8.6790180183e-01
6.4927000000e+03 8.6783838034e-01
6.4933000000e+03 8.6711848024e-01
6.4939000000e+03 8.6723662497e-01
6.4945000000e+03 8.6515608092e-01
6.4951000000e+03 8.6909487424e-01
6.4957000000e+03 8.6750093672e-01
6.4964000000e+03 8.6599580268e-01
6.4970000000e+03 8.6369008299e-01
6.4976000000e+03 8.6747555776e-01
6.4982000000e+03 8.6663857766e-01
6.4988000000e+03 8.6813530995e-01
6.4994000000e+03 8.6652345053e-01
6.5000000000e+03 8.6779489976e-01
6.5007000000e+03 8.6871359125e-01
6.5013000000e+03 8.6426360222e-01
6.5019000000e+03 8.6470611620e-01
6.5025000000e+03 8.6915802737e-01
6.5031000000e+03 8.7087087182e-01
6.5037000000e+03 8.6757427261e-01
6.5044000000e+03 8.6931278999e-01
6.5050000000e+03 8.6942188196e-01
6.5056000000e+03 8.7052201346e-01
6.5062000000e+03 8.6835171711e-01
6.5068000000e+03 8.6974914488e-01
6.5074000000e+03 8.6581308832e-01
6.5080000000e+03 8.6872404843e-01
6.5087000000e+03 8.6627323354e-01
6.5093000000e+03 8.6728324097e-01
6.5099000000e+03 8.6509507954e-01
6.5105000000e+03 8.7005993774e-01
6.5111000000e+03 8.6766459055e-01
6.5117000000e+03 8.6854842646e-01
6.5123000000e+03 8.7017995474e-01
6.5129000000e+03 8.6608207400e-01
6.5136000000e+03 8.6717175660e-01
6.5142000000e+03 8.6936176254e-01
6.5148000000e+03 8.6842588472e-01
6.5154000000e+03 8.6791340524e-01
6.5160000000e+03 8.6677938121e-01
6.5166000000e+03 8.6957284147e-01
6.5172000000e+03 8.7222212418e-01
6.5179000000e+03 8.6738455887e-01
6.5185000000e+03 8.6661088998e-01
6.5191000000e+03 8.6726944315e-01
6.5197000000e+03 8.6856751747e-01
6.5203000000e+03 8.6965839675e-01
6.5209000000e+03 8.6742554462e-01
6.5215000000e+03 8.6568813313e-01
6.5221000000e+03 8.6971456353e-01
6.5227000000e+03 8.6706862218e-01
6.5234000000e+03 8.6525777770e-01
6.5240000000e+03 8.6603454879e-01
6.5246000000e+03 8.6784703687e-01
6.5252000000e+03 8.6907404719e-01
6.5258000000e+03 8.6954449485e-01
6.5264000000e+03 8.6629544973e-01
6.5270000000e+03 8.7098065739e-01
6.5276000000e+03 8.6618272950e-01
6.5282000000e+03 8.6786893565e-01
6.5289000000e+03 8.6548203165e-01
6.5295000000e+03 8.6787058366e-01
6.5301000000e+03 8.6826894772e-01
6.5307000000e+03 8.7088248063e-01
6.5313000000e+03 8.6817417020e-01
6.5319000000e+03 8.6628536624e-01
6.5325000000e+03 8.6647662849e-01
6.5331000000e+03 8.7048564469e-01
6.5337000000e+03 8.6805666092e-01
6.5343000000e+03 8.6470937521e-01
6.5350000000e+03 8.6698685734e-01
6.5356000000e+03 8.6457608326e-01
6.5362000000e+03 8.6874681201e-01
6.5368000000e+03 8.6701132820e-01
6.5374000000e+03 8.6921921024e-01
6.5380000000e+03 8.6976149108e-01
6.5386000000e+03 8.7042978854e-01
6.5392000000e+03 8.6990073101e-01
6.5398000000e+03 8.6379925845e-01
6.5404000000e+03 8.6716827204e-01
6.5410000000e+03 8.6942091545e-01
6.5416000000e+03 8.6997213144e-01
6.5423000000e+03 8.6601985821e-01
6.5429000000e+03 8.6855143577e-01
6.5435000000e+03 8.6773443612e-01
6.5441000000e+03 8.6929376582e-01
6.5447000000e+03 8.6968291156e-01
6.5453000000e+03 8.6998203440e-01
6.5459000000e+03 8.6891304803e-01
6.5465000000e+03 8.6358687404e-01
6.5471000000e+03 8.6920527549e-01
6.5477000000e+03 8.6842436500e-01
6.5483000000e+03 8.6942547937e-01
6.5489000000e+03 8.7066055185e-01
6.5495000000e+03 8.6853870725e-01
6.5501000000e+03 8.7086268794e-01
6.5507000000e+03 8.6802996936e-01
6.5514000000e+03 8.6780446485e-01
6.5520000000e+03 8.6741063385e-01
6.5526000000e+03 8.6643189438e-01
6.5532000000e+03 8.6854872226e-01
6.5538000000e+03 8.6936969168e-01
6.5544000000e+03 8.7024462034e-01
6.5550000000e+03 8.6795216900e-01
6.5556000000e+03 8.6325733991e-01
6.5562000000e+03 8.6882019319e-01
6.5568000000e+03 8.6690579337e-01
6.5574000000e+03 8.6877040781e-01
6.5580000000e+03 8.6921337640e-01
6.5586000000e+03 8.6712812671e-01
6.5592000000e+03 8.6962242255e-01
6.5598000000e+03 8.6609774786e-01
6.5604000000e+03 8.6798919359e-01
6.5610000000e+03 8.6726258807e-01
6.5616000000e+03 8.6715675568e-01
6.5622000000e+03 8.6714088830e-01
6.5628000000e+03 8.6984181473e-01
6.5634000000e+03 8.6869242162e-01
6.5641000000e+03 8.6773832833e-01
6.5647000000e+03 8.6695783289e-01
6.5653000000e+03 8.6615037948e-01
6.5659000000e+03 8.6584668374e-01
6.5665000000e+03 8.6767481138e-01
6.5671000000e+03 8.6651658921e-01
6.5677000000e+03 8.6843458313e-01
6.5683000000e+03 8.6416429231e-01
6.5689000000e+03 8.6840279568e-01
6.5695000000e+03 8.6730449118e-01
6.5701000000e+03 8.7032748913e-01
6.5707000000e+03 8.6970783573e-01
6.5713000000e+03 8.6978972402e-01
6.5719000000e+03 8.6787496579e-01
6.5725000000e+03 8.7114967267e-01
6.5731000000e+03 8.6930688683e-01
6.5737000000e+03 8.7072882845e-01
6.5743000000e+03 8.6936273916e-01
6.5749000000e+03 8.6832943375e-01
6.5755000000e+03 8.6658566903e-01
6.5761000000e+03 8.7102933573e-01
6.5767000000e+03 8.6940248998e-01
6.5773000000e+03 8.6783862624e-01
6.5779000000e+03 8.6636472194e-01
6.5785000000e+03 8.6849702970e-01
6.5791000000e+03 8.6748178402e-01
6.5797000000e+03 8.7065720801e-01
6.5803000000e+03 8.6854484776e-01
6.5809000000e+03 8.6762854851e-01
6.5815000000e+03 8.7013843278e-01
6.5821000000e+03 8.6781031604e-01
6.5827000000e+03 8.7117442957e-01
6.5833000000e+03 8.6705687562e-01
6.5839000000e+03 8.6948574156e-01
6.5845000000e+03 8.6957660409e-01
6.5851000000e+03 8.6756332183e-01
6.5857000000e+03 8.6886811758e-01
6.5863000000e+03 8.6834753384e-01
6.5869000000e+03 8.6957137153e-01
6.5875000000e+03 8.7011181487e-01
6.5881000000e+03 8.6892585170e-01
6.5887000000e+03 8.7042838809e-01
6.5893000000e+03 8.6892774182e-01
6.5899000000e+03 8.6911750598e-01
6.5905000000e+03 8.7008951085e-01
6.5911000000e+03 8.7061193600e-01
6.5917000000e+03 8.7022624537e-01
6.5923000000e+03 8.6820418795e-01
6.5929000000e+03 8.6678456360e-01
6.5935000000e+03 8.6791838048e-01
6.5941000000e+03 8.6850373651e-01
6.5947000000e+03 8.6843275813e-01
6.5953000000e+03 8.6442387689e-01
6.5959000000e+03 8.6668149370e-01
6.5965000000e+03 8.6814790613e-01
6.5971000000e+03 8.7035150394e-01
6.5977000000e+03 8.7183583555e-01
6.5982000000e+03 8.6683052997e-01
6.5988000000e+03 8.6911499320e-01
6.5994000000e+03 8.6711114605e-01
6.6000000000e+03 8.6804706463e-01
6.6006000000e+03 8.7089781719e-01
6.6012000000e+03 8.6661059202e-01
6.6018000000e+03 8.6846344293e-01
6.6024000000e+03 8.6793399862e-01
6.6030000000e+03 8.7194430182e-01
6.6036000000e+03 8.6717179238e-01
6.6042000000e+03 8.6798179690e-01
6.6048000000e+03 8.6971768726e-01
6.6054000000e+03 8.6924219059e-01
6.6060000000e+03 8.6765204630e-01
6.6066000000e+03 8.6908226231e-01
6.6072000000e+03 8.6730337972e-01
6.6078000000e+03 8.6663016633e-01
6.6084000000e+03 8.6773675371e-01
6.6090000000e+03 8.6805231069e-01
6.6096000000e+03 8.6989593454e-01
6.6102000000e+03 8.6363182428e-01
6.6107000000e+03 8.6782279230e-01
6.6113000000e+03 8.6960345047e-01
6.6119000000e+03 8.6590118518e-01
6.6125000000e+03 8.6715152043e-01
6.6131000000e+03 8.6774569536e-01
6.6137000000e+03 8.6888813293e-01
6.6143000000e+03 8.6563541144e-01
6.6149000000e+03 8.6726319523e-01
6.6155000000e+03 8.6563734874e-01
6.6161000000e+03 8.6736309541e-01
6.6167000000e+03 8.6771046856e-01
6.6173000000e+03 8.6894756799e-01
6.6179000000e+03 8.6658078045e-01
6.6185000000e+03 8.6785379259e-01
6.6190000000e+03 8.6737786300e-01
6.6196000000e+03 8.6697032592e-01
6.6202000000e+03 8.6481048739e-01
6.6208000000e+03 8.6854559456e-01
6.6214000000e+03 8.6482228810e-01
6.6220000000e+03 8.6492702809e-01
6.6226000000e+03 8.6610102249e-01
6.6232000000e+03 8.6581936215e-01
6.6238000000e+03 8.6605884131e-01
6.6244000000e+03 8.6486973633e-01
6.6250000000e+03 8.6459710799e-01
6.6256000000e+03 8.6735219712e-01
6.6261000000e+03 8.6812519545e-01
6.6267000000e+03 8.6797827814e-01
6.6273000000e+03 8.6969997003e-01
6.6279000000e+03 8.6744190877e-01
6.6285000000e+03 8.6881318179e-01
6.6291000000e+03 8.6687863850e-01
6.6297000000e+03 8.6645329771e-01
6.6303000000e+03 8.6653100079e-01
6.6309000000e+03 8.6700392270e-01
6.6314000000e+03 8.6627673126e-01
6.6320000000e+03 8.6552809054e-01
6.6326000000e+03 8.6519264511e-01
6.6332000000e+03 8.6611462737e-01
6.6338000000e+03 8.6342608182e-01
6.6344000000e+03 8.6750940009e-01
6.6350000000e+03 8.6641954268e-01
6.6356000000e+03 8.6491662782e-01
6.6362000000e+03 8.6626955967e-01
6.6367000000e+03 8.6503963857e-01
6.6373000000e+03 8.6604228426e-01
6.6379000000e+03 8.6410848447e-01
6.6385000000e+03 8.6485069399e-01
6.6391000000e+03 8.6270151065e-01
6.6397000000e+03 8.6531137872e-01
6.6403000000e+03 8.6465278886e-01
6.6409000000e+03 8.6682252340e-01
6.6414000000e+03 8.6564669026e-01
6.6420000000e+03 8.6501506971e-01
6.6426000000e+03 8.6362034134e-01
6.6432000000e+03 8.6158825115e-01
6.6438000000e+03 8.6550844188e-01
6.6444000000e+03 8.6609781299e-01
6.6450000000e+03 8.6736942260e-01
6.6456000000e+03 8.6427814961e-01
6.6461000000e+03 8.6610981814e-01
6.6467000000e+03 8.6218388887e-01
6.6473000000e+03 8.6343751837e-01
6.6479000000e+03 8.6771605040e-01
6.6485000000e+03 8.6347620816e-01
6.6491000000e+03 8.6458609992e-01
6.6497000000e+03 8.6403546906e-01
6.6502000000e+03 8.6303063126e-01
6.6508000000e+03 8.6552261951e-01
6.6514000000e+03 8.6478352847e-01
6.6520000000e+03 8.6114565690e-01
6.6526000000e+03 8.6116953414e-01
6.6532000000e+03 8.6334722284e-01
6.6537000000e+03 8.6344634398e-01
6.6543000000e+03 8.6561490412e-01
6.6549000000e+03 8.6319784607e-01
6.6555000000e+03 8.6375109522e-01
6.6561000000e+03 8.6729238061e-01
6.6567000000e+03 8.6181568040e-01
6.6572000000e+03 8.6638325045e-01
6.6578000000e+03 8.6154386613e-01
6.6584000000e+03 8.6364929804e-01
6.6590000000e+03 8.6365515288e-01
6.6596000000e+03 8.6492604284e-01
6.6602000000e+03 8.6281454990e-01
6.6607000000e+03 8.6397227933e-01
6.6613000000e+03 8.6206724138e-01
6.6619000000e+03 8.6422618135e-01
6.6625000000e+03 8.6304786547e-01
6.6631000000e+03 8.6425561483e-01
6.6637000000e+03 8.6148438138e-01
6.6642000000e+03 8.6231468660e-01
6.6648000000e+03 8.6139145054e-01
6.6654000000e+03 8.6001979086e-01
6.6660000000e+03 8.6404772658e-01
6.6666000000e+03 8.6013783414e-01
6.6671000000e+03 8.6715651060e-01
6.6677000000e+03 8.6353373139e-01
6.6683000000e+03 8.6226981954e-01
6.6689000000e+03 8.6129295816e-01
6.6695000000e+03 8.6067486261e-01
6.6700000000e+03 8.6423104231e-01
6.6706000000e+03 8.6361288887e-01
6.6712000000e+03 8.6639323595e-01
6.6718000000e+03 8.6328232194e-01
6.6724000000e+03 8.6348018950e-01
6.6729000000e+03 8.6411280292e-01
6.6735000000e+03 8.6524308251e-01
6.6741000000e+03 8.6140634656e-01
6.6747000000e+03 8.6285042314e-01
6.6753000000e+03 8.6283310559e-01
6.6758000000e+03 8.6374354561e-01
6.6764000000e+03 8.6222015314e-01
6.6770000000e+03 8.6365506590e-01
6.6776000000e+03 8.6418452443e-01
6.6782000000e+03 8.5930881465e-01
6.6787000000e+03 8.6040743739e-01
6.6793000000e+03 8.6335701891e-01
6.6799000000e+03 8.6390434448e-01
6.6805000000e+03 8.6446956048e-01
6.6810000000e+03 8.6151688490e-01
6.6816000000e+03 8.6647361284e-01
6.6822000000e+03 8.6186767043e-01
6.6828000000e+03 8.6193102421e-01
6.6834000000e+03 8.6366118771e-01
6.6839000000e+03 8.5965154599e-01
6.6845000000e+03 8.6288710575e-01
6.6851000000e+03 8.6018159005e-01
6.6857000000e+03 8.6320188545e-01
6.6862000000e+03 8.6231979274e-01
6.6868000000e+03 8.6338660953e-01
6.6874000000e+03 8.6275104492e-01
6.6880000000e+03 8.6196320972e-01
6.6885000000e+03 8.6204882389e-01
6.6891000000e+03 8.6222859917e-01
6.6897000000e+03 8.6074208003e-01
6.6903000000e+03 8.6604598941e-01
6.6908000000e+03 8.6168831478e-01
6.6914000000e+03 8.6604237648e-01
6.6920000000e+03 8.6127747910e-01
6.6926000000e+03 8.6059734685e-01
6.6931000000e+03 8.6724841504e-01
6.6937000000e+03 8.6232266760e-01
6.6943000000e+03 8.6151716795e-01
6.6949000000e+03 8.6028182120e-01
6.6954000000e+03 8.6024204999e-01
6.6960000000e+03 8.6447870256e-01
6.6966000000e+03 8.6283142094e-01
6.6972000000e+03 8.6523193932e-01
6.6977000000e+03 8.6233544041e-01
6.6983000000e+03 8.6100177258e-01
6.6989000000e+03 8.6402893701e-01
6.6995000000e+03 8.6231922581e-01
6.7000000000e+03 8.6177798816e-01
6.7006000000e+03 8.6364090214e-01
6.7012000000e+03 8.6383839257e-01
6.7018000000e+03 8.6520871201e-01
6.7023000000e+03 8.6080881528e-01
6.7029000000e+03 8.6262677238e-01
6.7035000000e+03 8.6095324977e-01
6.7040000000e+03 8.6431521825e-01
6.7046000000e+03 8.6264173477e-01
6.7052000000e+03 8.6464739769e-01
6.7058000000e+03 8.6481794538e-01
6.7063000000e+03 8.6301471966e-01
6.7069000000e+03 8.6549457911e-01
6.7075000000e+03 8.6135993779e-01
6.7080000000e+03 8.6038931838e-01
6.7086000000e+03 8.6351343199e-01
6.7092000000e+03 8.6443574454e-01
6.7098000000e+03 8.6368446959e-01
6.7103000000e+03 8.6273088274e-01
6.7109000000e+03 8.6457224510e-01
6.7115000000e+03 8.6172445815e-01
6.7120000000e+03 8.6262203899e-01
6.7126000000e+03 8.6068718183e-01
6.7132000000e+03 8.6098042192e-01
6.7137000000e+03 8.6306794026e-01
6.7143000000e+03 8.6167007362e-01
6.7149000000e+03 8.6445046266e-01
6.7155000000e+03 8.6459144054e-01
6.7160000000e+03 8.5955735452e-01
6.7166000000e+03 8.6436827914e-01
6.7172000000e+03 8.6052841913e-01
6.7177000000e+03 8.6373364949e-01
6.7183000000e+03 8.6355259607e-01
6.7189000000e+03 8.5863974507e-01
6.7194000000e+03 8.6284651031e-01
6.7200000000e+03 8.6182473738e-01
6.7206000000e+03 8.6243083285e-01
6.7211000000e+03 8.6153916960e-01
6.7217000000e+03 8.6142976058e-01
6.7223000000e+03 8.6099840481e-01
6.7228000000e+03 8.6120683423e-01
6.7234000000e+03 8.6098118793e-01
6.7240000000e+03 8.6216843262e-01
6.7245000000e+03 8.6079406837e-01
6.7251000000e+03 8.6142685644e-01
6.7257000000e+03 8.5792866684e-01
6.7262000000e+03 8.6045289475e-01
6.7268000000e+03 8.6237311294e-01
6.7274000000e+03 8.5933118757e-01
6.7279000000e+03 8.5978991920e-01
6.7285000000e+03 8.6141495104e-01
6.7291000000e+03 8.6399642108e-01
6.7296000000e+03 8.6125464632e-01
6.7302000000e+03 8.6312976542e-01
6.7308000000e+03 8.6111635158e-01
6.7313000000e+03 8.5756150000e-01
6.7319000000e+03 8.5971364687e-01
6.7325000000e+03 8.5927362388e-01
6.7330000000e+03 8.6216328357e-01
6.7336000000e+03 8.5839846625e-01
6.7342000000e+03 8.5963871009e-01
6.7347000000e+03 8.5945378264e-01
6.7353000000e+03 8.5851337810e-01
6.7358000000e+03 8.5753315449e-01
6.7364000000e+03 8.5714690457e-01
6.7370000000e+03 8.5661770650e-01
6.7375000000e+03 8.6046280005e-01
6.7381000000e+03 8.5720828066e-01
6.7387000000e+03 8.5948468701e-01
6.7392000000e+03 8.5794173011e-01
6.7398000000e+03 8.5693012388e-01
6.7404000000e+03 8.5676731929e-01
6.7409000000e+03 8.6012924182e-01
6.7415000000e+03 8.5802776485e-01
6.7420000000e+03 8.5650294966e-01
6.7426000000e+03 8.5840368573e-01
6.7432000000e+03 8.5548065680e-01
6.7437000000e+03 8.5913685010e-01
6.7443000000e+03 8.6072468742e-01
6.7448000000e+03 8.6195104038e-01
6.7454000000e+03 8.5763492238e-01
6.7460000000e+03 8.5444443095e-01
6.7465000000e+03 8.5843945059e-01
6.7471000000e+03 8.5674055319e-01
6.7477000000e+03 8.5689929262e-01
6.7482000000e+03 8.5828625281e-01
6.7488000000e+03 8.5624818234e-01
6.7493000000e+03 8.5809048223e-01
6.7499000000e+03 8.5502567024e-01
6.7505000000e+03 8.5757740686e-01
6.7510000000e+03 8.5647300019e-01
6.7516000000e+03 8.5633706232e-01
6.7521000000e+03 8.5686661703e-01
6.7527000000e+03 8.5586466399e-01
6.7533000000e+03 8.5298797943e-01
6.7538000000e+03 8.5499951380e-01
6.7544000000e+03 8.5738999411e-01
6.7549000000e+03 8.5503607098e-01
6.7555000000e+03 8.5688188241e-01
6.7560000000e+03 8.5289461127e-01
6.7566000000e+03 8.5611497420e-01
6.7572000000e+03 8.5547880319e-01
6.7577000000e+03 8.5453334609e-01
6.7583000000e+03 8.5310970016e-01
6.7588000000e+03 8.5460976410e-01
6.7594000000e+03 8.5719328428e-01
6.7600000000e+03 8.5325308002e-01
6.7605000000e+03 8.5739443743e-01
6.7611000000e+03 8.5206241722e-01
6.7616000000e+03 8.5406194942e-01
6.7622000000e+03 8.5566351545e-01
6.7627000000e+03 8.5490570128e-01
6.7633000000e+03 8.5428546651e-01
6.7639000000e+03 8.5775154805e-01
6.7644000000e+03 8.5209571859e-01
6.7650000000e+03 8.5623074764e-01
6.7655000000e+03 8.4987057303e-01
6.7661000000e+03 8.5288138140e-01
6.7666000000e+03 8.5383656049e-01
6.7672000000e+03 8.5116485342e-01
6.7677000000e+03 8.5444811652e-01
6.7683000000e+03 8.5314126030e-01
6.7689000000e+03 8.5195044814e-01
6.7694000000e+03 8.5075600585e-01
6.7700000000e+03 8.5327552215e-01
6.7705000000e+03 8.5246460709e-01
6.7711000000e+03 8.5322702800e-01
6.7716000000e+03 8.5227348079e-01
6.7722000000e+03 8.5138612204e-01
6.7727000000e+03 8.5272441038e-01
6.7733000000e+03 8.5356696251e-01
6.7738000000e+03 8.5243519435e-01
6.7744000000e+03 8.5371459319e-01
6.7749000000e+03 8.5149514205e-01
6.7755000000e+03 8.5207906318e-01
6.7761000000e+03 8.5039844326e-01
6.7766000000e+03 8.5371557459e-01
6.7772000000e+03 8.4978848951e-01
6.7777000000e+03 8.4993186308e-01
6.7783000000e+03 8.4970454430e-01
6.7788000000e+03 8.5051644718e-01
6.7794000000e+03 8.5033368573e-01
6.7799000000e+03 8.4880132248e-01
6.7805000000e+03 8.5145294632e-01
6.7810000000e+03 8.4813811548e-01
6.7816000000e+03 8.5163625304e-01
6.7821000000e+03 8.5576321047e-01
6.7827000000e+03 8.4980547464e-01
6.7832000000e+03 8.5165978318e-01
6.7838000000e+03 8.4809077987e-01
6.7843000000e+03 8.5158461164e-01
6.7849000000e+03 8.4920094870e-01
6.7854000000e+03 8.4827501643e-01
6.7860000000e+03 8.4780726792e-01
6.7865000000e+03 8.5196885564e-01
6.7871000000e+03 8.4989731802e-01
6.7876000000e+03 8.5218765443e-01
6.7882000000e+03 8.4874429855e-01
6.7887000000e+03 8.4883412178e-01
6.7893000000e+03 8.4941759481e-01
6.7898000000e+03 8.4914216543e-01
6.7904000000e+03 8.4797079885e-01
6.7909000000e+03 8.5018055554e-01
6.7915000000e+03 8.5031854524e-01
6.7920000000e+03 8.5096941144e-01
6.7926000000e+03 8.4979812712e-01
6.7931000000e+03 8.4899727346e-01
6.7937000000e+03 8.4842282069e-01
6.7942000000e+03 8.4872633714e-01
6.7948000000e+03 8.4842798806e-01
6.7953000000e+03 8.4599768719e-01
6.7959000000e+03 8.4590425866e-01
6.7964000000e+03 8.4960923311e-01
6.7969000000e+03 8.5092770939e-01
6.7975000000e+03 8.4763768742e-01
6.7980000000e+03 8.4735352136e-01
6.7986000000e+03 8.4814145145e-01
6.7991000000e+03 8.5019871960e-01
6.7997000000e+03 8.4824452901e-01
6.8002000000e+03 8.4838768082e-01
6.8008000000e+03 8.4793809925e-01
6.8013000000e+03 8.4899811113e-01
6.8019000000e+03 8.4730235635e-01
6.8024000000e+03 8.4870055040e-01
6.8030000000e+03 8.5205159273e-01
6.8035000000e+03 8.4779779551e-01
6.8040000000e+03 8.4759381098e-01
6.8046000000e+03 8.5116282436e-01
6.8051000000e+03 8.4764384528e-01
6.8057000000e+03 8.4834613189e-01
6.8062000000e+03 8.4676744810e-01
6.8068000000e+03 8.5001463873e-01
6.8073000000e+03 8.4619371120e-01
6.8079000000e+03 8.4661121343e-01
6.8084000000e+03 8.4858286498e-01
6.8089000000e+03 8.4978033342e-01
6.8095000000e+03 8.4612296892e-01
6.8100000000e+03 8.4642189875e-01
6.8106000000e+03 8.4861848293e-01
6.8111000000e+03 8.5115009433e-01
6.8117000000e+03 8.4490472213e-01
6.8122000000e+03 8.5007805195e-01
6.8127000000e+03 8.4999430344e-01
6.8133000000e+03 8.4912179242e-01
6.8138000000e+03 8.5217762550e-01
6.8144000000e+03 8.4744529801e-01
6.8149000000e+03 8.4892684999e-01
6.8154000000e+03 8.4514370914e-01
6.8160000000e+03 8.4870891710e-01
6.8165000000e+03 8.4822507566e-01
6.8171000000e+03 8.4674821542e-01
6.8176000000e+03 8.5004335675e-01
6.8182000000e+03 8.4785524098e-01
6.8187000000e+03 8.4746929523e-01
6.8192000000e+03 8.5052398433e-01
6.8198000000e+03 8.4893172545e-01
6.8203000000e+03 8.4843021149e-01
6.8209000000e+03 8.4875826866e-01
6.8214000000e+03 8.4772345168e-01
6.8219000000e+03 8.4824423728e-01
6.8225000000e+03 8.4754120615e-01
6.8230000000e+03 8.4911074214e-01
6.8236000000e+03 8.4690570783e-01
6.8241000000e+03 8.5009263566e-01
6.8246000000e+03 8.4701397693e-01
6.8252000000e+03 8.4839059617e-01
6.8257000000e+03 8.4807588475e-01
6.8262000000e+03 8.4848096074e-01
6.8268000000e+03 8.5244306990e-01
6.8273000000e+03 8.4898284151e-01
6.8279000000e+03 8.4620983289e-01
6.8284000000e+03 8.4832963290e-01
6.8289000000e+03 8.4724204803e-01
6.8295000000e+03 8.4879588990e-01
6.8300000000e+03 8.5018689276e-01
6.8305000000e+03 8.4928590787e-01
6.8311000000e+03 8.5008442941e-01
6.8316000000e+03 8.4912133627e-01
6.8322000000e+03 8.4774365766e-01
6.8327000000e+03 8.4798865507e-01
6.8332000000e+03 8.4800271216e-01
6.8338000000e+03 8.5005336693e-01
6.8343000000e+03 8.5060019601e-01
6.8348000000e+03 8.4660014457e-01
6.8354000000e+03 8.4863285603e-01
6.8359000000e+03 8.4894879036e-01
6.8364000000e+03 8.4908710933e-01
6.8370000000e+03 8.4892632356e-01
6.8375000000e+03 8.4919781009e-01
6.8380000000e+03 8.4927394776e-01
6.8386000000e+03 8.5034722400e-01
6.8391000000e+03 8.5182600393e-01
6.8396000000e+03 8.4913225382e-01
6.8402000000e+03 8.4660129733e-01
6.8407000000e+03 8.4973999548e-01
6.8413000000e+03 8.4743999324e-01
6.8418000000e+03 8.5316135287e-01
6.8423000000e+03 8.5018403917e-01
6.8429000000e+03 8.5403492208e-01
6.8434000000e+03 8.5223819218e-01
6.8439000000e+03 8.4932336910e-01
6.8444000000e+03 8.4925744844e-01
6.8450000000e+03 8.5007285227e-01
6.8455000000e+03 8.5187926480e-01
6.8460000000e+03 8.5191086082e-01
6.8466000000e+03 8.5112890101e-01
6.8471000000e+03 8.4995382601e-01
6.8476000000e+03 8.4955073245e-01
6.8482000000e+03 8.5296542352e-01
6.8487000000e+03 8.5126697968e-01
6.8492000000e+03 8.5227442930e-01
6.8498000000e+03 8.4982486676e-01
6.8503000000e+03 8.5438943073e-01
6.8508000000e+03 8.5101468184e-01
6.8514000000e+03 8.5002782160e-01
6.8519000000e+03 8.4802612527e-01
6.8524000000e+03 8.4964325366e-01
6.8529000000e+03 8.5157066886e-01
6.8535000000e+03 8.5060910027e-01
6.8540000000e+03 8.5427447881e-01
6.8545000000e+03 8.5526147736e-01
6.8551000000e+03 8.5288105379e-01
6.8556000000e+03 8.5012609303e-01
6.8561000000e+03 8.5330321562e-01
6.8567000000e+03 8.5138421636e-01
6.8572000000e+03 8.5037625123e-01
6.8577000000e+03 8.4925310708e-01
6.8582000000e+03 8.5053255584e-01
6.8588000000e+03 8.5152168106e-01
6.8593000000e+03 8.5044294593e-01
6.8598000000e+03 8.4931996988e-01
6.8604000000e+03 8.5170950788e-01
6.8609000000e+03 8.5302403735e-01
6.8614000000e+03 8.5283172477e-01
6.8619000000e+03 8.4967037735e-01
6.8625000000e+03 8.5635777393e-01
6.8630000000e+03 8.4995303220e-01
6.8635000000e+03 8.5156865251e-01
6.8640000000e+03 8.4955097345e-01
6.8646000000e+03 8.5341948934e-01
6.8651000000e+03 8.5333352537e-01
6.8656000000e+03 8.5216660804e-01
6.8661000000e+03 8.5465894403e-01
6.8665000000e+03 8.5053948419e-01
6.8671000000e+03 8.5266191681e-01
6.8677000000e+03 8.5015981639e-01
6.8683000000e+03 8.5241494049e-01
6.8689000000e+03 8.5336771818e-01
6.8694000000e+03 8.5298945821e-01
6.8700000000e+03 8.5063834550e-01
6.8706000000e+03 8.5131650639e-01
6.8712000000e+03 8.4986904282e-01
6.8718000000e+03 8.5017521385e-01
6.8724000000e+03 8.5164144649e-01
6.8729000000e+03 8.5199832984e-01
6.8735000000e+03 8.5116206684e-01
6.8741000000e+03 8.5288483296e-01
6.8747000000e+03 8.5291630165e-01
6.8753000000e+03 8.5392167081e-01
6.8759000000e+03 8.5065965704e-01
6.8764000000e+03 8.5375202628e-01
6.8770000000e+03 8.5263260494e-01
6.8776000000e+03 8.5256668722e-01
6.8782000000e+03 8.5033209935e-01
6.8788000000e+03 8.5285972230e-01
6.8794000000e+03 8.5633415533e-01
6.8799000000e+03 8.5359293225e-01
6.8805000000e+03 8.4847352693e-01
6.8811000000e+03 8.5141671269e-01
6.8817000000e+03 8.5335079812e-01
6.8823000000e+03 8.5038239281e-01
6.8829000000e+03 8.5463465330e-01
6.8834000000e+03 8.5438940385e-01
6.8840000000e+03 8.4989066371e-01
6.8846000000e+03 8.5224019656e-01
6.8852000000e+03 8.5210351381e-01
6.8858000000e+03 8.5386000139e-01
6.8864000000e+03 8.5279440449e-01
6.8869000000e+03 8.5288541461e-01
6.8875000000e+03 8.5317329105e-01
6.8881000000e+03 8.5186904052e-01
6.8887000000e+03 8.5098060181e-01
6.8893000000e+03 8.5327614077e-01
6.8898000000e+03 8.5217318113e-01
6.8904000000e+03 8.5459227166e-01
6.8910000000e+03 8.5388071065e-01
6.8916000000e+03 8.5116194205e-01
6.8922000000e+03 8.5017649019e-01
6.8928000000e+03 8.5269247086e-01
6.8933000000e+03 8.5338462561e-01
6.8939000000e+03 8.5446799107e-01
6.8945000000e+03 8.4986673239e-01
6.8951000000e+03 8.5177229292e-01
6.8957000000e+03 8.5609094047e-01
6.8962000000e+03 8.4982613625e-01
6.8968000000e+03 8.5342853753e-01
6.8974000000e+03 8.5158599529e-01
6.8980000000e+03 8.5289887100e-01
6.8986000000e+03 8.5271401654e-01
6.8991000000e+03 8.5386984620e-01
6.8997000000e+03 8.5194285190e-01
6.9003000000e+03 8.5242841298e-01
6.9009000000e+03 8.5652784822e-01
6.9014000000e+03 8.5414017745e-01
6.9020000000e+03 8.5220470280e-01
6.9026000000e+03 8.5216888729e-01
6.9032000000e+03 8.5770747596e-01
6.9038000000e+03 8.5077218701e-01
6.9043000000e+03 8.5357055365e-01
6.9049000000e+03 8.5190939709e-01
6.9055000000e+03 8.5387855306e-01
6.9061000000e+03 8.5132551288e-01
6.9067000000e+03 8.5118374582e-01
6.9072000000e+03 8.5422863918e-01
6.9078000000e+03 8.5451942883e-01
6.9084000000e+03 8.5400663259e-01
6.9090000000e+03 8.5593973024e-01
6.9095000000e+03 8.5146998756e-01
6.9101000000e+03 8.5321761656e-01
6.9107000000e+03 8.5370258883e-01
6.9113000000e+03 8.5484077682e-01
6.9119000000e+03 8.5374547634e-01
6.9124000000e+03 8.5345218120e-01
6.9130000000e+03 8.5406059920e-01
6.9136000000e+03 8.5217995585e-01
6.9142000000e+03 8.5270893560e-01
6.9147000000e+03 8.5358067817e-01
6.9153000000e+03 8.5349178169e-01
6.9159000000e+03 8.5091439741e-01
6.9165000000e+03 8.5324341080e-01
6.9170000000e+03 8.5199727752e-01
6.9176000000e+03 8.4806157943e-01
6.9182000000e+03 8.5445763244e-01
6.9188000000e+03 8.5256013795e-01
6.9193000000e+03 8.5351090286e-01
6.9199000000e+03 8.5236344715e-01
6.9205000000e+03 8.5612052329e-01
6.9211000000e+03 8.5488483736e-01
6.9216000000e+03 8.5491800983e-01
6.9222000000e+03 8.5310040493e-01
6.9228000000e+03 8.5279105527e-01
6.9234000000e+03 8.5780820096e-01
6.9239000000e+03 8.5168607195e-01
6.9245000000e+03 8.5277886042e-01
6.9251000000e+03 8.5378335602e-01
6.9257000000e+03 8.5306844977e-01
6.9262000000e+03 8.5531459842e-01
6.9268000000e+03 8.5212236703e-01
6.9274000000e+03 8.5169855477e-01
6.9280000000e+03 8.5172435273e-01
6.9285000000e+03 8.4967732436e-01
6.9291000000e+03 8.5179219635e-01
6.9297000000e+03 8.5156237221e-01
6.9303000000e+03 8.5163222078e-01
6.9308000000e+03 8.5216778662e-01
6.9314000000e+03 8.5360352288e-01
6.9320000000e+03 8.5387591698e-01
6.9326000000e+03 8.5210399653e-01
6.9331000000e+03 8.5236627256e-01
6.9337000000e+03 8.4943157993e-01
6.9343000000e+03 8.5351014634e-01
6.9348000000e+03 8.4992240198e-01
6.9354000000e+03 8.5385078137e-01
6.9360000000e+03 8.5521534347e-01
6.9366000000e+03 8.5296828435e-01
6.9371000000e+03 8.5122216111e-01
6.9377000000e+03 8.5162661400e-01
6.9383000000e+03 8.5285008549e-01
6.9389000000e+03 8.5203027009e-01
6.9394000000e+03 8.4794204601e-01
6.9400000000e+03 8.5387664422e-01
6.9406000000e+03 8.5252856050e-01
6.9411000000e+03 8.5176920203e-01
6.9417000000e+03 8.4949687407e-01
6.9423000000e+03 8.5164442516e-01
6.9429000000e+03 8.5308745688e-01
6.9434000000e+03 8.4871888979e-01
6.9440000000e+03 8.4916721552e-01
6.9446000000e+03 8.5091822965e-01
6.9451000000e+03 8.4733376761e-01
6.9457000000e+03 8.4943196067e-01
6.9463000000e+03 8.4987490021e-01
6.9468000000e+03 8.4980688312e-01
6.9474000000e+03 8.5106813614e-01
6.9480000000e+03 8.4994459275e-01
6.9486000000e+03 8.5004422277e-01
6.9491000000e+03 8.5104080883e-01
6.9497000000e+03 8.5406127327e-01
6.9503000000e+03 8.5004342817e-01
6.9508000000e+03 8.5100464642e-01
6.9514000000e+03 8.5174630299e-01
6.9520000000e+03 8.5099255150e-01
6.9525000000e+03 8.5115315517e-01
6.9531000000e+03 8.4793690273e-01
6.9537000000e+03 8.5044624555e-01
6.9543000000e+03 8.5037864888e-01
6.9548000000e+03 8.4928174897e-01
6.9554000000e+03 8.4752595360e-01
6.9560000000e+03 8.4577035889e-01
6.9565000000e+03 8.4919298897e-01
6.9571000000e+03 8.5224646616e-01
6.9577000000e+03 8.5299632114e-01
6.9582000000e+03 8.4955253336e-01
6.9588000000e+03 8.5082986171e-01
6.9594000000e+03 8.5214219226e-01
6.9599000000e+03 8.4837380745e-01
6.9605000000e+03 8.4805144232e-01
6.9611000000e+03 8.4904732832e-01
6.9616000000e+03 8.4935720061e-01
6.9622000000e+03 8.4949174801e-01
6.9628000000e+03 8.4755262149e-01
6.9633000000e+03 8.4700145090e-01
6.9639000000e+03 8.4946431201e-01
6.9645000000e+03 8.4902776242e-01
6.9650000000e+03 8.5251758976e-01
6.9656000000e+03 8.4938413243e-01
6.9662000000e+03 8.5008074504e-01
6.9667000000e+03 8.4745674760e-01
6.9673000000e+03 8.5091118168e-01
6.9679000000e+03 8.4920123055e-01
6.9684000000e+03 8.5081054468e-01
6.9690000000e+03 8.4565849656e-01
6.9696000000e+03 8.4938443914e-01
6.9701000000e+03 8.4626962279e-01
6.9707000000e+03 8.4625489899e-01
6.9713000000e+03 8.4934805591e-01
6.9718000000e+03 8.4790173913e-01
6.9724000000e+03 8.4828193245e-01
6.9730000000e+03 8.4869718657e-01
6.9735000000e+03 8.5208749842e-01
6.9741000000e+03 8.4464712713e-01
6.9746000000e+03 8.4892368827e-01
6.9752000000e+03 8.4846997182e-01
6.9758000000e+03 8.4714753270e-01
6.9763000000e+03 8.4662330388e-01
6.9769000000e+03 8.4706478198e-01
6.9775000000e+03 8.4320694612e-01
6.9780000000e+03 8.4638542722e-01
6.9786000000e+03 8.4672155243e-01
6.9792000000e+03 8.4650496295e-01
6.9797000000e+03 8.4608617813e-01
6.9803000000e+03 8.4958001647e-01
6.9808000000e+03 8.4765247945e-01
6.9814000000e+03 8.4760250230e-01
6.9820000000e+03 8.4650888166e-01
6.9825000000e+03 8.4762488340e-01
6.9831000000e+03 8.4734690123e-01
6.9837000000e+03 8.4684972975e-01
6.9842000000e+03 8.4563316860e-01
6.9848000000e+03 8.4659157935e-01
6.9853000000e+03 8.4437568476e-01
6.9859000000e+03 8.4554445730e-01
6.9865000000e+03 8.4521405993e-01
6.9870000000e+03 8.4788114223e-01
6.9876000000e+03 8.4663904213e-01
6.9882000000e+03 8.4687832875e-01
6.9887000000e+03 8.4654746571e-01
6.9893000000e+03 8.4806623897e-01
6.9898000000e+03 8.4748120597e-01
6.9904000000e+03 8.4588016611e-01
6.9910000000e+03 8.4636475009e-01
6.9915000000e+03 8.4751474585e-01
6.9921000000e+03 8.4674628876e-01
6.9926000000e+03 8.4674268735e-01
6.9932000000e+03 8.4661477261e-01
6.9938000000e+03 8.4501523434e-01
6.9943000000e+03 8.4671021783e-01
6.9949000000e+03 8.4288616841e-01
6.9954000000e+03 8.4688443571e-01
6.9960000000e+03 8.4486488939e-01
6.9966000000e+03 8.4601561925e-01
6.9971000000e+03 8.4289393833e-01
6.9977000000e+03 8.4739812771e-01
6.9982000000e+03 8.4351503312e-01
6.9988000000e+03 8.4340485623e-01
6.9994000000e+03 8.4597345217e-01
6.9999000000e+03 8.4735210807e-01
7.0005000000e+03 8.4450196666e-01
7.0010000000e+03 8.4598555202e-01
7.0016000000e+03 8.4297831176e-01
7.0022000000e+03 8.4310445585e-01
7.0027000000e+03 8.4264512723e-01
7.0033000000e+03 8.4527383441e-01
7.0038000000e+03 8.4697561547e-01
7.0044000000e+03 8.4271810166e-01
7.0049000000e+03 8.4432356778e-01
7.0055000000e+03 8.4530683824e-01
7.0061000000e+03 8.4702475246e-01
7.0066000000e+03 8.4137841706e-01
7.0072000000e+03 8.4485438790e-01
7.0077000000e+03 8.4115045290e-01
7.0083000000e+03 8.4170507196e-01
7.0088000000e+03 8.4124607563e-01
7.0094000000e+03 8.4288488040e-01
7.0100000000e+03 8.4510052829e-01
7.0105000000e+03 8.4078571644e-01
7.0111000000e+03 8.4301870047e-01
7.0116000000e+03 8.4530472349e-01
7.0122000000e+03 8.4064016189e-01
7.0127000000e+03 8.4363403231e-01
7.0133000000e+03 8.4355879976e-01
7.0138000000e+03 8.4187633611e-01
7.0144000000e+03 8.4176626213e-01
7.0150000000e+03 8.4056387302e-01
7.0155000000e+03 8.4220235834e-01
7.0161000000e+03 8.3781963254e-01
7.0166000000e+03 8.4249852678e-01
7.0172000000e+03 8.3907731878e-01
7.0177000000e+03 8.4238400766e-01
7.0183000000e+03 8.4174977934e-01
7.0188000000e+03 8.4135233790e-01
7.0194000000e+03 8.4270964085e-01
7.0199000000e+03 8.4119426990e-01
7.0205000000e+03 8.4206234549e-01
7.0211000000e+03 8.4210070718e-01
7.0216000000e+03 8.4055071849e-01
7.0222000000e+03 8.4106065996e-01
7.0227000000e+03 8.3953710601e-01
7.0233000000e+03 8.3968909605e-01
7.0238000000e+03 8.4070617233e-01
7.0244000000e+03 8.4305780813e-01
7.0249000000e+03 8.4092348943e-01
7.0255000000e+03 8.4262019227e-01
7.0260000000e+03 8.4320044095e-01
7.0266000000e+03 8.3797624090e-01
7.0271000000e+03 8.4264067727e-01
7.0277000000e+03 8.3934558457e-01
7.0282000000e+03 8.4065878512e-01
7.0288000000e+03 8.3976355249e-01
7.0294000000e+03 8.4273326322e-01
7.0299000000e+03 8.3921305595e-01
7.0305000000e+03 8.4219986277e-01
7.0310000000e+03 8.3901157619e-01
7.0316000000e+03 8.3942500973e-01
7.0321000000e+03 8.4009218475e-01
7.0327000000e+03 8.4163919815e-01
7.0332000000e+03 8.3806802252e-01
7.0338000000e+03 8.4009455635e-01
7.0343000000e+03 8.3935768879e-01
7.0349000000e+03 8.4147977076e-01
7.0354000000e+03 8.3711611921e-01
7.0360000000e+03 8.4217591677e-01
7.0365000000e+03 8.3939928132e-01
7.0371000000e+03 8.3955085968e-01
7.0376000000e+03 8.4103685529e-01
7.0382000000e+03 8.3650809546e-01
7.0387000000e+03 8.4089614208e-01
7.0393000000e+03 8.3675904893e-01
7.0398000000e+03 8.4159525531e-01
7.0404000000e+03 8.3908382188e-01
7.0409000000e+03 8.3860452275e-01
7.0415000000e+03 8.3906441269e-01
7.0420000000e+03 8.3897717906e-01
7.0426000000e+03 8.3997702677e-01
7.0431000000e+03 8.3840899976e-01
7.0437000000e+03 8.3999227508e-01
7.0442000000e+03 8.3846799315e-01
7.0448000000e+03 8.3793490007e-01
7.0453000000e+03 8.3879688067e-01
7.0459000000e+03 8.4131132276e-01
7.0464000000e+03 8.3812438600e-01
7.0469000000e+03 8.3997865305e-01
7.0475000000e+03 8.4098644225e-01
7.0480000000e+03 8.3946277193e-01
7.0486000000e+03 8.3841624888e-01
7.0491000000e+03 8.3629238077e-01
7.0497000000e+03 8.3620355423e-01
7.0502000000e+03 8.3968449652e-01
7.0508000000e+03 8.3667159793e-01
7.0513000000e+03 8.4042175758e-01
7.0519000000e+03 8.3810525081e-01
7.0524000000e+03 8.3692184388e-01
7.0530000000e+03 8.3922529821e-01
7.0535000000e+03 8.3641527793e-01
7.0541000000e+03 8.3984920646e-01
7.0546000000e+03 8.3690905396e-01
7.0551000000e+03 8.4075303596e-01
7.0557000000e+03 8.3744614491e-01
7.0562000000e+03 8.4022864428e-01
7.0568000000e+03 8.3889606242e-01
7.0573000000e+03 8.3992173387e-01
7.0579000000e+03 8.3649406318e-01
7.0584000000e+03 8.3752842286e-01
7.0590000000e+03 8.3843914467e-01
7.0595000000e+03 8.3845621989e-01
7.0601000000e+03 8.3974916441e-01
7.0606000000e+03 8.4056572775e-01
7.0611000000e+03 8.3937464954e-01
7.0617000000e+03 8.3792990186e-01
7.0622000000e+03 8.3980650389e-01
7.0628000000e+03 8.3976079712e-01
7.0633000000e+03 8.3901316779e-01
7.0639000000e+03 8.3731687087e-01
7.0644000000e+03 8.4019197373e-01
7.0649000000e+03 8.3716858730e-01
7.0655000000e+03 8.3436095717e-01
7.0660000000e+03 8.4239470876e-01
7.0666000000e+03 8.4015155661e-01
7.0671000000e+03 8.3737213127e-01
7.0677000000e+03 8.3933243226e-01
7.0682000000e+03 8.3778639770e-01
7.0687000000e+03 8.4024311364e-01
7.0693000000e+03 8.3791402211e-01
7.0698000000e+03 8.3872963899e-01
7.0704000000e+03 8.3792005251e-01
7.0709000000e+03 8.3794566604e-01
7.0715000000e+03 8.3622490580e-01
7.0720000000e+03 8.3686679953e-01
7.0725000000e+03 8.3645854207e-01
7.0731000000e+03 8.3991871887e-01
7.0736000000e+03 8.3558829913e-01
7.0742000000e+03 8.4264006270e-01
7.0747000000e+03 8.3797169796e-01
7.0752000000e+03 8.3811869175e-01
7.0758000000e+03 8.3844598976e-01
7.0763000000e+03 8.3705760649e-01
7.0769000000e+03 8.3516452386e-01
7.0774000000e+03 8.3894556318e-01
7.0779000000e+03 8.3816446999e-01
7.0785000000e+03 8.3797130969e-01
7.0790000000e+03 8.3667877332e-01
7.0796000000e+03 8.4025739821e-01
7.0801000000e+03 8.3763838021e-01
7.0806000000e+03 8.3612936797e-01
7.0812000000e+03 8.3727137132e-01
7.0817000000e+03 8.3448834938e-01
7.0823000000e+03 8.3732914204e-01
7.0828000000e+03 8.3645322858e-01
7.0833000000e+03 8.3723271367e-01
7.0839000000e+03 8.3794957940e-01
7.0844000000e+03 8.3424890367e-01
7.0850000000e+03 8.3607494881e-01
7.0855000000e+03 8.3779859742e-01
7.0860000000e+03 8.3839576415e-01
7.0866000000e+03 8.3434588946e-01
7.0871000000e+03 8.3386687211e-01
7.0876000000e+03 8.3684393871e-01
7.0882000000e+03 8.3669164557e-01
7.0887000000e+03 8.3444581446e-01
7.0893000000e+03 8.3793082823e-01
7.0898000000e+03 8.3242935204e-01
7.0903000000e+03 8.3272989485e-01
7.0909000000e+03 8.3047404144e-01
7.0914000000e+03 8.3078331067e-01
7.0919000000e+03 8.3304032428e-01
7.0925000000e+03 8.3158991559e-01
7.0930000000e+03 8.3047950475e-01
7.0935000000e+03 8.2813156139e-01
7.0941000000e+03 8.3210809862e-01
7.0946000000e+03 8.2910268278e-01
7.0952000000e+03 8.2891640445e-01
7.0957000000e+03 8.2963221016e-01
7.0962000000e+03 8.2906742184e-01
7.0968000000e+03 8.2768727846e-01
7.0973000000e+03 8.2561745541e-01
7.0978000000e+03 8.2816708609e-01
7.0984000000e+03 8.3050655530e-01
7.0989000000e+03 8.2723475853e-01
7.0994000000e+03 8.2540765857e-01
7.1000000000e+03 8.2558490824e-01
7.1005000000e+03 8.2768395142e-01
7.1010000000e+03 8.2266660826e-01
7.1016000000e+03 8.2653579230e-01
7.1021000000e+03 8.2126851840e-01
7.1026000000e+03 8.2210510659e-01
7.1032000000e+03 8.2392485664e-01
7.1037000000e+03 8.2336089037e-01
7.1042000000e+03 8.2160426851e-01
7.1048000000e+03 8.1845436320e-01
7.1053000000e+03 8.1834021802e-01
7.1058000000e+03 8.1525354120e-01
7.1064000000e+03 8.1969970150e-01
7.1069000000e+03 8.1715767628e-01
7.1074000000e+03 8.1439135583e-01
7.1080000000e+03 8.1362754196e-01
7.1085000000e+03 8.1331504118e-01
7.1090000000e+03 8.1389223458e-01
7.1096000000e+03 8.0902611448e-01
7.1101000000e+03 8.1150346139e-01
7.1106000000e+03 8.1083709439e-01
7.1111000000e+03 8.0937637881e-01
7.1117000000e+03 8.0806066547e-01
7.1122000000e+03 8.0821485781e-01
7.1127000000e+03 8.0851578881e-01
7.1133000000e+03 8.0503360880e-01
7.1138000000e+03 8.0564544321e-01
7.1143000000e+03 8.0363322281e-01
7.1149000000e+03 8.0295713944e-01
7.1154000000e+03 7.9959905557e-01
7.1159000000e+03 8.0095319966e-01
7.1165000000e+03 7.9711060738e-01
7.1170000000e+03 7.9882709744e-01
7.1175000000e+03 7.9693691543e-01
7.1180000000e+03 7.9584931180e-01
7.1186000000e+03 7.9580385051e-01
7.1191000000e+03 7.9473371536e-01
7.1196000000e+03 7.9255965415e-01
7.1202000000e+03 7.9211769514e-01
7.1207000000e+03 7.8732234179e-01
7.1212000000e+03 7.8974561003e-01
7.1217000000e+03 7.8678774650e-01
7.1223000000e+03 7.8517368257e-01
7.1228000000e+03 7.8163024678e-01
7.1233000000e+03 7.8347556647e-01
7.1239000000e+03 7.8420687877e-01
7.1244000000e+03 7.8010392807e-01
7.1249000000e+03 7.7885455172e-01
7.1254000000e+03 7.8076846735e-01
7.1260000000e+03 7.7869021905e-01
7.1265000000e+03 7.7538155880e-01
7.1270000000e+03 7.7632154835e-01
7.1275000000e+03 7.7484016672e-01
7.1281000000e+03 7.7389160043e-01
7.1286000000e+03 7.7242780863e-01
7.1291000000e+03 7.6955139142e-01
7.1296000000e+03 7.6944909769e-01
7.1302000000e+03 7.6920748850e-01
7.1307000000e+03 7.6714147868e-01
7.1312000000e+03 7.6376666087e-01
7.1317000000e+03 7.6203712596e-01
7.1323000000e+03 7.6406945937e-01
7.1328000000e+03 7.6106578479e-01
7.1333000000e+03 7.5982674191e-01
7.1338000000e+03 7.5825752696e-01
7.1344000000e+03 7.5259730424e-01
7.1349000000e+03 7.5504875684e-01
7.1354000000e+03 7.5449588274e-01
7.1359000000e+03 7.5096514256e-01
7.1365000000e+03 7.5037613814e-01
7.1370000000e+03 7.4855870232e-01
7.1375000000e+03 7.4734385306e-01
7.1380000000e+03 7.4472668668e-01
7.1386000000e+03 7.4600530099e-01
7.1391000000e+03 7.4412846667e-01
7.1396000000e+03 7.4214866493e-01
7.1401000000e+03 7.4243996406e-01
7.1407000000e+03 7.4017479000e-01
7.1412000000e+03 7.3728406699e-01
7.1417000000e+03 7.3693064729e-01
7.1422000000e+03 7.3539060174e-01
7.1427000000e+03 7.3435807557e-01
7.1433000000e+03 7.3623847476e-01
7.1438000000e+03 7.3036587122e-01
7.1443000000e+03 7.3219654138e-01
7.1448000000e+03 7.2899836096e-01
7.1454000000e+03 7.2562699167e-01
7.1459000000e+03 7.2462996075e-01
7.1464000000e+03 7.2539481607e-01
7.1469000000e+03 7.2497367992e-01
7.1474000000e+03 7.1982661823e-01
7.1480000000e+03 7.1834746351e-01
7.1485000000e+03 7.2029811179e-01
7.1490000000e+03 7.1632087110e-01
7.1495000000e+03 7.1602076026e-01
7.1500000000e+03 7.1420034212e-01
7.1506000000e+03 7.1496383994e-01
7.1511000000e+03 7.1243094884e-01
7.1516000000e+03 7.0953773414e-01
7.1521000000e+03 7.0870578955e-01
7.1526000000e+03 7.0786536995e-01
7.1532000000e+03 7.0500596114e-01
7.1537000000e+03 7.0494715427e-01
7.1542000000e+03 7.0270791873e-01
7.1547000000e+03 7.0086384797e-01
7.1552000000e+03 7.0187822064e-01
7.1558000000e+03 6.9971551357e-01
7.1563000000e+03 6.9764892686e-01
7.1568000000e+03 7.0019072629e-01
7.1573000000e+03 6.9719768366e-01
7.1578000000e+03 6.9327842424e-01
7.1583000000e+03 6.9412125827e-01
7.1589000000e+03 6.9036449383e-01
7.1594000000e+03 6.9089000158e-01
7.1599000000e+03 6.9295078151e-01
7.1604000000e+03 6.9070571406e-01
7.1609000000e+03 6.9014188989e-01
7.1614000000e+03 6.8861767610e-01
7.1620000000e+03 6.8885028609e-01
7.1625000000e+03 6.8489131049e-01
7.1630000000e+03 6.8194457812e-01
7.1635000000e+03 6.8110721568e-01
7.1640000000e+03 6.8192443555e-01
7.1645000000e+03 6.8114718253e-01
7.1651000000e+03 6.7920323383e-01
7.1656000000e+03 6.7687503478e-01
7.1661000000e+03 6.7793223744e-01
7.1666000000e+03 6.7682127422e-01
7.1671000000e+03 6.7259149581e-01
7.1676000000e+03 6.7592783952e-01
7.1682000000e+03 6.7304274939e-01
7.1687000000e+03 6.7015057954e-01
7.1692000000e+03 6.6871503947e-01
7.1697000000e+03 6.6804201904e-01
7.1702000000e+03 6.6634987691e-01
7.1707000000e+03 6.6510330733e-01
7.1712000000e+03 6.6559531477e-01
7.1717000000e+03 6.6615574885e-01
7.1723000000e+03 6.6404371803e-01
7.1728000000e+03 6.6358532740e-01
7.1733000000e+03 6.6307562944e-01
7.1738000000e+03 6.5795194473e-01
7.1743000000e+03 6.5603890409e-01
7.1748000000e+03 6.5657405318e-01
7.1753000000e+03 6.5460146102e-01
7.1759000000e+03 6.5070286285e-01
7.1764000000e+03 6.5330053817e-01
7.1769000000e+03 6.5146551525e-01
7.1774000000e+03 6.4921150440e-01
7.1779000000e+03 6.4799301008e-01
7.1784000000e+03 6.4525193462e-01
7.1789000000e+03 6.4624941084e-01
7.1794000000e+03 6.4379110572e-01
7.1799000000e+03 6.4394179018e-01
7.1805000000e+03 6.4115458173e-01
7.1810000000e+03 6.3735640981e-01
7.1815000000e+03 6.3790263109e-01
7.1820000000e+03 6.3658484486e-01
7.1825000000e+03 6.3371983590e-01
7.1830000000e+03 6.3237694651e-01
7.1835000000e+03 6.3221388430e-01
7.1840000000e+03 6.2882853323e-01
7.1845000000e+03 6.2397372638e-01
7.1850000000e+03 6.2847739201e-01
7.1856000000e+03 6.2273301283e-01
7.1861000000e+03 6.2035779855e-01
7.1866000000e+03 6.1800859698e-01
7.1871000000e+03 6.1670200458e-01
7.1876000000e+03 6.1380677341e-01
7.1881000000e+03 6.1145866435e-01
7.1886000000e+03 6.1004187741e-01
7.1891000000e+03 6.0728452385e-01
7.1896000000e+03 6.0528761935e-01
7.1901000000e+03 6.0182238416e-01
7.1906000000e+03 6.0114962545e-01
7.1912000000e+03 5.9770960153e-01
7.1917000000e+03 5.9404100111e-01
7.1922000000e+03 5.9212281845e-01
7.1927000000e+03 5.9047806387e-01
7.1932000000e+03 5.8658051281e-01
7.1937000000e+03 5.8353695633e-01
7.1942000000e+03 5.7756710448e-01
7.1947000000e+03 5.7492578839e-01
7.1952000000e+03 5.7204601703e-01
7.1957000000e+03 5.6832216228e-01
7.1962000000e+03 5.6624522243e-01
7.1967000000e+03 5.6229214884e-01
7.1972000000e+03 5.5911582988e-01
7.1977000000e+03 5.5483991487e-01
7.1982000000e+03 5.5032593215e-01
7.1987000000e+03 5.4707462076e-01
7.1993000000e+03 5.4279179051e-01
7.1998000000e+03 5.4250838838e-01
7.2003000000e+03 5.3658190955e-01
7.2008000000e+03 5.3084391978e-01
7.2013000000e+03 5.2561824446e-01
7.2018000000e+03 5.2309497240e-01
7.2023000000e+03 5.1728279610e-01
7.2028000000e+03 5.1166754965e-01
7.2033000000e+03 5.0994692177e-01
7.2038000000e+03 5.0389870030e-01
7.2043000000e+03 5.0028782488e-01
7.2048000000e+03 4.9286146250e-01
7.2053000000e+03 4.9019750127e-01
7.2058000000e+03 4.8617131318e-01
7.2063000000e+03 4.8049369401e-01
7.2068000000e+03 4.7546416092e-01
7.2073000000e+03 4.6936262188e-01
7.2078000000e+03 4.6420711586e-01
7.2083000000e+03 4.5976755507e-01
7.2088000000e+03 4.5541384436e-01
7.2093000000e+03 4.4862649764e-01
7.2098000000e+03 4.4392546048e-01
7.2103000000e+03 4.3805928149e-01
7.2108000000e+03 4.3247488120e-01
7.2113000000e+03 4.2582778428e-01
7.2118000000e+03 4.2141092569e-01
7.2123000000e+03 4.1577821874e-01
7.2128000000e+03 4.1123530506e-01
7.2133000000e+03 4.0477075949e-01
7.2138000000e+03 4.0061223542e-01
7.2143000000e+03 3.9417513686e-01
7.2148000000e+03 3.8813878288e-01
7.2153000000e+03 3.8486698653e-01
7.2158000000e+03 3.7651968580e-01
7.2163000000e+03 3.7086885326e-01
7.2168000000e+03 3.6498091604e-01
7.2173000000e+03 3.5925545533e-01
7.2178000000e+03 3.5464440534e-01
7.2183000000e+03 3.4955816444e-01
7.2188000000e+03 3.4214420684e-01
7.2193000000e+03 3.3734874995e-01
7.2198000000e+03 3.3084619157e-01
7.2203000000e+03 3.2793012470e-01
7.2208000000e+03 3.1969631641e-01
7.2213000000e+03 3.1522708547e-01
7.2218000000e+03 3.1170143994e-01
7.2223000000e+03 3.0527161275e-01
7.2228000000e+03 2.9845217792e-01
7.2233000000e+03 2.9577798527e-01
7.2238000000e+03 2.9071816292e-01
7.2243000000e+03 2.8531954760e-01
7.2248000000e+03 2.7868228989e-01
7.2253000000e+03 2.7342987191e-01
7.2258000000e+03 2.6857728014e-01
7.2263000000e+03 2.6532968800e-01
7.2268000000e+03 2.5990143660e-01
7.2273000000e+03 2.5365919335e-01
7.2278000000e+03 2.4970798792e-01
7.2283000000e+03 2.4463746393e-01
7.2288000000e+03 2.3994113323e-01
7.2293000000e+03 2.3553406284e-01
7.2298000000e+03 2.3138224578e-01
7.2303000000e+03 2.2653563758e-01
7.2307000000e+03 2.2126123825e-01
7.2312000000e+03 2.1730674642e-01
7.2317000000e+03 2.1276783866e-01
7.2322000000e+03 2.0772946067e-01
7.2327000000e+03 2.0434524620e-01
7.2332000000e+03 2.0018168545e-01
7.2337000000e+03 1.9728190736e-01
7.2342000000e+03 1.9267046317e-01
7.2347000000e+03 1.8952606687e-01
7.2352000000e+03 1.8533984437e-01
7.2357000000e+03 1.8109504016e-01
7.2362000000e+03 1.7724921846e-01
7.2367000000e+03 1.7448006380e-01
7.2372000000e+03 1.7016108727e-01
7.2377000000e+03 1.6622405957e-01
7.2381000000e+03 1.6283268563e-01
7.2386000000e+03 1.6103124748e-01
7.2391000000e+03 1.5635073727e-01
7.2396000000e+03 1.5360176356e-01
7.2401000000e+03 1.5043837531e-01
7.2406000000e+03 1.4760573831e-01
7.2411000000e+03 1.4373230595e-01
7.2416000000e+03 1.4172186615e-01
7.2421000000e+03 1.3837441926e-01
7.2426000000e+03 1.3485829016e-01
7.2431000000e+03 1.3113967245e-01
7.2436000000e+03 1.2936798334e-01
7.2440000000e+03 1.2611810305e-01
7.2445000000e+03 1.2401716751e-01
7.2450000000e+03 1.2124826365e-01
7.2455000000e+03 1.1809072289e-01
7.2460000000e+03 1.1703989804e-01
7.2465000000e+03 1.1335890419e-01
7.2470000000e+03 1.1150526645e-01
7.2475000000e+03 1.0936444267e-01
7.2480000000e+03 1.0676739939e-01
7.2484000000e+03 1.0364845206e-01
7.2489000000e+03 1.0196537112e-01
7.2494000000e+03 1.0037557342e-01
7.2499000000e+03 9.7653400876e-02
7.2504000000e+03 9.6284011642e-02
7.2509000000e+03 9.3799311277e-02
7.2514000000e+03 9.2058684257e-02
7.2519000000e+03 9.1163329151e-02
7.2524000000e+03 8.8265739833e-02
7.2528000000e+03 8.6958454289e-02
7.2533000000e+03 8.4881109268e-02
7.2538000000e+03 8.2846364511e-02
7.2543000000e+03 8.1715707743e-02
7.2548000000e+03 7.9757608337e-02
7.2553000000e+03 7.7994079380e-02
7.2558000000e+03 7.6484176089e-02
7.2562000000e+03 7.5811745676e-02
7.2567000000e+03 7.3196308898e-02
7.2572000000e+03 7.1383298650e-02
7.2577000000e+03 7.0110831372e-02
7.2582000000e+03 6.8720424946e-02
7.2587000000e+03 6.7634085337e-02
7.2592000000e+03 6.5864398759e-02
7.2596000000e+03 6.5058108579e-02
7.2601000000e+03 6.4039858846e-02
7.2606000000e+03 6.2414349544e-02
7.2611000000e+03 6.0620409126e-02
7.2616000000e+03 5.9450987196e-02
7.2621000000e+03 5.8188993020e-02
7.2625000000e+03 5.6995700925e-02
7.2630000000e+03 5.6408769071e-02
7.2635000000e+03 5.4818494592e-02
7.2640000000e+03 5.3591058613e-02
7.2645000000e+03 5.2540886633e-02
7.2650000000e+03 5.2047284960e-02
7.2654000000e+03 5.0610582624e-02
7.2659000000e+03 5.0083514439e-02
7.2664000000e+03 4.8680028710e-02
7.2669000000e+03 4.7917260988e-02
7.2674000000e+03 4.6800715282e-02
7.2679000000e+03 4.5574832237e-02
7.2683000000e+03 4.4729084129e-02
7.2688000000e+03 4.4025891760e-02
7.2693000000e+03 4.3457601820e-02
7.2698000000e+03 4.2771491407e-02
7.2703000000e+03 4.2102346367e-02
7.2707000000e+03 4.0760330301e-02
7.2712000000e+03 3.9931474030e-02
7.2717000000e+03 3.9380626255e-02
7.2722000000e+03 3.8981423281e-02
7.2727000000e+03 3.8060339428e-02
7.2731000000e+03 3.7140077928e-02
7.2736000000e+03 3.6345561936e-02
7.2741000000e+03 3.5323941642e-02
7.2746000000e+03 3.5118759796e-02
7.2751000000e+03 3.4770534361e-02
7.2755000000e+03 3.3682541441e-02
7.2760000000e+03 3.3351330822e-02
7.2765000000e+03 3.2313506335e-02
7.2770000000e+03 3.2133896764e-02
7.2775000000e+03 3.1651514712e-02
7.2779000000e+03 3.0513762032e-02
7.2784000000e+03 3.0578247638e-02
7.2789000000e+03 2.9608402958e-02
7.2794000000e+03 2.9429117369e-02
7.2798000000e+03 2.8661860594e-02
7.2803000000e+03 2.8390214072e-02
7.2808000000e+03 2.7731933304e-02
7.2813000000e+03 2.7216664334e-02
7.2818000000e+03 2.6424136715e-02
7.2822000000e+03 2.6153271968e-02
7.2827000000e+03 2.5613068762e-02
7.2832000000e+03 2.5593917113e-02
7.2837000000e+03 2.5112675156e-02
7.2841000000e+03 2.4631972451e-02
7.2846000000e+03 2.3898887897e-02
7.2851000000e+03 2.3611113043e-02
7.2856000000e+03 2.3306593000e-02
7.2860000000e+03 2.2893374120e-02
7.2865000000e+03 2.2337047818e-02
7.2870000000e+03 2.2410569382e-02
7.2875000000e+03 2.1720055050e-02
7.2879000000e+03 2.1139190713e-02
7.2884000000e+03 2.0969362842e-02
7.2889000000e+03 2.0363093848e-02
7.2894000000e+03 1.9874436614e-02
7.2898000000e+03 1.9839408860e-02
7.2903000000e+03 1.9728498816e-02
7.2908000000e+03 1.9265196656e-02
7.2913000000e+03 1.8667739265e-02
7.2917000000e+03 1.8632811292e-02
7.2922000000e+03 1.8178116398e-02
7.2927000000e+03 1.7866097926e-02
7.2932000000e+03 1.7679942470e-02
7.2936000000e+03 1.7066432969e-02
7.2941000000e+03 1.7391907845e-02
7.2946000000e+03 1.6484740353e-02
7.2950000000e+03 1.6483529424e-02
7.2955000000e+03 1.6658069848e-02
7.2960000000e+03 1.5499719424e-02
7.2965000000e+03 1.5540205784e-02
7.2969000000e+03 1.5296004049e-02
7.2974000000e+03 1.5085083893e-02
7.2979000000e+03 1.4865822400e-02
7.2983000000e+03 1.4646870107e-02
7.2988000000e+03 1.4528226039e-02
7.2993000000e+03 1.4183406264e-02
7.2997000000e+03 1.3939428731e-02
7.3002000000e+03 1.3703611448e-02
7.3007000000e+03 1.3585094571e-02
7.3012000000e+03 1.3265605232e-02
7.3016000000e+03 1.3021779681e-02
7.3021000000e+03 1.3012209092e-02
7.3026000000e+03 1.2784952572e-02
7.3030000000e+03 1.2909591725e-02
7.3035000000e+03 1.2707495490e-02
7.3040000000e+03 1.2162248203e-02
7.3044000000e+03 1.1918628374e-02
7.3049000000e+03 1.1457234073e-02
7.3054000000e+03 1.1364128936e-02
7.3058000000e+03 1.1321454158e-02
7.3063000000e+03 1.1161441403e-02
7.3068000000e+03 1.1377933651e-02
7.3072000000e+03 1.1075937556e-02
7.3077000000e+03 1.0731963769e-02
7.3082000000e+03 1.0488420777e-02
7.3086000000e+03 1.0496011750e-02
7.3091000000e+03 1.0394694469e-02
7.3096000000e+03 1.0167968424e-02
7.3100000000e+03 1.0108691045e-02
7.3105000000e+03 1.0007435050e-02
7.3110000000e+03 9.7055656835e-03
7.3114000000e+03 9.6964915383e-03
7.3119000000e+03 9.3529091773e-03
7.3124000000e+03 9.2601150874e-03
7.3128000000e+03 9.1675068559e-03
7.3133000000e+03 9.0246082362e-03
7.3138000000e+03 8.6394306780e-03
7.3142000000e+03 8.8058884586e-03
7.3147000000e+03 8.5628120380e-03
7.3152000000e+03 8.6372016084e-03
7.3156000000e+03 8.3108142241e-03
7.3161000000e+03 8.4937879128e-03
7.3166000000e+03 8.2007186006e-03
7.3170000000e+03 7.8660968988e-03
7.3175000000e+03 7.9405184978e-03
7.3179000000e+03 7.7312068563e-03
7.3184000000e+03 7.6971008490e-03
7.3189000000e+03 7.5127460795e-03
7.3193000000e+03 7.4370698204e-03
7.3198000000e+03 7.5114988107e-03
7.3203000000e+03 7.4273524848e-03
7.3207000000e+03 7.0179128296e-03
7.3212000000e+03 7.2091762701e-03
7.3216000000e+03 6.9082578362e-03
7.3221000000e+03 6.7741031988e-03
7.3226000000e+03 6.8485165567e-03
7.3230000000e+03 6.7729120806e-03
7.3235000000e+03 6.3385594393e-03
7.3240000000e+03 6.6464976933e-03
7.3244000000e+03 6.2290409420e-03
7.3249000000e+03 6.3618390281e-03
7.3253000000e+03 6.2779688279e-03
7.3258000000e+03 6.4440843983e-03
7.3263000000e+03 6.1933850651e-03
7.3267000000e+03 5.9261808507e-03
7.3272000000e+03 5.8922647106e-03
7.3276000000e+03 5.7001326526e-03
7.3281000000e+03 5.6329135341e-03
7.3285000000e+03 5.6741331157e-03
7.3290000000e+03 5.9235155037e-03
7.3295000000e+03 5.5064145558e-03
7.3299000000e+03 5.5559622861e-03
7.3304000000e+03 5.3222077395e-03
7.3308000000e+03 5.5466555559e-03
7.3313000000e+03 5.1797029500e-03
7.3318000000e+03 5.0542958301e-03
7.3322000000e+03 5.0872042138e-03
7.3327000000e+03 5.0201045657e-03
7.3331000000e+03 4.8698693056e-03
7.3336000000e+03 4.8777163129e-03
7.3340000000e+03 4.7358416360e-03
7.3345000000e+03 4.9267903993e-03
7.3350000000e+03 4.7765215635e-03
7.3354000000e+03 4.6929392006e-03
7.3359000000e+03 4.5843195836e-03
7.3363000000e+03 4.4342121062e-03
7.3368000000e+03 4.5336001307e-03
7.3372000000e+03 4.5415626967e-03
7.3377000000e+03 4.3165569714e-03
7.3381000000e+03 4.1582067512e-03
7.3386000000e+03 4.2076928719e-03
7.3391000000e+03 4.3236874823e-03
7.3395000000e+03 4.0739245167e-03
7.3400000000e+03 4.0652118788e-03
7.3404000000e+03 4.0150170851e-03
7.3409000000e+03 3.8982575708e-03
7.3413000000e+03 3.8480846176e-03
7.3418000000e+03 4.0887084049e-03
7.3422000000e+03 3.7975470596e-03
7.3427000000e+03 3.8387192116e-03
7.3431000000e+03 3.6971775198e-03
7.3436000000e+03 3.5722031337e-03
7.3440000000e+03 3.7463655350e-03
7.3445000000e+03 3.7958338900e-03
7.3450000000e+03 3.6293581155e-03
7.3454000000e+03 3.3633287206e-03
7.3459000000e+03 3.6453244836e-03
7.3463000000e+03 3.3046132891e-03
7.3468000000e+03 3.3790090442e-03
7.3472000000e+03 3.3123310467e-03
7.3477000000e+03 3.5610288840e-03
7.3481000000e+03 3.1872440357e-03
7.3486000000e+03 3.2367268967e-03
7.3490000000e+03 3.2447712828e-03
7.3495000000e+03 3.0701981511e-03
7.3499000000e+03 3.2607920889e-03
7.3504000000e+03 3.2106936213e-03
7.3508000000e+03 3.1938498874e-03
7.3513000000e+03 2.8285605767e-03
7.3517000000e+03 2.8946922375e-03
7.3522000000e+03 3.0602764662e-03
7.3526000000e+03 2.8195452696e-03
7.3531000000e+03 2.8275601548e-03
7.3535000000e+03 2.7941725856e-03
7.3540000000e+03 2.9348364226e-03
7.3544000000e+03 2.8434173207e-03
7.3549000000e+03 2.9011610161e-03
7.3553000000e+03 2.6522814469e-03
7.3558000000e+03 2.6685957949e-03
7.3562000000e+03 2.8092633806e-03
7.3566000000e+03 2.5935995910e-03
7.3571000000e+03 2.6679135260e-03
7.3575000000e+03 2.6594188033e-03
7.3580000000e+03 2.4272057997e-03
7.3584000000e+03 2.5761146614e-03
7.3589000000e+03 2.4516235355e-03
7.3593000000e+03 2.4348668374e-03
7.3598000000e+03 2.5422808303e-03
7.3602000000e+03 2.4592767498e-03
7.3607000000e+03 2.5169917593e-03
7.3611000000e+03 2.3512150415e-03
7.3616000000e+03 2.4254865995e-03
7.3620000000e+03 2.3673533621e-03
7.3624000000e+03 2.4168277477e-03
7.3629000000e+03 2.2345179517e-03
7.3633000000e+03 2.1598638603e-03
7.3638000000e+03 2.1431021095e-03
7.3642000000e+03 2.2091242422e-03
7.3647000000e+03 2.1923605356e-03
7.3651000000e+03 2.0929188880e-03
7.3656000000e+03 2.0761695244e-03
7.3660000000e+03 2.1256315229e-03
7.3664000000e+03 2.0014096536e-03
7.3669000000e+03 2.2079492599e-03
7.3673000000e+03 1.9431729186e-03
7.3678000000e+03 1.9760534314e-03
7.3682000000e+03 2.2156508816e-03
7.3687000000e+03 2.0583585193e-03
7.3691000000e+03 2.0829845809e-03
7.3695000000e+03 1.9009784236e-03
7.3700000000e+03 2.0578015544e-03
7.3704000000e+03 2.0245758805e-03
7.3709000000e+03 1.8921616691e-03
7.3713000000e+03 1.9250521661e-03
7.3718000000e+03 1.8505012184e-03
7.3722000000e+03 1.9246913520e-03
7.3726000000e+03 1.8584526729e-03
7.3731000000e+03 1.8995537498e-03
7.3735000000e+03 1.7920383184e-03
7.3740000000e+03 1.7835942503e-03
7.3744000000e+03 1.7999589738e-03
7.3748000000e+03 1.5934088284e-03
7.3753000000e+03 1.7666008121e-03
7.3757000000e+03 1.6921634254e-03
7.3762000000e+03 1.6424654892e-03
7.3766000000e+03 1.7083517852e-03
7.3770000000e+03 1.7412181936e-03
7.3775000000e+03 1.6255176475e-03
7.3779000000e+03 1.5346246885e-03
7.3783000000e+03 1.6664963883e-03
7.3788000000e+03 1.6168278747e-03
7.3792000000e+03 1.5507055096e-03
7.3797000000e+03 1.5752864910e-03
7.3801000000e+03 1.5916488056e-03
7.3805000000e+03 1.5915159737e-03
7.3810000000e+03 1.4841605600e-03
7.3814000000e+03 1.5252599163e-03
7.3818000000e+03 1.5004007106e-03
7.3823000000e+03 1.6486199276e-03
7.3827000000e+03 1.4341795818e-03
7.3832000000e+03 1.4917207454e-03
7.3836000000e+03 1.4751144468e-03
7.3840000000e+03 1.3513886316e-03
7.3845000000e+03 1.5489910833e-03
7.3849000000e+03 1.4252823022e-03
7.3853000000e+03 1.3757356086e-03
7.3858000000e+03 1.3755919368e-03
7.3862000000e+03 1.3095858856e-03
7.3866000000e+03 1.3094764542e-03
7.3871000000e+03 1.3587487088e-03
7.3875000000e+03 1.3174643858e-03
7.3879000000e+03 1.3996889077e-03
7.3884000000e+03 1.4077752588e-03
7.3888000000e+03 1.3006426655e-03
7.3892000000e+03 1.2429153308e-03
7.3897000000e+03 1.4238534989e-03
7.3901000000e+03 1.2426814984e-03
7.3905000000e+03 1.2754935352e-03
7.3910000000e+03 1.2671320568e-03
7.3914000000e+03 1.2752535086e-03
7.3918000000e+03 1.2586933226e-03
7.3923000000e+03 1.3161429492e-03
7.3927000000e+03 1.2502311880e-03
7.3931000000e+03 1.3323717436e-03
7.3936000000e+03 1.3486796866e-03
7.3940000000e+03 1.2416682250e-03
7.3944000000e+03 1.1922306187e-03
